Village_ID,Reference Number,Audited?,Audit Status,State,District,Block / Taluk,Gram Panchayat,Village Name,Date of Survey,Estimated Trees,Observed Trees,Harvestable %,Avg Age of Trees,Fruiting %,Plantation Type,Latitude,Longitude,GPS Entry Used,Max Capacity (kg),Sourced So Far (kg),Remaining Capacity (kg)
Karnataka_Chikkaballapura_Bagepalli_Devaragudipalli_Balareddipalli,fmrok80a,No,Approved,Karnataka,Chikkaballapura,Bagepalli,Devaragudipalli,Balareddipalli,2024-11-08,950,300,90,Between 8 to 40 years,60, Field Bund,13.7817656,77.8813612,Entry 4,2850.0,0.0,2850.0
Karnataka_Chikkaballapura_Bagepalli_Devaragudipalli_Brahmanarahalli,fm1f0tar,No,Approved,Karnataka,Chikkaballapura,Bagepalli,Devaragudipalli,Brahmanarahalli,2024-11-12,250,100,90,Between 8 to 40 years,60, Field Bund,13.8496681,77.8706166,Entry 4,750.0,0.0,750.0
Karnataka_Chikkaballapura_Bagepalli_Devaragudipalli_Byrennagaripalli,fmmxpmnm,Yes,Audit Approved,Karnataka,Chikkaballapura,Bagepalli,Devaragudipalli,Byrennagaripalli,2024-11-10,950,250,90,Between 8 to 40 years,70, Field Bund,13.7743788,77.9246789,Entry 4,2850.0,0.0,2850.0
Karnataka_Chikkaballapura_Bagepalli_Devaragudipalli_Chigaregondalapalli,fmlt6yml,No,Approved,Karnataka,Chikkaballapura,Bagepalli,Devaragudipalli,Chigaregondalapalli,2024-11-08,200,50,90,Between 8 to 40 years,70, Field Bund,13.7778431,77.8189175,Entry 4,600.0,0.0,600.0
Karnataka_Chikkaballapura_Bagepalli_Devaragudipalli_Chikkathammanahalli,fm6mooo,No,Approved,Karnataka,Chikkaballapura,Bagepalli,Devaragudipalli,Chikkathammanahalli,2024-10-25,200,50,80,Below 8 years,60, Field Bund,13.7537571,77.8445882,Entry 4,600.0,0.0,600.0
Karnataka_Chikkaballapura_Bagepalli_Devaragudipalli_Dasiahgaripalli,fm3gu34v,No,Approved,Karnataka,Chikkaballapura,Bagepalli,Devaragudipalli,Dasiahgaripalli,2024-10-25,200,50,80,Below 8 years,60, Field Bund,13.7675674,77.8197682,Entry 4,600.0,0.0,600.0
Karnataka_Chikkaballapura_Bagepalli_Devaragudipalli_Devaragudipalli,fmai6x8m,No,Approved,Karnataka,Chikkaballapura,Bagepalli,Devaragudipalli,Devaragudipalli,2024-12-18,1000,300,90,Between 8 to 40 years,60, Field Bund,13.8900109,77.8516058,Entry 4,3000.0,0.0,3000.0
Karnataka_Chikkaballapura_Bagepalli_Devaragudipalli_Dornalpalli,fmld7x3f,No,Approved,Karnataka,Chikkaballapura,Bagepalli,Devaragudipalli,Dornalpalli,2024-11-12,200,50,90,Between 8 to 40 years,60, Field Bund,13.8495426,77.8784319,Entry 4,600.0,0.0,600.0
Karnataka_Chikkaballapura_Bagepalli_Devaragudipalli_Gondipalli,fmmmhefu,No,Approved,Karnataka,Chikkaballapura,Bagepalli,Devaragudipalli,Gondipalli,2024-11-10,500,100,90,Between 8 to 40 years,60, Field Bund,13.747497,77.9392909,Entry 4,1500.0,0.0,1500.0
Karnataka_Chikkaballapura_Bagepalli_Devaragudipalli_Guttameedapalli,fma6n22a,No,Approved,Karnataka,Chikkaballapura,Bagepalli,Devaragudipalli,Guttameedapalli,2024-11-10,800,200,80,Between 8 to 40 years,60, Field Bund,13.7530987,77.8827542,Entry 4,2400.0,0.0,2400.0
Karnataka_Chikkaballapura_Bagepalli_Devaragudipalli_Ivarlapalli,fmm30uf8,No,Approved,Karnataka,Chikkaballapura,Bagepalli,Devaragudipalli,Ivarlapalli,2024-11-04,350,100,80,Below 8 years,60, Field Bund,13.8576076,77.8472774,Entry 4,1050.0,0.0,1050.0
Karnataka_Chikkaballapura_Bagepalli_Devaragudipalli_Kadirannagaripalli,fmbf9szg,No,Approved,Karnataka,Chikkaballapura,Bagepalli,Devaragudipalli,Kadirannagaripalli,2024-11-08,100,30,80,Between 8 to 40 years,50, Field Bund,13.779068,77.8219102,Entry 4,300.0,0.0,300.0
Karnataka_Chikkaballapura_Bagepalli_Devaragudipalli_Karkur,fmt46ru6,No,Approved,Karnataka,Chikkaballapura,Bagepalli,Devaragudipalli,Karkur,2024-10-31,400,100,90,Between 8 to 40 years,50, Field Bund,13.7602318,77.8039699,Entry 4,1200.0,0.0,1200.0
Karnataka_Chikkaballapura_Bagepalli_Devaragudipalli_Kothur,fmbf10rg,No,Approved,Karnataka,Chikkaballapura,Bagepalli,Devaragudipalli,Kothur,2024-11-12,650,150,90,Below 8 years,60, Field Bund,13.8530352,77.863605,Entry 4,1950.0,0.0,1950.0
Karnataka_Chikkaballapura_Bagepalli_Devaragudipalli_Makireddypalli,fmpywsmo,No,Approved,Karnataka,Chikkaballapura,Bagepalli,Devaragudipalli,Makireddypalli,2024-11-07,500,150,80,Below 8 years,60, Field Bund,13.7988427,77.8710662,Entry 4,1500.0,0.0,1500.0
Karnataka_Chikkaballapura_Bagepalli_Devaragudipalli_Malachinnepalli,fmo6gb0t,No,Approved,Karnataka,Chikkaballapura,Bagepalli,Devaragudipalli,Malachinnepalli,2024-11-07,250,50,80,Below 8 years,50, Field Bund,13.8019257,77.8203067,Entry 4,750.0,0.0,750.0
Karnataka_Chikkaballapura_Bagepalli_Devaragudipalli_Mallasandra,fmbelih5,No,Approved,Karnataka,Chikkaballapura,Bagepalli,Devaragudipalli,Mallasandra,2024-11-08,400,100,90,Between 8 to 40 years,70, Field Bund,13.7795994,77.8288949,Entry 4,1200.0,0.0,1200.0
Karnataka_Chikkaballapura_Bagepalli_Devaragudipalli_Mamidikayalapalli,fmk00bee,No,Approved,Karnataka,Chikkaballapura,Bagepalli,Devaragudipalli,Mamidikayalapalli,2024-11-04,600,200,80,Below 8 years,60, Field Bund,13.903865,77.8340664,Entry 4,1800.0,0.0,1800.0
Karnataka_Chikkaballapura_Bagepalli_Devaragudipalli_Mugichinnepalli,fms3knm4,No,Approved,Karnataka,Chikkaballapura,Bagepalli,Devaragudipalli,Mugichinnepalli,2024-10-31,300,70,80,Between 8 to 40 years,50, Field Bund,13.7307303,77.834093,Entry 4,900.0,0.0,900.0
Karnataka_Chikkaballapura_Bagepalli_Devaragudipalli_Mullangichetlapalli,fmw96rfr,No,Approved,Karnataka,Chikkaballapura,Bagepalli,Devaragudipalli,Mullangichetlapalli,2024-11-13,400,80,90,Below 8 years,50, Field Bund,13.8547874,77.9235815,Entry 4,1200.0,0.0,1200.0
Karnataka_Chikkaballapura_Bagepalli_Devaragudipalli_Mynaganapalli,fmzjnar6,No,Approved,Karnataka,Chikkaballapura,Bagepalli,Devaragudipalli,Mynaganapalli,2024-11-08,350,100,80,Between 8 to 40 years,50, Field Bund,13.7866993,77.8482656,Entry 4,1050.0,0.0,1050.0
Karnataka_Chikkaballapura_Bagepalli_Devaragudipalli_Nanjireddypalli,fmsexucc,No,Approved,Karnataka,Chikkaballapura,Bagepalli,Devaragudipalli,Nanjireddypalli,2024-11-05,550,150,80,Between 8 to 40 years,60, Field Bund,13.8533199,77.8368267,Entry 4,1650.0,0.0,1650.0
Karnataka_Chikkaballapura_Bagepalli_Devaragudipalli_Oogalanagepalli,fmardz3q,No,Approved,Karnataka,Chikkaballapura,Bagepalli,Devaragudipalli,Oogalanagepalli,2024-10-25,250,100,80,Below 8 years,60, Field Bund,13.7715903,77.833113,Entry 4,750.0,0.0,750.0
Karnataka_Chikkaballapura_Bagepalli_Devaragudipalli_Parashurampalli,fma1hrku,No,Approved,Karnataka,Chikkaballapura,Bagepalli,Devaragudipalli,Parashurampalli,2024-10-25,200,50,80,Below 8 years,40, Field Bund,13.7743147,77.836812,Entry 4,600.0,0.0,600.0
Karnataka_Chikkaballapura_Bagepalli_Devaragudipalli_Peddathumkepalli,fmban4my,No,Approved,Karnataka,Chikkaballapura,Bagepalli,Devaragudipalli,Peddathumkepalli,2024-10-25,250,80,90,Below 8 years,60, Field Bund,13.7652603,77.8469967,Entry 4,750.0,0.0,750.0
Karnataka_Chikkaballapura_Bagepalli_Devaragudipalli_Polamarpalli,fm134mu6,No,Approved,Karnataka,Chikkaballapura,Bagepalli,Devaragudipalli,Polamarpalli,2024-10-26,250,70,80,Below 8 years,50, Field Bund,13.8322572,77.8072441,Entry 4,750.0,0.0,750.0
Karnataka_Chikkaballapura_Bagepalli_Devaragudipalli_Pulagurpalli,fmgggn2x,No,Approved,Karnataka,Chikkaballapura,Bagepalli,Devaragudipalli,Pulagurpalli,2024-11-06,200,50,70,Between 8 to 40 years,40, Field Bund,13.808837,77.7726487,Entry 4,600.0,0.0,600.0
Karnataka_Chikkaballapura_Bagepalli_Devaragudipalli_Rayadurgampalli,fmom7b2s,No,Approved,Karnataka,Chikkaballapura,Bagepalli,Devaragudipalli,Rayadurgampalli,2024-10-26,400,100,90,Below 8 years,60, Field Bund,13.8265926,77.8196153,Entry 4,1200.0,0.0,1200.0
Karnataka_Chikkaballapura_Bagepalli_Devaragudipalli_Sadlavaripalli,fmw5sykf,No,Approved,Karnataka,Chikkaballapura,Bagepalli,Devaragudipalli,Sadlavaripalli,2024-11-08,300,100,90,Below 8 years,60, Field Bund,13.7874664,77.8356037,Entry 4,900.0,0.0,900.0
Karnataka_Chikkaballapura_Bagepalli_Devaragudipalli_Sangatapalli,fmuskrep,No,Approved,Karnataka,Chikkaballapura,Bagepalli,Devaragudipalli,Sangatapalli,2024-11-10,250,50,90,Between 8 to 40 years,60, Field Bund,13.7563614,77.9351341,Entry 4,750.0,0.0,750.0
Karnataka_Chikkaballapura_Bagepalli_Devaragudipalli_Siddanapalli,fme205en,No,Approved,Karnataka,Chikkaballapura,Bagepalli,Devaragudipalli,Siddanapalli,2024-11-08,300,100,90,Below 8 years,60, Field Bund,13.783998,77.8639918,Entry 4,900.0,0.0,900.0
Karnataka_Chikkaballapura_Bagepalli_Devaragudipalli_Vaddarahalli,fms0t9he,No,Approved,Karnataka,Chikkaballapura,Bagepalli,Devaragudipalli,Vaddarahalli,2024-11-05,350,100,80,Below 8 years,40, Field Bund,13.9277628,77.8256043,Entry 4,1050.0,0.0,1050.0
Karnataka_Chikkaballapura_Bagepalli_Devaragudipalli_Varadayyagaripalli,fms1zzgu,No,Approved,Karnataka,Chikkaballapura,Bagepalli,Devaragudipalli,Varadayyagaripalli,2024-10-31,250,80,80,Below 8 years,50, Field Bund,13.717435,77.8196181,Entry 4,750.0,0.0,750.0
Karnataka_Chikkaballapura_Bagepalli_Devaragudipalli_Venkataravanapalli,fmnypvkx,No,Approved,Karnataka,Chikkaballapura,Bagepalli,Devaragudipalli,Venkataravanapalli,2024-10-25,100,40,90,Below 8 years,60, Field Bund,13.7611061,77.8426875,Entry 4,300.0,0.0,300.0
Karnataka_Chikkaballapura_Bagepalli_Ghantumvaripalli_Abakavaripalli,fmtew439,No,Approved,Karnataka,Chikkaballapura,Bagepalli,Ghantumvaripalli,Abakavaripalli,2024-11-06,200,100,80,Between 8 to 40 years,70, Field Bund,13.7986993,77.7438294,Entry 4,600.0,0.0,600.0
Karnataka_Chikkaballapura_Bagepalli_Ghantumvaripalli_Adiganapalli,fmdozyvh,No,Approved,Karnataka,Chikkaballapura,Bagepalli,Ghantumvaripalli,Adiganapalli,2024-11-06,700,250,90,Between 8 to 40 years,70,Avenue,13.7989426,77.7528699,Entry 4,2100.0,0.0,2100.0
Karnataka_Chikkaballapura_Bagepalli_Ghantumvaripalli_Digavabandlakere,fm7q1e9a,No,Approved,Karnataka,Chikkaballapura,Bagepalli,Ghantumvaripalli,Digavabandlakere,2024-10-26,750,200,90,Between 8 to 40 years,70, Field Bund,13.7927297,77.7915736,Entry 4,2250.0,0.0,2250.0
Karnataka_Chikkaballapura_Bagepalli_Ghantumvaripalli_Hosahudya,fmbuptid,No,Approved,Karnataka,Chikkaballapura,Bagepalli,Ghantumvaripalli,Hosahudya,2024-11-06,300,100,90,Between 8 to 40 years,60, Field Bund,13.7955974,77.7723584,Entry 4,900.0,0.0,900.0
Karnataka_Chikkaballapura_Bagepalli_Ghantumvaripalli_Krishnapura,fmsfws9d,No,Approved,Karnataka,Chikkaballapura,Bagepalli,Ghantumvaripalli,Krishnapura,2024-11-05,1400,450,90,Between 8 to 40 years,70, Field Bund,13.9225641,77.8491802,Entry 4,4200.0,0.0,4200.0
Karnataka_Chikkaballapura_Bagepalli_Ghantumvaripalli_Narepalli,fmsiu29e,No,Approved,Karnataka,Chikkaballapura,Bagepalli,Ghantumvaripalli,Narepalli,2024-11-06,350,100,90,Between 8 to 40 years,70, Field Bund,13.789518,77.7688108,Entry 4,1050.0,0.0,1050.0
Karnataka_Chikkaballapura_Bagepalli_Ghantumvaripalli_Pathabagepalli,fmf182yv,No,Approved,Karnataka,Chikkaballapura,Bagepalli,Ghantumvaripalli,Pathabagepalli,2024-11-07,400,150,90,Between 8 to 40 years,70, Field Bund,13.7890464,77.8012365,Entry 4,1200.0,0.0,1200.0
Karnataka_Chikkaballapura_Bagepalli_Ghantumvaripalli_Pothepalli,fmeol9ud,No,Approved,Karnataka,Chikkaballapura,Bagepalli,Ghantumvaripalli,Pothepalli,2024-10-26,300,80,90,Below 8 years,50, Field Bund,13.8189591,77.8066766,Entry 4,900.0,0.0,900.0
Karnataka_Chikkaballapura_Bagepalli_Ghantumvaripalli_Puttaparthi,fm7ljsdc,No,Approved,Karnataka,Chikkaballapura,Bagepalli,Ghantumvaripalli,Puttaparthi,2024-11-06,550,200,80,Between 8 to 40 years,60, Field Bund,13.7798728,77.7641124,Entry 4,1650.0,0.0,1650.0
Karnataka_Chikkaballapura_Bagepalli_Ghantumvaripalli_Vadigiravarapalli,fm44yg9k,No,Approved,Karnataka,Chikkaballapura,Bagepalli,Ghantumvaripalli,Vadigiravarapalli,2024-10-26,500,100,80,Below 8 years,60, Field Bund,13.8039607,77.809327,Entry 4,1500.0,0.0,1500.0
Karnataka_Chikkaballapura_Bagepalli_Ghantumvaripalli_Yegavabandlakere,fm4e869v,No,Approved,Karnataka,Chikkaballapura,Bagepalli,Ghantumvaripalli,Yegavabandlakere,2024-10-26,450,100,90,Below 8 years,50, Field Bund,13.8080383,77.7996235,Entry 4,1350.0,0.0,1350.0
Karnataka_Chikkaballapura_Bagepalli_Gorthapalli_G.Cherlopalli,fmg7epoj,Yes,Audit Approved,Karnataka,Chikkaballapura,Bagepalli,Gorthapalli,G.Cherlopalli,2024-11-13,1100,400,90,Between 8 to 40 years,60, Field Bund,13.8675916,77.9279502,Entry 4,3300.0,0.0,3300.0
Karnataka_Chikkaballapura_Bagepalli_Gulur_Chinakayilapalli,fm45a6vn,No,Approved,Karnataka,Chikkaballapura,Bagepalli,Gulur,Chinakayilapalli,2024-11-12,400,100,90,Between 8 to 40 years,60, Field Bund,13.8473278,77.8513336,Entry 4,1200.0,0.0,1200.0
Karnataka_Chikkaballapura_Bagepalli_Gulur_Gulur,fm4v368n,Yes,Audit Approved,Karnataka,Chikkaballapura,Bagepalli,Gulur,Gulur,2024-11-04,950,300,90,Below 8 years,50, Field Bund,13.832725,77.8209752,Entry 4,2850.0,0.0,2850.0
Karnataka_Chikkaballapura_Bagepalli_Joolapalya_Kanampalli,fmo4g1f6,No,Approved,Karnataka,Chikkaballapura,Bagepalli,Joolapalya,Kanampalli,2024-12-09,1000,300,90,Between 8 to 40 years,50, Field Bund,13.5861511,77.4360016,Entry 1,3000.0,0.0,3000.0
Karnataka_Chikkaballapura_Bagepalli_Joolapalya_Nadimpalli,fmfdadmz,No,Approved,Karnataka,Chikkaballapura,Bagepalli,Joolapalya,Nadimpalli,2024-12-19,2600,700,80,Between 8 to 40 years,70, Field Bund,13.6765299,77.9088663,Entry 4,7800.0,0.0,7800.0
Karnataka_Chikkaballapura_Bagepalli_Joolapalya_Paipalya,fmd7jp5k,No,Approved,Karnataka,Chikkaballapura,Bagepalli,Joolapalya,Paipalya,2024-12-19,4000,1000,90,Between 8 to 40 years,60, Field Bund,13.6962496,77.9410831,Entry 4,12000.0,0.0,12000.0
Karnataka_Chikkaballapura_Bagepalli_Joolapalya_Pichalavaripalli,fm1yt5ub,No,Approved,Karnataka,Chikkaballapura,Bagepalli,Joolapalya,Pichalavaripalli,2024-12-18,400,100,90,Between 8 to 40 years,60, Field Bund,13.8897712,77.86662,Entry 4,1200.0,0.0,1200.0
Karnataka_Chikkaballapura_Bagepalli_Joolapalya_Vadigere,fm6diwz1,No,Approved,Karnataka,Chikkaballapura,Bagepalli,Joolapalya,Vadigere,2024-12-19,1600,500,90,Between 8 to 40 years,70, Field Bund,13.6744044,77.9403215,Entry 4,4800.0,0.0,4800.0
Karnataka_Chikkaballapura_Bagepalli_Julapalya_Bandolapalli,fmpg276w,No,Approved,Karnataka,Chikkaballapura,Bagepalli,Julapalya,Bandolapalli,2024-12-19,1200,400,80,Between 8 to 40 years,60, Field Bund,13.6838733,77.9401966,Entry 4,3600.0,0.0,3600.0
Karnataka_Chikkaballapura_Bagepalli_Kanagamakala_Palli_Booragamadagu,fmdnmndy,Yes,Audit Approved,Karnataka,Chikkaballapura,Bagepalli,Kanagamakala Palli,Booragamadagu,2024-10-29,6500,1000,90,Between 8 to 40 years,60,Block Plantation,13.7362227,77.8760354,Entry 4,19500.0,0.0,19500.0
Karnataka_Chikkaballapura_Bagepalli_Kanagamakala_Palli_Buttivaripalli,fm3rn1rk,No,Approved,Karnataka,Chikkaballapura,Bagepalli,Kanagamakala Palli,Buttivaripalli,2024-10-31,350,100,80,Between 8 to 40 years,50, Field Bund,13.7197945,77.8207556,Entry 4,1050.0,0.0,1050.0
Karnataka_Chikkaballapura_Bagepalli_Kanagamakala_Palli_Giriyapalli,fm3hs99h,No,Approved,Karnataka,Chikkaballapura,Bagepalli,Kanagamakala Palli,Giriyapalli,2024-10-30,350,100,90,Below 8 years,60, Field Bund,13.6817896,77.8432698,Entry 4,1050.0,0.0,1050.0
Karnataka_Chikkaballapura_Bagepalli_Kanagamakala_Palli_Meruvapalli,fmiy7net,Yes,Audit Approved,Karnataka,Chikkaballapura,Bagepalli,Kanagamakala Palli,Meruvapalli,2024-10-30,700,150,90,Between 8 to 40 years,60, Field Bund,13.7129413,77.8646748,Entry 4,2100.0,0.0,2100.0
Karnataka_Chikkaballapura_Bagepalli_Kanagamakala_Palli_Muthinapalli,fmzl2hod,No,Approved,Karnataka,Chikkaballapura,Bagepalli,Kanagamakala Palli,Muthinapalli,2024-10-30,550,150,90,Below 8 years,50, Field Bund,13.7098074,77.8552577,Entry 4,1650.0,0.0,1650.0
Karnataka_Chikkaballapura_Bagepalli_Kanagamakala_Palli_Nallamallepalli,fm5hd339,No,Approved,Karnataka,Chikkaballapura,Bagepalli,Kanagamakala Palli,Nallamallepalli,2024-10-30,500,100,80,Below 8 years,50, Field Bund,13.7119959,77.8510298,Entry 4,1500.0,0.0,1500.0
Karnataka_Chikkaballapura_Bagepalli_Kanagamakala_Palli_Papinaikanapalli,fm36yaz8,No,Approved,Karnataka,Chikkaballapura,Bagepalli,Kanagamakala Palli,Papinaikanapalli,2024-10-29,850,300,90,Below 8 years,70, Field Bund,13.7201789,77.8744733,Entry 4,2550.0,0.0,2550.0
Karnataka_Chikkaballapura_Bagepalli_Kanagamakala_Palli_Reddyvaripalli,fmdddl8n,No,Approved,Karnataka,Chikkaballapura,Bagepalli,Kanagamakala Palli,Reddyvaripalli,2024-10-30,350,90,80,Below 8 years,60, Field Bund,13.6859072,77.8489834,Entry 4,1050.0,0.0,1050.0
Karnataka_Chikkaballapura_Bagepalli_Kothakote_Honnampalli,fmfkeez5,No,Approved,Karnataka,Chikkaballapura,Bagepalli,Kothakote,Honnampalli,2024-12-18,1300,400,80,Between 8 to 40 years,40, Field Bund,13.9033918,77.8597903,Entry 4,3900.0,0.0,3900.0
Karnataka_Chikkaballapura_Bagepalli_Kothakote_Kolimpalli,fmerbg07,No,Approved,Karnataka,Chikkaballapura,Bagepalli,Kothakote,Kolimpalli,2024-11-05,1700,600,90,Between 8 to 40 years,60, Field Bund,13.9241584,77.8634863,Entry 4,5100.0,0.0,5100.0
Karnataka_Chikkaballapura_Bagepalli_Kothakote_Madakavaripalli,fmiv28ci,No,Approved,Karnataka,Chikkaballapura,Bagepalli,Kothakote,Madakavaripalli,2024-12-18,1400,400,90,Between 8 to 40 years,60, Field Bund,13.9132474,77.8630128,Entry 4,4200.0,0.0,4200.0
Karnataka_Chikkaballapura_Bagepalli_Kothakote_Madapalli,fmrhv6ze,No,Approved,Karnataka,Chikkaballapura,Bagepalli,Kothakote,Madapalli,2024-12-18,550,150,90,Between 8 to 40 years,50, Field Bund,13.9093344,77.8511779,Entry 4,1650.0,0.0,1650.0
Karnataka_Chikkaballapura_Bagepalli_Kothakote_Mumadivaripalli,fmvkp4k2,No,Approved,Karnataka,Chikkaballapura,Bagepalli,Kothakote,Mumadivaripalli,2024-11-04,250,100,80,Between 8 to 40 years,50, Field Bund,13.9135868,77.8255978,Entry 4,750.0,0.0,750.0
Karnataka_Chikkaballapura_Bagepalli_Kothakote_Pesalaparthi,fmrsaf4e,No,Approved,Karnataka,Chikkaballapura,Bagepalli,Kothakote,Pesalaparthi,2024-11-05,500,150,90,Below 8 years,70, Field Bund,13.914374,77.8314173,Entry 4,1500.0,0.0,1500.0
Karnataka_Chikkaballapura_Bagepalli_Kothakote_Ramanodupalli,fm6arujv,No,Approved,Karnataka,Chikkaballapura,Bagepalli,Kothakote,Ramanodupalli,2024-11-04,550,150,90,Below 8 years,60, Field Bund,13.8952148,77.8423471,Entry 4,1650.0,0.0,1650.0
Karnataka_Chikkaballapura_Bagepalli_Marganukunte_Chinthamakala_Dinne,fmuo69xw,No,Approved,Karnataka,Chikkaballapura,Bagepalli,Marganukunte,Chinthamakala Dinne,2024-11-04,800,200,90,Between 8 to 40 years,60, Field Bund,13.8753622,77.8418999,Entry 4,2400.0,0.0,2400.0
Karnataka_Chikkaballapura_Bagepalli_Marganukunte_Devikunte,fmw6vrd8,No,Approved,Karnataka,Chikkaballapura,Bagepalli,Marganukunte,Devikunte,2024-12-18,3500,800,90,Between 8 to 40 years,60, Field Bund,13.8908151,77.8728626,Entry 4,10500.0,0.0,10500.0
Karnataka_Chikkaballapura_Bagepalli_Marganukunte_Marganakunte,fm2zxgxv,No,Approved,Karnataka,Chikkaballapura,Bagepalli,Marganukunte,Marganakunte,2024-11-04,700,200,90,Below 8 years,50, Field Bund,13.8838115,77.8433835,Entry 4,2100.0,0.0,2100.0
Karnataka_Chikkaballapura_Bagepalli_Marganukunte_Narasapura,fmo4t16d,No,Approved,Karnataka,Chikkaballapura,Bagepalli,Marganukunte,Narasapura,2024-11-05,250,80,80,Between 8 to 40 years,50, Field Bund,13.8534399,77.8309094,Entry 4,750.0,0.0,750.0
Karnataka_Chikkaballapura_Bagepalli_Marganukunte_Narayanaswamykote,fml8kyn7,No,Approved,Karnataka,Chikkaballapura,Bagepalli,Marganukunte,Narayanaswamykote,2024-11-04,800,250,90,Between 8 to 40 years,70, Field Bund,13.8596689,77.836801,Entry 4,2400.0,0.0,2400.0
Karnataka_Chikkaballapura_Bagepalli_Mittemari_Garudadripura,fmahx21p,No,Approved,Karnataka,Chikkaballapura,Bagepalli,Mittemari,Garudadripura,2024-12-19,300,100,90,Between 8 to 40 years,70, Field Bund,13.6689736,77.9010578,Entry 4,900.0,0.0,900.0
Karnataka_Chikkaballapura_Bagepalli_Mittemari_Mallegurke,fm6lh9j0,Yes,Audit Approved,Karnataka,Chikkaballapura,Bagepalli,Mittemari,Mallegurke,2024-10-30,850,200,80,Between 8 to 40 years,50, Field Bund,13.6982578,77.8714007,Entry 4,2550.0,0.0,2550.0
Karnataka_Chikkaballapura_Bagepalli_Mittemari_Mittemari,fmj45nni,Yes,Audit Approved,Karnataka,Chikkaballapura,Bagepalli,Mittemari,Mittemari,2024-10-30,550,150,80,Between 8 to 40 years,60, Field Bund,13.6805975,77.8645918,Entry 4,1650.0,0.0,1650.0
Karnataka_Chikkaballapura_Bagepalli_Mittemari_Soorapalli,fm2bu14b,No,Approved,Karnataka,Chikkaballapura,Bagepalli,Mittemari,Soorapalli,2024-12-19,250,50,90,Between 8 to 40 years,70, Field Bund,13.6747214,77.9027284,Entry 4,750.0,0.0,750.0
Karnataka_Chikkaballapura_Bagepalli_Nallappareddy_Palli_Chinnepalli,fm0iemm9,No,Approved,Karnataka,Chikkaballapura,Bagepalli,Nallappareddy Palli,Chinnepalli,2024-11-07,300,100,80,Between 8 to 40 years,70, Field Bund,13.8051338,77.8134771,Entry 4,900.0,0.0,900.0
Karnataka_Chikkaballapura_Bagepalli_Nallappareddy_Palli_M.Cherlopalli,fmnegkl8,No,Approved,Karnataka,Chikkaballapura,Bagepalli,Nallappareddy Palli,M.Cherlopalli,2024-11-07,450,100,90,Between 8 to 40 years,60, Field Bund,13.8076517,77.848498,Entry 4,1350.0,0.0,1350.0
Karnataka_Chikkaballapura_Bagepalli_Nallappareddy_Palli_Motakapalli,fm3pd8xl,No,Approved,Karnataka,Chikkaballapura,Bagepalli,Nallappareddy Palli,Motakapalli,2024-11-07,350,100,80,Between 8 to 40 years,60, Field Bund,13.8014787,77.8375673,Entry 4,1050.0,0.0,1050.0
Karnataka_Chikkaballapura_Bagepalli_Nallappareddy_Palli_Nallappareddipalli,fm3c927i,No,Approved,Karnataka,Chikkaballapura,Bagepalli,Nallappareddy Palli,Nallappareddipalli,2024-10-26,350,100,90,Between 8 to 40 years,80, Field Bund,13.8237066,77.8074531,Entry 4,1050.0,0.0,1050.0
Karnataka_Chikkaballapura_Bagepalli_Paragodu_Kondareddipalli,fm95g9aj,No,Approved,Karnataka,Chikkaballapura,Bagepalli,Paragodu,Kondareddipalli,2024-11-06,400,100,80,Between 8 to 40 years,60, Field Bund,13.7803876,77.7702008,Entry 4,1200.0,0.0,1200.0
Karnataka_Chikkaballapura_Bagepalli_Paragodu_Kothakote,fm10z034,No,Approved,Karnataka,Chikkaballapura,Bagepalli,Paragodu,Kothakote,2024-11-05,800,250,90,Below 8 years,60, Field Bund,13.9203526,77.8369228,Entry 4,2400.0,0.0,2400.0
Karnataka_Chikkaballapura_Bagepalli_Pathapalya_Devarajapalli,fml383fh,No,Approved,Karnataka,Chikkaballapura,Bagepalli,Pathapalya,Devarajapalli,2024-11-10,400,100,80,Below 8 years,50, Field Bund,13.7680012,77.9330173,Entry 4,1200.0,0.0,1200.0
Karnataka_Chikkaballapura_Bagepalli_Pathapalya_Pathakote,fmb1lp3o,No,Approved,Karnataka,Chikkaballapura,Bagepalli,Pathapalya,Pathakote,2024-11-10,150,50,80,Between 8 to 40 years,50, Field Bund,13.752641,77.9379904,Entry 4,450.0,0.0,450.0
Karnataka_Chikkaballapura_Bagepalli_Pathapalya_Pathapalya,fmni1nz0,No,Approved,Karnataka,Chikkaballapura,Bagepalli,Pathapalya,Pathapalya,2024-11-10,350,100,90,Between 8 to 40 years,60, Field Bund,13.7557172,77.9429741,Entry 4,1050.0,0.0,1050.0
Karnataka_Chikkaballapura_Bagepalli_Racheravu_Kammaravaripalli,fmnzc6on,No,Approved,Karnataka,Chikkaballapura,Bagepalli,Racheravu,Kammaravaripalli,2024-11-13,350,50,80,Below 8 years,50, Field Bund,13.8656429,77.9233393,Entry 4,1050.0,0.0,1050.0
Karnataka_Chikkaballapura_Bagepalli_Thimamapalli_Boyinavaripalli,fmodozkq,No,Approved,Karnataka,Chikkaballapura,Bagepalli,Thimamapalli,Boyinavaripalli,2024-11-13,400,100,90,Below 8 years,60, Field Bund,13.871184,77.9211438,Entry 4,1200.0,0.0,1200.0
Karnataka_Chikkaballapura_Bagepalli_Thimamapalli_Maddalakane,fm2xdi5f,No,Approved,Karnataka,Chikkaballapura,Bagepalli,Thimamapalli,Maddalakane,2024-11-12,300,50,80,Between 8 to 40 years,60, Field Bund,13.8488223,77.8607163,Entry 4,900.0,0.0,900.0
Karnataka_Chikkaballapura_Bagepalli_Thimamapalli_Marasanapalli,fmlq3ax9,No,Approved,Karnataka,Chikkaballapura,Bagepalli,Thimamapalli,Marasanapalli,2024-11-12,900,300,90,Between 8 to 40 years,60, Field Bund,13.8545769,77.8791331,Entry 4,2700.0,0.0,2700.0
Karnataka_Chikkaballapura_Bagepalli_Thimamapalli_Naravalapalli,fm06989s,Yes,Audit Approved,Karnataka,Chikkaballapura,Bagepalli,Thimamapalli,Naravalapalli,2024-11-12,600,200,90,Between 8 to 40 years,60, Field Bund,13.8482625,77.8840115,Entry 4,1800.0,0.0,1800.0
Karnataka_Chikkaballapura_Bagepalli_Thimamapalli_Thimmampalli,fmnmq475,Yes,Audit Approved,Karnataka,Chikkaballapura,Bagepalli,Thimamapalli,Thimmampalli,2024-11-13,1200,400,90,Between 8 to 40 years,60, Field Bund,13.8507516,77.9010575,Entry 4,3600.0,0.0,3600.0
Karnataka_Chikkaballapura_Bagepalli_Yellampalli_Achepalli,fm654t6v,No,Approved,Karnataka,Chikkaballapura,Bagepalli,Yellampalli,Achepalli,2024-10-29,400,100,80,Below 8 years,70, Field Bund,13.7489028,77.8729687,Entry 4,1200.0,0.0,1200.0
Karnataka_Chikkaballapura_Bagepalli_Yellampalli_Gollapalli,fm4y79zv,Yes,Audit Approved,Karnataka,Chikkaballapura,Bagepalli,Yellampalli,Gollapalli,2024-10-29,3700,700,90,Between 8 to 40 years,70,Block Plantation,13.7406148,77.872911,Entry 4,11100.0,0.0,11100.0
Karnataka_Chikkaballapura_Bagepalli_Yellampalli_Gurraladinne,fmozd6vo,No,Approved,Karnataka,Chikkaballapura,Bagepalli,Yellampalli,Gurraladinne,2024-10-29,450,150,90,Below 8 years,60, Field Bund,13.7545968,77.8692289,Entry 4,1350.0,0.0,1350.0
Karnataka_Chikkaballapura_Bagepalli_Yellampalli_Lagumaddepalli,fm364xb5,No,Approved,Karnataka,Chikkaballapura,Bagepalli,Yellampalli,Lagumaddepalli,2024-10-25,300,80,90,Below 8 years,80, Field Bund,13.7625719,77.8492374,Entry 4,900.0,0.0,900.0
Karnataka_Chikkaballapura_Bagepalli_Yellampalli_Neeragantipalli,fm6hp9jn,No,Approved,Karnataka,Chikkaballapura,Bagepalli,Yellampalli,Neeragantipalli,2024-10-29,250,100,80,Below 8 years,50, Field Bund,13.7526058,77.8763322,Entry 4,750.0,0.0,750.0
Karnataka_Chikkaballapura_Bagepalli_Yellampalli_Penamala,fm0aw6mc,No,Approved,Karnataka,Chikkaballapura,Bagepalli,Yellampalli,Penamala,2024-11-08,800,200,90,Between 8 to 40 years,60, Field Bund,13.7842852,77.8679716,Entry 4,2400.0,0.0,2400.0
Karnataka_Chikkaballapura_Bagepalli_Yellampalli_Tenkaimakalapalli,fm1ol5b7,No,Approved,Karnataka,Chikkaballapura,Bagepalli,Yellampalli,Tenkaimakalapalli,2024-10-29,800,250,90,Below 8 years,70, Field Bund,13.7559216,77.8646989,Entry 4,2400.0,0.0,2400.0
Karnataka_Chikkaballapura_Bagepalli_Yellampalli_Yellampalli,fm05fu31,No,Approved,Karnataka,Chikkaballapura,Bagepalli,Yellampalli,Yellampalli,2024-10-31,300,80,90,Between 8 to 40 years,50, Field Bund,13.7545534,77.8272365,Entry 4,900.0,0.0,900.0
Karnataka_Chikkaballapura_Chelur_Palyakere_Mudalapalli,fma45rf9,No,Approved,Karnataka,Chikkaballapura,Chelur,Palyakere,Mudalapalli,2024-11-07,350,150,90,Between 8 to 40 years,70, Field Bund,13.8014037,77.8628194,Entry 4,1050.0,0.0,1050.0
Karnataka_Chikkaballapura_Chelur_Somanathapura_Kamblipalli,fmqjutcl,No,Approved,Karnataka,Chikkaballapura,Chelur,Somanathapura,Kamblipalli,2024-10-31,400,150,90,Between 8 to 40 years,60, Field Bund,13.7397386,77.8400588,Entry 4,1200.0,0.0,1200.0
Karnataka_Chikkaballapura_Chikballapur_Addagal_Channahalli,fmig0oeq,No,Approved,Karnataka,Chikkaballapura,Chikballapur,Addagal,Channahalli,2024-12-10,350,100,90,Between 8 to 40 years,50, Field Bund,13.5709182,77.723288,Entry 4,1050.0,0.0,1050.0
Karnataka_Chikkaballapura_Chikballapur_Addagal_Goramillahalli,fm3o0zkv,Yes,Audit Approved,Karnataka,Chikkaballapura,Chikballapur,Addagal,Goramillahalli,2024-12-10,1400,400,90,Between 8 to 40 years,50, Field Bund,13.5753899,77.7185132,Entry 4,4200.0,0.0,4200.0
Karnataka_Chikkaballapura_Chikballapur_Addagal_Kerenahalli,fmlw4ls9,No,Approved,Karnataka,Chikkaballapura,Chikballapur,Addagal,Kerenahalli,2024-12-10,200,50,90,Between 8 to 40 years,50, Field Bund,13.5764911,77.724398,Entry 4,600.0,0.0,600.0
Karnataka_Chikkaballapura_Chikballapur_Addagallu_Addagal,fmdgb6jf,Yes,Audit Approved,Karnataka,Chikkaballapura,Chikballapur,Addagallu,Addagal,2024-12-10,450,100,90,Between 8 to 40 years,60, Field Bund,13.5668133,77.7331993,Entry 4,1350.0,0.0,1350.0
Karnataka_Chikkaballapura_Chikballapur_Addagallu_Bhogaparthi,fmb4qsxy,Yes,Audit Approved,Karnataka,Chikkaballapura,Chikballapur,Addagallu,Bhogaparthi,2024-12-10,500,150,90,Between 8 to 40 years,50, Field Bund,13.5637756,77.7369926,Entry 4,1500.0,0.0,1500.0
Karnataka_Chikkaballapura_Chikballapur_Addagallu_Bisaigarahalli,fm9jhsyo,No,Approved,Karnataka,Chikkaballapura,Chikballapur,Addagallu,Bisaigarahalli,2024-12-10,400,100,90,Between 8 to 40 years,60, Field Bund,13.5624107,77.7366985,Entry 4,1200.0,0.0,1200.0
Karnataka_Chikkaballapura_Chikballapur_Addagallu_Doddihalli,fmoiu6ol,No,Approved,Karnataka,Chikkaballapura,Chikballapur,Addagallu,Doddihalli,2024-12-10,650,150,90,Between 8 to 40 years,60, Field Bund,13.591057,77.7271406,Entry 4,1950.0,0.0,1950.0
Karnataka_Chikkaballapura_Chikballapur_Addagallu_Kachakadatha,fma0x7ei,No,Approved,Karnataka,Chikkaballapura,Chikballapur,Addagallu,Kachakadatha,2024-12-10,200,50,80,Between 8 to 40 years,60, Field Bund,13.5730913,77.7273157,Entry 4,600.0,0.0,600.0
Karnataka_Chikkaballapura_Chikballapur_Addagallu_Nallappanahalli,fmn8zjoy,Yes,Audit Approved,Karnataka,Chikkaballapura,Chikballapur,Addagallu,Nallappanahalli,2024-12-10,450,100,90,Between 8 to 40 years,60, Field Bund,13.5831038,77.7202291,Entry 4,1350.0,0.0,1350.0
Karnataka_Chikkaballapura_Chikballapur_Addagallu_Pathuru,fmi1kk49,No,Approved,Karnataka,Chikkaballapura,Chikballapur,Addagallu,Pathuru,2024-12-10,150,50,90,Between 8 to 40 years,50, Field Bund,13.5694007,77.7299154,Entry 4,450.0,0.0,450.0
Karnataka_Chikkaballapura_Chikballapur_Addagallu_Settigere,fmjlhe8s,Yes,Audit Approved,Karnataka,Chikkaballapura,Chikballapur,Addagallu,Settigere,2024-12-10,500,150,90,Between 8 to 40 years,70, Field Bund,13.5523439,77.7487395,Entry 4,1500.0,0.0,1500.0
Karnataka_Chikkaballapura_Chikballapur_Aruuru_Hanumanthapura,fmiwqd4j,No,Approved,Karnataka,Chikkaballapura,Chikballapur,Aruuru,Hanumanthapura,2024-12-04,2300,600,90,Between 8 to 40 years,60, Field Bund,13.4702307,77.7079049,Entry 4,6900.0,0.0,6900.0
Karnataka_Chikkaballapura_Chikballapur_Avagurki_Arikere,fmcjzvpl,No,Approved,Karnataka,Chikkaballapura,Chikballapur,Avagurki,Arikere,2024-12-04,500,150,90,Between 8 to 40 years,70, Field Bund,13.4675803,77.7087196,Entry 4,1500.0,0.0,1500.0
Karnataka_Chikkaballapura_Chikballapur_Avagurki_Avalagurki,fmszexob,No,Approved,Karnataka,Chikkaballapura,Chikballapur,Avagurki,Avalagurki,2024-12-06,350,100,90,Between 8 to 40 years,60, Field Bund,13.487518,77.730364,Entry 4,1050.0,0.0,1050.0
Karnataka_Chikkaballapura_Chikballapur_Avagurki_Gondihalli,fm2wdzjs,No,Approved,Karnataka,Chikkaballapura,Chikballapur,Avagurki,Gondihalli,2024-12-04,250,100,90,Between 8 to 40 years,60, Field Bund,13.4709411,77.7206305,Entry 4,750.0,0.0,750.0
Karnataka_Chikkaballapura_Chikballapur_Avagurki_Kavaranahalli,fmzvh75c,No,Approved,Karnataka,Chikkaballapura,Chikballapur,Avagurki,Kavaranahalli,2024-12-06,300,100,80,Between 8 to 40 years,60, Field Bund,13.4825428,77.7323387,Entry 4,900.0,0.0,900.0
Karnataka_Chikkaballapura_Chikballapur_Avagurki_Lingasettipura,fmfrikq0,No,Approved,Karnataka,Chikkaballapura,Chikballapur,Avagurki,Lingasettipura,2024-12-06,350,100,90,Between 8 to 40 years,70, Field Bund,13.4821632,77.739063,Entry 4,1050.0,0.0,1050.0
Karnataka_Chikkaballapura_Chikballapur_Avagurki_Soolikunte,fmmjkp6q,No,Approved,Karnataka,Chikkaballapura,Chikballapur,Avagurki,Soolikunte,2024-12-06,200,50,80,Between 8 to 40 years,60, Field Bund,13.4962646,77.7322282,Entry 4,600.0,0.0,600.0
Karnataka_Chikkaballapura_Chikballapur_Avalagurki_Dinnegerahalli,fmbmbz55,No,Approved,Karnataka,Chikkaballapura,Chikballapur,Avalagurki,Dinnegerahalli,2024-12-06,200,50,90,Between 8 to 40 years,60, Field Bund,13.4623675,77.726786,Entry 4,600.0,0.0,600.0
Karnataka_Chikkaballapura_Chikballapur_Avalagurki_Hariharapura,fm6g64xh,No,Approved,Karnataka,Chikkaballapura,Chikballapur,Avalagurki,Hariharapura,2024-12-06,350,100,90,Between 8 to 40 years,60, Field Bund,13.4725041,77.7281946,Entry 4,1050.0,0.0,1050.0
Karnataka_Chikkaballapura_Chikballapur_Avalagurki_Honnagiriyappanahalli,fmjr8vnh,No,Approved,Karnataka,Chikkaballapura,Chikballapur,Avalagurki,Honnagiriyappanahalli,2024-12-06,500,100,90,Between 8 to 40 years,50, Field Bund,13.4920942,77.7282976,Entry 4,1500.0,0.0,1500.0
Karnataka_Chikkaballapura_Chikballapur_Avalagurki_Honnenahalli,fm9vmp3z,No,Approved,Karnataka,Chikkaballapura,Chikballapur,Avalagurki,Honnenahalli,2024-12-06,200,50,90,Between 8 to 40 years,50, Field Bund,13.460461,77.7405121,Entry 4,600.0,0.0,600.0
Karnataka_Chikkaballapura_Chikballapur_Avalagurki_Kurlahalli,fmefi3gw,No,Approved,Karnataka,Chikkaballapura,Chikballapur,Avalagurki,Kurlahalli,2024-12-06,500,150,90,Between 8 to 40 years,60, Field Bund,13.4850053,77.7261988,Entry 4,1500.0,0.0,1500.0
Karnataka_Chikkaballapura_Chikballapur_Avalagurki_Naduvanahalli,fmqf2202,No,Approved,Karnataka,Chikkaballapura,Chikballapur,Avalagurki,Naduvanahalli,2024-12-06,300,100,90,Between 8 to 40 years,60, Field Bund,13.4946265,77.7406992,Entry 4,900.0,0.0,900.0
Karnataka_Chikkaballapura_Chikballapur_Avalagurki_Susepalya,fml1kko7,No,Approved,Karnataka,Chikkaballapura,Chikballapur,Avalagurki,Susepalya,2024-12-04,650,200,90,Between 8 to 40 years,60, Field Bund,13.4543744,77.7100525,Entry 4,1950.0,0.0,1950.0
Karnataka_Chikkaballapura_Chikballapur_Avalagurki_Vadrepalya,fmzkvixe,No,Approved,Karnataka,Chikkaballapura,Chikballapur,Avalagurki,Vadrepalya,2024-12-06,400,100,90,Between 8 to 40 years,60, Field Bund,13.4763022,77.7292319,Entry 4,1200.0,0.0,1200.0
Karnataka_Chikkaballapura_Chikballapur_Gollahalli_Ittappanahalli,fmoeocvy,No,Approved,Karnataka,Chikkaballapura,Chikballapur,Gollahalli,Ittappanahalli,2024-12-11,200,50,90,Below 8 years,40, Field Bund,13.5225723,77.7361965,Entry 4,600.0,0.0,600.0
Karnataka_Chikkaballapura_Chikballapur_Gollahalli_Kariganapalya,fmgpx4av,No,Approved,Karnataka,Chikkaballapura,Chikballapur,Gollahalli,Kariganapalya,2024-12-11,450,100,90,Between 8 to 40 years,70, Field Bund,13.5211165,77.7381317,Entry 4,1350.0,0.0,1350.0
Karnataka_Chikkaballapura_Chikballapur_Gollahalli_Marappanahalli,fmm06bba,No,Approved,Karnataka,Chikkaballapura,Chikballapur,Gollahalli,Marappanahalli,2024-12-11,300,100,80,Between 8 to 40 years,60, Field Bund,13.5218948,77.7310902,Entry 4,900.0,0.0,900.0
Karnataka_Chikkaballapura_Chikballapur_Gollahalli_Nallaguttapalya,fmi3gho2,No,Approved,Karnataka,Chikkaballapura,Chikballapur,Gollahalli,Nallaguttapalya,2024-12-11,450,150,90,Between 8 to 40 years,60, Field Bund,13.5067245,77.7289449,Entry 4,1350.0,0.0,1350.0
Karnataka_Chikkaballapura_Chikballapur_Gollahalli_Sadenahalli,fmuv593d,Yes,Audit Approved,Karnataka,Chikkaballapura,Chikballapur,Gollahalli,Sadenahalli,2024-12-11,2600,700,90,Between 8 to 40 years,60, Field Bund,13.5428138,77.7125365,Entry 4,7800.0,0.0,7800.0
Karnataka_Chikkaballapura_Chikballapur_Harobande_Akalathimmanahalli,fm7afgsq,No,Approved,Karnataka,Chikkaballapura,Chikballapur,Harobande,Akalathimmanahalli,2024-12-06,350,100,80,Between 8 to 40 years,50, Field Bund,13.4895468,77.7591394,Entry 4,1050.0,0.0,1050.0
Karnataka_Chikkaballapura_Chikballapur_Harobande_Devasthanadahosahalli,fmor9osa,No,Approved,Karnataka,Chikkaballapura,Chikballapur,Harobande,Devasthanadahosahalli,2024-12-06,300,100,90,Between 8 to 40 years,50, Field Bund,13.4955713,77.7542116,Entry 4,900.0,0.0,900.0
Karnataka_Chikkaballapura_Chikballapur_Harobande_Gunthappanahalli,fmja8gow,No,Approved,Karnataka,Chikkaballapura,Chikballapur,Harobande,Gunthappanahalli,2024-12-06,600,200,90,Between 8 to 40 years,60, Field Bund,13.4642643,77.7276794,Entry 4,1800.0,0.0,1800.0
Karnataka_Chikkaballapura_Chikballapur_Harobande_Harobande,fmn1p9on,No,Approved,Karnataka,Chikkaballapura,Chikballapur,Harobande,Harobande,2024-12-06,400,100,80,Between 8 to 40 years,70, Field Bund,13.4711037,77.744622,Entry 4,1200.0,0.0,1200.0
Karnataka_Chikkaballapura_Chikballapur_Harobande_Hunegallu,fma1ct4d,No,Approved,Karnataka,Chikkaballapura,Chikballapur,Harobande,Hunegallu,2024-12-06,200,80,90,Between 8 to 40 years,50,Avenue,13.4934303,77.7518493,Entry 4,600.0,0.0,600.0
Karnataka_Chikkaballapura_Chikballapur_Harobande_Marasanahalli,fm4ddywe,No,Approved,Karnataka,Chikkaballapura,Chikballapur,Harobande,Marasanahalli,2024-12-06,350,100,90,Between 8 to 40 years,60, Field Bund,13.4782502,77.750393,Entry 4,1050.0,0.0,1050.0
Karnataka_Chikkaballapura_Chikballapur_Kammaguttahalli_Dinnehalli,fmavyro0,No,Approved,Karnataka,Chikkaballapura,Chikballapur,Kammaguttahalli,Dinnehalli,2024-12-07,350,100,90,Between 8 to 40 years,70, Field Bund,13.651349,77.7248172,Entry 4,1050.0,0.0,1050.0
Karnataka_Chikkaballapura_Chikballapur_Kammaguttahalli_Jeeganahalli,fmzcdxx2,Yes,Audit Approved,Karnataka,Chikkaballapura,Chikballapur,Kammaguttahalli,Jeeganahalli,2024-12-09,800,250,90,Between 8 to 40 years,50, Field Bund,13.6152249,77.7369725,Entry 4,2400.0,0.0,2400.0
Karnataka_Chikkaballapura_Chikballapur_Kammaguttahalli_Kammaguttahalli,fm1fv1d4,Yes,Audit Approved,Karnataka,Chikkaballapura,Chikballapur,Kammaguttahalli,Kammaguttahalli,2024-12-07,550,150,90,Between 8 to 40 years,50, Field Bund,13.6298798,77.736133,Entry 4,1650.0,0.0,1650.0
Karnataka_Chikkaballapura_Chikballapur_Kammaguttahalli_Karakamakalahalli,fm4sir9v,Yes,Audit Approved,Karnataka,Chikkaballapura,Chikballapur,Kammaguttahalli,Karakamakalahalli,2024-12-07,700,200,90,Between 8 to 40 years,50, Field Bund,13.6479913,77.7312335,Entry 4,2100.0,0.0,2100.0
Karnataka_Chikkaballapura_Chikballapur_Kammaguttahalli_Kommalamari,fmtfr21l,No,Approved,Karnataka,Chikkaballapura,Chikballapur,Kammaguttahalli,Kommalamari,2024-12-07,700,250,90,Between 8 to 40 years,70, Field Bund,13.6428104,77.7223133,Entry 4,2100.0,0.0,2100.0
Karnataka_Chikkaballapura_Chikballapur_Kammaguttahalli_Navilugurki,fmsyhz5m,Yes,Audit Approved,Karnataka,Chikkaballapura,Chikballapur,Kammaguttahalli,Navilugurki,2024-12-09,550,200,90,Between 8 to 40 years,60, Field Bund,13.6179092,77.7185806,Entry 4,1650.0,0.0,1650.0
Karnataka_Chikkaballapura_Chikballapur_Kammaguttahalli_R.Chokkanahalli,fmf1hi7b,Yes,Audit Approved,Karnataka,Chikkaballapura,Chikballapur,Kammaguttahalli,R.Chokkanahalli,2024-12-07,1200,400,90,Between 8 to 40 years,70, Field Bund,13.6412581,77.7362837,Entry 4,3600.0,0.0,3600.0
Karnataka_Chikkaballapura_Chikballapur_Kammaguttahalli_Renumakalahalli,fmvqledk,No,Approved,Karnataka,Chikkaballapura,Chikballapur,Kammaguttahalli,Renumakalahalli,2024-12-07,200,50,80,Between 8 to 40 years,60, Field Bund,13.6574993,77.7314095,Entry 4,600.0,0.0,600.0
Karnataka_Chikkaballapura_Chikballapur_Kammaguttahalli_Uppaguttahalli,fmyj5zst,No,Approved,Karnataka,Chikkaballapura,Chikballapur,Kammaguttahalli,Uppaguttahalli,2024-12-07,500,150,90,Between 8 to 40 years,70, Field Bund,13.6533094,77.7329621,Entry 4,1500.0,0.0,1500.0
Karnataka_Chikkaballapura_Chikballapur_Kammaguttahalli_Vakrahalli,fm2msiju,No,Approved,Karnataka,Chikkaballapura,Chikballapur,Kammaguttahalli,Vakrahalli,2024-12-09,450,150,90,Between 8 to 40 years,70, Field Bund,13.6180392,77.7204903,Entry 4,1350.0,0.0,1350.0
Karnataka_Chikkaballapura_Chikballapur_Mandikal_Bachenahalli,fmiyjfrv,Yes,Audit Approved,Karnataka,Chikkaballapura,Chikballapur,Mandikal,Bachenahalli,2024-12-09,600,200,90,Between 8 to 40 years,50, Field Bund,13.6037989,77.7177013,Entry 4,1800.0,0.0,1800.0
Karnataka_Chikkaballapura_Chikballapur_Mandikal_Jeedamakalahalli,fmsk5kai,No,Approved,Karnataka,Chikkaballapura,Chikballapur,Mandikal,Jeedamakalahalli,2024-12-09,500,150,90,Between 8 to 40 years,60, Field Bund,13.601938,77.720458,Entry 4,1500.0,0.0,1500.0
Karnataka_Chikkaballapura_Chikballapur_Mandikal_Katari_kadirenahalli,fmwix0rv,No,Approved,Karnataka,Chikkaballapura,Chikballapur,Mandikal,Katari kadirenahalli,2024-12-09,1400,400,90,Between 8 to 40 years,60, Field Bund,13.5958935,77.6848913,Entry 4,4200.0,0.0,4200.0
Karnataka_Chikkaballapura_Chikballapur_Mandikal_Mandikal,fmvbt1v0,No,Approved,Karnataka,Chikkaballapura,Chikballapur,Mandikal,Mandikal,2024-12-09,450,150,90,Between 8 to 40 years,60, Field Bund,13.6098873,77.7319297,Entry 4,1350.0,0.0,1350.0
Karnataka_Chikkaballapura_Chikballapur_Mandikal_Paiyur,fmjrng06,No,Approved,Karnataka,Chikkaballapura,Chikballapur,Mandikal,Paiyur,2024-12-09,2000,600,90,Between 8 to 40 years,70, Field Bund,13.597041,77.702077,Entry 4,6000.0,0.0,6000.0
Karnataka_Chikkaballapura_Chikballapur_Mandikal_Parenahalli,fmng9kfn,No,Approved,Karnataka,Chikkaballapura,Chikballapur,Mandikal,Parenahalli,2024-12-09,500,150,90,Between 8 to 40 years,60, Field Bund,13.5969049,77.6902506,Entry 4,1500.0,0.0,1500.0
Karnataka_Chikkaballapura_Chikballapur_Mandikal_Yataganahalli,fmkbuvlo,No,Approved,Karnataka,Chikkaballapura,Chikballapur,Mandikal,Yataganahalli,2024-12-10,250,50,80,Between 8 to 40 years,60, Field Bund,13.5924243,77.7265719,Entry 4,750.0,0.0,750.0
Karnataka_Chikkaballapura_Chikballapur_Not_found_Narenahalli,fmjnamua,No,Approved,Karnataka,Chikkaballapura,Chikballapur,Not found,Narenahalli,2024-12-09,800,200,90,Between 8 to 40 years,70, Field Bund,13.5862336,77.4362955,Entry 1,2400.0,0.0,2400.0
Karnataka_Chikkaballapura_Chikballapur_Not_found_Subbarayanahalli,fmw3a3kv,No,Approved,Karnataka,Chikkaballapura,Chikballapur,Not found,Subbarayanahalli,2024-12-09,300,100,90,Between 8 to 40 years,60, Field Bund,13.5861287,77.436339,Entry 1,900.0,0.0,900.0
Karnataka_Chikkaballapura_Chikballapur_Poshottahalli_Nallakadirenahalli,fmfnoecf,No,Approved,Karnataka,Chikkaballapura,Chikballapur,Poshottahalli,Nallakadirenahalli,2024-12-09,700,250,90,Between 8 to 40 years,70, Field Bund,13.5913663,77.675234,Entry 4,2100.0,0.0,2100.0
Karnataka_Chikkaballapura_Chikballapur_S._Gollahalli_Jangamarappanahalli,fmjtja0i,No,Approved,Karnataka,Chikkaballapura,Chikballapur,S. Gollahalli,Jangamarappanahalli,2024-12-11,400,100,90,Between 8 to 40 years,60, Field Bund,13.5173054,77.7266388,Entry 4,1200.0,0.0,1200.0
Karnataka_Chikkaballapura_Chikballapur_S._Gollahalli_Paiyuru,fma358jg,No,Approved,Karnataka,Chikkaballapura,Chikballapur,S. Gollahalli,Paiyuru,2024-12-11,350,100,90,Between 8 to 40 years,50, Field Bund,13.5267959,77.7258482,Entry 4,1050.0,0.0,1050.0
Karnataka_Chikkaballapura_Chikballapur_Thippanahalli_Ankanagondi,fmnu6knf,No,Approved,Karnataka,Chikkaballapura,Chikballapur,Thippanahalli,Ankanagondi,2024-12-04,600,200,90,Between 8 to 40 years,60, Field Bund,13.4447354,77.7137897,Entry 4,1800.0,0.0,1800.0
Karnataka_Chikkaballapura_Chikballapur_Thippanahalli_Dinnehosahalli,fmbtrfk3,No,Approved,Karnataka,Chikkaballapura,Chikballapur,Thippanahalli,Dinnehosahalli,2024-12-04,700,250,90,Between 8 to 40 years,60, Field Bund,13.4576529,77.7103877,Entry 4,2100.0,0.0,2100.0
Karnataka_Chikkaballapura_Chikballapur_Thippanahalli_Mustoor,fmxi6vat,No,Approved,Karnataka,Chikkaballapura,Chikballapur,Thippanahalli,Mustoor,2024-12-06,150,50,90,Between 8 to 40 years,40, Field Bund,13.4575081,77.7274747,Entry 4,450.0,0.0,450.0
Karnataka_Chikkaballapura_Chikballapur_Unknown_Chikkanareppanahalli,fm5xq1p8,No,Approved,Karnataka,Chikkaballapura,Chikballapur,Unknown,Chikkanareppanahalli,2024-12-07,650,150,90,Between 8 to 40 years,60, Field Bund,13.6332103,77.7186509,Entry 4,1950.0,0.0,1950.0
Karnataka_Chikkaballapura_Chikballapur_Unknown_Dorabure,fmkerkl0,Yes,Audit Approved,Karnataka,Chikkaballapura,Chikballapur,Unknown,Dorabure,2024-12-09,2700,800,90,Between 8 to 40 years,60, Field Bund,13.5986245,77.7165279,Entry 4,8100.0,0.0,8100.0
Karnataka_Chikkaballapura_Chikkaballapura_Agalagurki_Agalagurki,fmnlqxvy,No,Approved,Karnataka,Chikkaballapura,Chikkaballapura,Agalagurki,Agalagurki,2024-10-22,600,100,90,Below 8 years,70,Riverbank,13.4135464,77.7364691,Entry 4,1800.0,0.0,1800.0
Karnataka_Chikkaballapura_Chikkaballapura_Ajjiwara_A_Kottur,fm9jx9qy,No,Approved,Karnataka,Chikkaballapura,Chikkaballapura,Ajjiwara,A Kottur,2024-11-18,500,150,90,Between 8 to 40 years,70, Field Bund,13.5597299,77.6731221,Entry 4,1500.0,0.0,1500.0
Karnataka_Chikkaballapura_Chikkaballapura_Ajjiwara_Ajjavara,fme6upsx,No,Approved,Karnataka,Chikkaballapura,Chikkaballapura,Ajjiwara,Ajjavara,2024-10-22,150,50,90,Below 8 years,50, Field Bund,13.4139952,77.7707635,Entry 4,450.0,0.0,450.0
Karnataka_Chikkaballapura_Chikkaballapura_Ajjiwara_Bannikuppe,fmm8gqv4,No,Approved,Karnataka,Chikkaballapura,Chikkaballapura,Ajjiwara,Bannikuppe,2024-10-22,100,50,80,Below 8 years,50, Field Bund,13.4164659,77.7446056,Entry 4,300.0,0.0,300.0
Karnataka_Chikkaballapura_Chikkaballapura_Ajjiwara_Chalumenahalli,fmpzuruu,No,Approved,Karnataka,Chikkaballapura,Chikkaballapura,Ajjiwara,Chalumenahalli,2024-10-23,150,60,90,Between 8 to 40 years,50, Field Bund,13.4058615,77.8056154,Entry 4,450.0,0.0,450.0
Karnataka_Chikkaballapura_Chikkaballapura_Ajjiwara_Chikkakirugumbi,fm89abb9,No,Approved,Karnataka,Chikkaballapura,Chikkaballapura,Ajjiwara,Chikkakirugumbi,2024-10-23,50,20,90,Between 8 to 40 years,70, Field Bund,13.3985911,77.8128043,Entry 4,150.0,0.0,150.0
Karnataka_Chikkaballapura_Chikkaballapura_Ajjiwara_Doddaganahalli,fm1dxayh,No,Approved,Karnataka,Chikkaballapura,Chikkaballapura,Ajjiwara,Doddaganahalli,2024-11-15,400,100,90,Between 8 to 40 years,60, Field Bund,13.4630154,77.6173723,Entry 4,1200.0,0.0,1200.0
Karnataka_Chikkaballapura_Chikkaballapura_Ajjiwara_Doddakirugumbi,fmysda0e,No,Approved,Karnataka,Chikkaballapura,Chikkaballapura,Ajjiwara,Doddakirugumbi,2024-10-23,150,70,90,Below 8 years,60, Field Bund,13.4033326,77.8107374,Entry 4,450.0,0.0,450.0
Karnataka_Chikkaballapura_Chikkaballapura_Ajjiwara_Gauchenahalli,fmhsg95v,No,Approved,Karnataka,Chikkaballapura,Chikkaballapura,Ajjiwara,Gauchenahalli,2024-11-14,600,200,90,Between 8 to 40 years,60, Field Bund,13.3968631,77.628216,Entry 4,1800.0,0.0,1800.0
Karnataka_Chikkaballapura_Chikkaballapura_Ajjiwara_Gidnahalli,fmxu4cn9,No,Approved,Karnataka,Chikkaballapura,Chikkaballapura,Ajjiwara,Gidnahalli,2024-10-23,200,80,80,Below 8 years,50, Field Bund,13.4031278,77.8190017,Entry 4,600.0,0.0,600.0
Karnataka_Chikkaballapura_Chikkaballapura_Ajjiwara_Mannarapura,fm05a0mz,No,Approved,Karnataka,Chikkaballapura,Chikkaballapura,Ajjiwara,Mannarapura,2024-10-23,100,40,80,Below 8 years,50, Field Bund,13.4074006,77.8023238,Entry 4,300.0,0.0,300.0
Karnataka_Chikkaballapura_Chikkaballapura_Ajjiwara_Nasthimmanahalli,fmvgz3dj,Yes,Audit Approved,Karnataka,Chikkaballapura,Chikkaballapura,Ajjiwara,Nasthimmanahalli,2024-11-17,2700,500,90,Between 8 to 40 years,60, Field Bund,13.5579517,77.6636904,Entry 4,8100.0,0.0,8100.0
Karnataka_Chikkaballapura_Chikkaballapura_Ajjiwara_Nayanahalli,fmpqkea6,No,Approved,Karnataka,Chikkaballapura,Chikkaballapura,Ajjiwara,Nayanahalli,2024-10-25,150,50,90,Between 8 to 40 years,70, Field Bund,13.4221774,77.7725598,Entry 4,450.0,0.0,450.0
Karnataka_Chikkaballapura_Chikkaballapura_Ajjiwara_Nugathihalli,fmt5e0i8,No,Approved,Karnataka,Chikkaballapura,Chikkaballapura,Ajjiwara,Nugathihalli,2024-10-23,250,100,90,Below 8 years,60,Block Plantation,13.4092107,77.7980021,Entry 4,750.0,0.0,750.0
Karnataka_Chikkaballapura_Chikkaballapura_Ajjiwara_Poojanahalli,fmmyyckk,No,Approved,Karnataka,Chikkaballapura,Chikkaballapura,Ajjiwara,Poojanahalli,2024-10-25,50,20,90,Below 8 years,50, Field Bund,13.4322844,77.7496786,Entry 4,150.0,0.0,150.0
Karnataka_Chikkaballapura_Chikkaballapura_Ajjiwara_Sonnapura,fmxhdx5e,No,Approved,Karnataka,Chikkaballapura,Chikkaballapura,Ajjiwara,Sonnapura,2024-10-22,100,40,90,Below 8 years,60, Field Bund,13.416833,77.7589121,Entry 4,300.0,0.0,300.0
Karnataka_Chikkaballapura_Chikkaballapura_Ajjiwara_Varadahalli,fmpbdfrl,No,Approved,Karnataka,Chikkaballapura,Chikkaballapura,Ajjiwara,Varadahalli,2024-10-25,100,40,90,Below 8 years,60, Field Bund,13.4277079,77.7885388,Entry 4,300.0,0.0,300.0
Karnataka_Chikkaballapura_Chikkaballapura_Ajjiwara_Yerranagenahalli,fmdcnl7h,Yes,Audit Approved,Karnataka,Chikkaballapura,Chikkaballapura,Ajjiwara,Yerranagenahalli,2024-11-18,1000,250,80,Between 8 to 40 years,50,Forest,13.5593907,77.6673928,Entry 4,3000.0,0.0,3000.0
Karnataka_Chikkaballapura_Chikkaballapura_Avagurki_Gerahalli,fmnnkvh2,No,Approved,Karnataka,Chikkaballapura,Chikkaballapura,Avagurki,Gerahalli,2024-12-10,800,250,90,Between 8 to 40 years,70, Field Bund,13.4678256,77.7199286,Entry 4,2400.0,0.0,2400.0
Karnataka_Chikkaballapura_Chikkaballapura_Gollahalli_Anemadagu,fmmbc9lu,Yes,Audit Approved,Karnataka,Chikkaballapura,Chikkaballapura,Gollahalli,Anemadagu,2024-11-18,750,200,90,Between 8 to 40 years,10, Field Bund,13.5436668,77.7008968,Entry 4,2250.0,0.0,2250.0
Karnataka_Chikkaballapura_Chikkaballapura_Gollahalli_Kethenahalli,fmnu3bgw,No,Approved,Karnataka,Chikkaballapura,Chikkaballapura,Gollahalli,Kethenahalli,2024-11-18,400,100,90,Between 8 to 40 years,60, Field Bund,13.5356006,77.6948028,Entry 4,1200.0,0.0,1200.0
Karnataka_Chikkaballapura_Chikkaballapura_Hosa_Hudya_Hosahudya,fmncrhyt,No,Approved,Karnataka,Chikkaballapura,Chikkaballapura,Hosa Hudya,Hosahudya,2024-10-23,150,50,90,Below 8 years,40,Avenue,13.3969546,77.8278663,Entry 4,450.0,0.0,450.0
Karnataka_Chikkaballapura_Chikkaballapura_Hosa_Hudya_Jathavara,fmu3vlug,No,Approved,Karnataka,Chikkaballapura,Chikkaballapura,Hosa Hudya,Jathavara,2024-10-25,300,100,90,Between 8 to 40 years,50, Field Bund,13.4161973,77.8002986,Entry 4,900.0,0.0,900.0
Karnataka_Chikkaballapura_Chikkaballapura_Hosa_Hudya_Jathavara-Hosahalli,fmppgmc2,No,Approved,Karnataka,Chikkaballapura,Chikkaballapura,Hosa Hudya,Jathavara-Hosahalli,2024-10-25,250,100,80,Between 8 to 40 years,70, Field Bund,13.4225846,77.7850545,Entry 4,750.0,0.0,750.0
Karnataka_Chikkaballapura_Chikkaballapura_Hosa_Hudya_Keshavara,fmd8e89i,No,Approved,Karnataka,Chikkaballapura,Chikkaballapura,Hosa Hudya,Keshavara,2024-10-23,100,30,80,Between 8 to 40 years,70, Field Bund,13.3894445,77.8203578,Entry 4,300.0,0.0,300.0
Karnataka_Chikkaballapura_Chikkaballapura_Hosa_Hudya_Nelamakalahalli,fmi8g1xh,No,Approved,Karnataka,Chikkaballapura,Chikkaballapura,Hosa Hudya,Nelamakalahalli,2024-10-23,150,50,90,Between 8 to 40 years,70, Field Bund,13.3846484,77.8260771,Entry 4,450.0,0.0,450.0
Karnataka_Chikkaballapura_Chikkaballapura_Hosa_Hudya_Thammanayakanahalli,fmx1d9v6,No,Approved,Karnataka,Chikkaballapura,Chikkaballapura,Hosa Hudya,Thammanayakanahalli,2024-10-25,200,50,90,Between 8 to 40 years,50, Field Bund,13.4248982,77.7933936,Entry 4,600.0,0.0,600.0
Karnataka_Chikkaballapura_Chikkaballapura_Hosa_Hudya_Yalehalli,fm8jv5pq,No,Approved,Karnataka,Chikkaballapura,Chikkaballapura,Hosa Hudya,Yalehalli,2024-10-23,50,20,80,Below 8 years,70, Field Bund,13.393638,77.8156341,Entry 4,150.0,0.0,150.0
Karnataka_Chikkaballapura_Chikkaballapura_Kammaguttahalli_Bommaganahalli,fm0i9xk3,No,Approved,Karnataka,Chikkaballapura,Chikkaballapura,Kammaguttahalli,Bommaganahalli,2024-12-07,250,80,90,Between 8 to 40 years,60, Field Bund,13.652746,77.7313152,Entry 4,750.0,0.0,750.0
Karnataka_Chikkaballapura_Chikkaballapura_Kammaguttahalli_Renumakalahalli,fmau8mml,No,Approved,Karnataka,Chikkaballapura,Chikkaballapura,Kammaguttahalli,Renumakalahalli,2024-10-14,150,58,80,Below 8 years,40,Avenue,13.6622924,77.7304133,Entry 4,450.0,0.0,450.0
Karnataka_Chikkaballapura_Chikkaballapura_Kuppa_Halli_Arasanahalli,fm0tj4vn,No,Approved,Karnataka,Chikkaballapura,Chikkaballapura,Kuppa Halli,Arasanahalli,2024-09-11,60,30,80,Between 8 to 40 years,60, Field Bund,13.396742,77.7138879,Entry 4,180.0,0.0,180.0
Karnataka_Chikkaballapura_Chikkaballapura_Kuppa_Halli_Mavahalli,fmj2f1q6,No,Approved,Karnataka,Chikkaballapura,Chikkaballapura,Kuppa Halli,Mavahalli,2024-09-11,60,20,80,Between 8 to 40 years,50, Field Bund,13.3929305,77.7086261,Entry 4,180.0,0.0,180.0
Karnataka_Chikkaballapura_Chikkaballapura_Kuppa_Halli_Thirnahalli,fmveu58t,No,Approved,Karnataka,Chikkaballapura,Chikkaballapura,Kuppa Halli,Thirnahalli,2024-09-11,100,30,80,Below 8 years,40, Field Bund,13.4016367,77.708056,Entry 4,300.0,0.0,300.0
Karnataka_Chikkaballapura_Chikkaballapura_Muddena_Halli_Bandahalli,fmh8agvh,No,Approved,Karnataka,Chikkaballapura,Chikkaballapura,Muddena Halli,Bandahalli,2024-09-11,200,40,90,Between 8 to 40 years,40,Avenue,13.4035444,77.7049156,Entry 4,600.0,0.0,600.0
Karnataka_Chikkaballapura_Chikkaballapura_Muddena_Halli_Gantiganahalli,fmsvajmw,No,Approved,Karnataka,Chikkaballapura,Chikkaballapura,Muddena Halli,Gantiganahalli,2024-09-14,100,20,70,Below 8 years,40,Forest,13.4142311,77.6969594,Entry 4,300.0,0.0,300.0
Karnataka_Chikkaballapura_Chikkaballapura_Muddena_Halli_Jadalathimmanahalli,fm56rigk,No,Approved,Karnataka,Chikkaballapura,Chikkaballapura,Muddena Halli,Jadalathimmanahalli,2024-09-11,130,50,80,Below 8 years,60, Field Bund,13.4052574,77.7155738,Entry 4,390.0,0.0,390.0
Karnataka_Chikkaballapura_Chikkaballapura_Muddena_Halli_Kalavara,fmdlbylf,No,Approved,Karnataka,Chikkaballapura,Chikkaballapura,Muddena Halli,Kalavara,2024-09-14,380,100,80,Below 8 years,50,Forest,13.4248085,77.6974662,Entry 4,1140.0,0.0,1140.0
Karnataka_Chikkaballapura_Chikkaballapura_Muddena_Halli_Kandavara,fmsag8sj,No,Approved,Karnataka,Chikkaballapura,Chikkaballapura,Muddena Halli,Kandavara,2024-09-11,180,50,80,Between 8 to 40 years,70, Field Bund,13.4121865,77.7165369,Entry 4,540.0,0.0,540.0
Karnataka_Chikkaballapura_Chikkaballapura_Muddena_Halli_Kanivenarayanapura,fmp9lgql,No,Approved,Karnataka,Chikkaballapura,Chikkaballapura,Muddena Halli,Kanivenarayanapura,2024-09-14,380,70,80,Between 8 to 40 years,60,Avenue,13.3994538,77.6723374,Entry 4,1140.0,0.0,1140.0
Karnataka_Chikkaballapura_Chikkaballapura_Muddena_Halli_Korlahalli,fmh4bavm,No,Approved,Karnataka,Chikkaballapura,Chikkaballapura,Muddena Halli,Korlahalli,2024-11-14,650,200,80,Between 8 to 40 years,60,Avenue,13.4159152,77.6188205,Entry 4,1950.0,0.0,1950.0
Karnataka_Chikkaballapura_Chikkaballapura_Muddena_Halli_Muddenahalli,fmbs0wp8,No,Approved,Karnataka,Chikkaballapura,Chikkaballapura,Muddena Halli,Muddenahalli,2024-09-14,650,110,70,Below 8 years,50, Field Bund,13.4052812,77.7024852,Entry 4,1950.0,0.0,1950.0
Karnataka_Chikkaballapura_Chikkaballapura_Muddena_Halli_Mylappanahalli,fm36muaz,No,Approved,Karnataka,Chikkaballapura,Chikkaballapura,Muddena Halli,Mylappanahalli,2024-09-14,70,30,70,Below 8 years,40, Field Bund,13.4251894,77.7050236,Entry 4,210.0,0.0,210.0
Karnataka_Chikkaballapura_Chikkaballapura_Muddena_Halli_Nasikuntehosur,fmrfutfq,No,Approved,Karnataka,Chikkaballapura,Chikkaballapura,Muddena Halli,Nasikuntehosur,2024-09-14,2100,400,70,Below 8 years,40,Block Plantation,13.3974489,77.6560932,Entry 4,6300.0,0.0,6300.0
Karnataka_Chikkaballapura_Chikkaballapura_Muddena_Halli_Suddahalli,fm95kho0,No,Approved,Karnataka,Chikkaballapura,Chikkaballapura,Muddena Halli,Suddahalli,2024-09-14,250,50,70,Below 8 years,50,Forest,13.4133437,77.694408,Entry 4,750.0,0.0,750.0
Karnataka_Chikkaballapura_Chikkaballapura_Patrena_Halli_Anakanur,fmncblx7,No,Approved,Karnataka,Chikkaballapura,Chikkaballapura,Patrena Halli,Anakanur,2024-10-25,550,250,90,Between 8 to 40 years,70,Avenue,13.4408722,77.7618635,Entry 4,1650.0,0.0,1650.0
Karnataka_Chikkaballapura_Chikkaballapura_Patrena_Halli_Andarlahalli,fm3erb2q,No,Approved,Karnataka,Chikkaballapura,Chikkaballapura,Patrena Halli,Andarlahalli,2024-10-25,150,50,80,Below 8 years,60, Field Bund,13.4335397,77.7778078,Entry 4,450.0,0.0,450.0
Karnataka_Chikkaballapura_Chikkaballapura_Patrena_Halli_Muthukadahalli,fm9iwl3a,No,Approved,Karnataka,Chikkaballapura,Chikkaballapura,Patrena Halli,Muthukadahalli,2024-10-25,50,30,90,Below 8 years,40, Field Bund,13.4382248,77.7841384,Entry 4,150.0,0.0,150.0
Karnataka_Chikkaballapura_Chikkaballapura_Patrena_Halli_Patrenahalli,fm99xcvy,No,Approved,Karnataka,Chikkaballapura,Chikkaballapura,Patrena Halli,Patrenahalli,2024-10-25,50,30,90,Below 8 years,60, Field Bund,13.4269706,77.7661486,Entry 4,150.0,0.0,150.0
Karnataka_Chikkaballapura_Chikkaballapura_Patrena_Halli_Thandramaradahalli,fmgdz16c,No,Approved,Karnataka,Chikkaballapura,Chikkaballapura,Patrena Halli,Thandramaradahalli,2024-10-25,250,100,90,Below 8 years,70,Avenue,13.4402048,77.7685241,Entry 4,750.0,0.0,750.0
Karnataka_Chikkaballapura_Chikkaballapura_Poshottahalli_Balakuntahalli,fmrfy3ql,No,Approved,Karnataka,Chikkaballapura,Chikkaballapura,Poshottahalli,Balakuntahalli,2024-11-14,300,80,80,Between 8 to 40 years,60, Field Bund,13.444068,77.6162118,Entry 4,900.0,0.0,900.0
Karnataka_Chikkaballapura_Chikkaballapura_Poshottahalli_Bandammanahalli,fmmlq7jh,No,Approved,Karnataka,Chikkaballapura,Chikkaballapura,Poshottahalli,Bandammanahalli,2024-11-15,300,90,80,Between 8 to 40 years,60, Field Bund,13.4576364,77.6287006,Entry 4,900.0,0.0,900.0
Karnataka_Chikkaballapura_Chikkaballapura_Poshottahalli_Chikkanahalli,fmlgddgg,No,Approved,Karnataka,Chikkaballapura,Chikkaballapura,Poshottahalli,Chikkanahalli,2024-11-14,350,100,90,Between 8 to 40 years,60, Field Bund,13.4371506,77.6177414,Entry 4,1050.0,0.0,1050.0
Karnataka_Chikkaballapura_Chikkaballapura_Poshottahalli_Gurukulanagenahalli,fm11ox1i,No,Approved,Karnataka,Chikkaballapura,Chikkaballapura,Poshottahalli,Gurukulanagenahalli,2024-11-14,250,100,90,Between 8 to 40 years,60, Field Bund,13.4552285,77.616446,Entry 4,750.0,0.0,750.0
Karnataka_Chikkaballapura_Chikkaballapura_Poshottahalli_Jakkalamadagu,fm0yo773,No,Approved,Karnataka,Chikkaballapura,Chikkaballapura,Poshottahalli,Jakkalamadagu,2024-11-14,500,100,80,Between 8 to 40 years,50, Field Bund,13.4311834,77.6216329,Entry 4,1500.0,0.0,1500.0
Karnataka_Chikkaballapura_Chikkaballapura_Poshottahalli_Kolimenahalli,fm2xsvph,No,Approved,Karnataka,Chikkaballapura,Chikkaballapura,Poshottahalli,Kolimenahalli,2024-11-15,250,80,90,Between 8 to 40 years,50, Field Bund,13.4606124,77.6266446,Entry 4,750.0,0.0,750.0
Karnataka_Chikkaballapura_Chikkaballapura_Poshottahalli_Motlur,fm1dzgan,No,Approved,Karnataka,Chikkaballapura,Chikkaballapura,Poshottahalli,Motlur,2024-11-15,350,100,90,Between 8 to 40 years,60, Field Bund,13.4413462,77.6540005,Entry 4,1050.0,0.0,1050.0
Karnataka_Chikkaballapura_Chikkaballapura_Poshottahalli_Nallakadirenahalli,fmcfr5mz,No,Approved,Karnataka,Chikkaballapura,Chikkaballapura,Poshottahalli,Nallakadirenahalli,2024-11-15,450,100,80,Between 8 to 40 years,70, Field Bund,13.4352736,77.641945,Entry 4,1350.0,0.0,1350.0
Karnataka_Chikkaballapura_Chikkaballapura_Poshottahalli_Posettihalli,fm3qhy2h,No,Approved,Karnataka,Chikkaballapura,Chikkaballapura,Poshottahalli,Posettihalli,2024-11-14,400,100,90,Between 8 to 40 years,60, Field Bund,13.4658533,77.6184062,Entry 4,1200.0,0.0,1200.0
Karnataka_Chikkaballapura_Chikkaballapura_Thippanahalli_Thippenahalli,fmz9pfdh,No,Approved,Karnataka,Chikkaballapura,Chikkaballapura,Thippanahalli,Thippenahalli,2024-10-22,100,50,90,Below 8 years,40, Field Bund,13.4109063,77.7882572,Entry 4,300.0,0.0,300.0
Karnataka_Chikkaballapura_Chintamani_Anoor_Chikkapura,fm42r6mz,No,Approved,Karnataka,Chikkaballapura,Chintamani,Anoor,Chikkapura,2024-11-29,100,30,80,Between 8 to 40 years,50, Field Bund,13.3374395,78.1240442,Entry 4,300.0,0.0,300.0
Karnataka_Chikkaballapura_Chintamani_Anur_Anoor,fmxjyhk8,No,Approved,Karnataka,Chikkaballapura,Chintamani,Anur,Anoor,2024-11-29,200,50,80,Between 8 to 40 years,50, Field Bund,13.3672986,78.1104688,Entry 4,600.0,0.0,600.0
Karnataka_Chikkaballapura_Chintamani_Anur_Chikkabommanahalli,fmi9z2le,No,Approved,Karnataka,Chikkaballapura,Chintamani,Anur,Chikkabommanahalli,2024-11-29,150,50,90,Between 8 to 40 years,60, Field Bund,13.3132681,78.1075718,Entry 4,450.0,0.0,450.0
Karnataka_Chikkaballapura_Chintamani_Anur_Doddabommanahalli,fmd75dz9,No,Approved,Karnataka,Chikkaballapura,Chintamani,Anur,Doddabommanahalli,2024-11-29,300,100,90,Between 8 to 40 years,60, Field Bund,13.3111926,78.1144721,Entry 4,900.0,0.0,900.0
Karnataka_Chikkaballapura_Chintamani_Anur_Doddapura,fm1sfqts,No,Approved,Karnataka,Chikkaballapura,Chintamani,Anur,Doddapura,2024-11-29,800,300,90,Between 8 to 40 years,70, Field Bund,13.3390359,78.119222,Entry 4,2400.0,0.0,2400.0
Karnataka_Chikkaballapura_Chintamani_Anur_Krishnammanahosahalli,fm08xd0d,No,Approved,Karnataka,Chikkaballapura,Chintamani,Anur,Krishnammanahosahalli,2024-11-29,50,20,80,Below 8 years,30, Field Bund,13.3287893,78.1275265,Entry 4,150.0,0.0,150.0
Karnataka_Chikkaballapura_Chintamani_Anur_Panasachowdenahalli,fm44d331,No,Approved,Karnataka,Chikkaballapura,Chintamani,Anur,Panasachowdenahalli,2024-11-29,100,40,90,Between 8 to 40 years,50, Field Bund,13.2947429,78.1317504,Entry 4,300.0,0.0,300.0
Karnataka_Chikkaballapura_Chintamani_Anur_Viswanathapura,fmdz4rj3,No,Approved,Karnataka,Chikkaballapura,Chintamani,Anur,Viswanathapura,2024-11-29,100,30,80,Between 8 to 40 years,40, Field Bund,13.3258122,78.119204,Entry 4,300.0,0.0,300.0
Karnataka_Chikkaballapura_Chintamani_Batlahalli_Batlahalli,fmpss0b3,No,Approved,Karnataka,Chikkaballapura,Chintamani,Batlahalli,Batlahalli,2024-11-28,100,40,90,Below 8 years,50, Field Bund,13.5790286,78.1339743,Entry 4,300.0,0.0,300.0
Karnataka_Chikkaballapura_Chintamani_Batlahalli_Konapura,fm2rhrv2,No,Approved,Karnataka,Chikkaballapura,Chintamani,Batlahalli,Konapura,2024-11-28,250,100,90,Between 8 to 40 years,60, Field Bund,13.5838302,78.1414385,Entry 4,750.0,0.0,750.0
Karnataka_Chikkaballapura_Chintamani_Bhommisettihalli_Kanisettyhalli,fm0qrqy1,No,Approved,Karnataka,Chikkaballapura,Chintamani,Bhommisettihalli,Kanisettyhalli,2024-11-18,400,150,90,Between 8 to 40 years,60, Field Bund,13.4483991,78.078763,Entry 4,1200.0,0.0,1200.0
Karnataka_Chikkaballapura_Chintamani_Bhommisettihalli_Moogalamari,fmtgalmm,No,Approved,Karnataka,Chikkaballapura,Chintamani,Bhommisettihalli,Moogalamari,2024-11-27,300,100,80,Between 8 to 40 years,50, Field Bund,13.4882652,78.0913696,Entry 4,900.0,0.0,900.0
Karnataka_Chikkaballapura_Chintamani_Bhommisettihalli_Somayajalahalli,fmt7r76s,No,Approved,Karnataka,Chikkaballapura,Chintamani,Bhommisettihalli,Somayajalahalli,2024-11-18,250,50,90,Between 8 to 40 years,50, Field Bund,13.4402315,78.0803476,Entry 4,750.0,0.0,750.0
Karnataka_Chikkaballapura_Chintamani_Bhommisettihalli_Upparalahalli,fmvd3gxe,Yes,Audit Approved,Karnataka,Chikkaballapura,Chintamani,Bhommisettihalli,Upparalahalli,2024-11-23,600,200,90,Between 8 to 40 years,60, Field Bund,13.481797,78.0784819,Entry 4,1800.0,0.0,1800.0
Karnataka_Chikkaballapura_Chintamani_Bhoomi_setti_halli_Alapalli,fm2fsqsh,Yes,Audit Approved,Karnataka,Chikkaballapura,Chintamani,Bhoomi setti halli,Alapalli,2024-11-21,800,300,90,Between 8 to 40 years,60, Field Bund,13.479178,78.0898159,Entry 4,2400.0,0.0,2400.0
Karnataka_Chikkaballapura_Chintamani_Bhoomi_setti_halli_Bhoomi_Setti_Halli,fm3m5bw0,No,Approved,Karnataka,Chikkaballapura,Chintamani,Bhoomi setti halli,Bhoomi Setti Halli,2024-11-21,300,100,80,Between 8 to 40 years,60, Field Bund,13.4668623,78.0846259,Entry 4,900.0,0.0,900.0
Karnataka_Chikkaballapura_Chintamani_Bhoomi_setti_halli_Domalapalli,fmxw7wq5,No,Approved,Karnataka,Chikkaballapura,Chintamani,Bhoomi setti halli,Domalapalli,2024-11-21,400,100,90,Between 8 to 40 years,50, Field Bund,13.4710353,78.0892328,Entry 4,1200.0,0.0,1200.0
Karnataka_Chikkaballapura_Chintamani_Bhoomi_setti_halli_Gudumarlahalli,fme6jhw5,No,Approved,Karnataka,Chikkaballapura,Chintamani,Bhoomi setti halli,Gudumarlahalli,2024-11-21,850,250,90,Between 8 to 40 years,50, Field Bund,13.4848166,78.1038379,Entry 4,2550.0,0.0,2550.0
Karnataka_Chikkaballapura_Chintamani_Bhoomi_setti_halli_Siddepalli,fmq27ams,No,Approved,Karnataka,Chikkaballapura,Chintamani,Bhoomi setti halli,Siddepalli,2024-11-21,350,100,90,Below 8 years,50, Field Bund,13.4678197,78.0856294,Entry 4,1050.0,0.0,1050.0
Karnataka_Chikkaballapura_Chintamani_Chinnasandra_Chinnasandra,fm9xiqes,No,Approved,Karnataka,Chikkaballapura,Chintamani,Chinnasandra,Chinnasandra,2024-11-23,150,50,80,Between 8 to 40 years,60, Field Bund,13.3514012,78.026801,Entry 4,450.0,0.0,450.0
Karnataka_Chikkaballapura_Chintamani_Chinnasandra_Doddihalli,fmuhd3pr,No,Approved,Karnataka,Chikkaballapura,Chintamani,Chinnasandra,Doddihalli,2024-11-30,450,100,90,Between 8 to 40 years,60, Field Bund,13.5092031,78.0478036,Entry 4,1350.0,0.0,1350.0
Karnataka_Chikkaballapura_Chintamani_Chinnasandra_Nallaguttahalli,fm5s7ugs,No,Approved,Karnataka,Chikkaballapura,Chintamani,Chinnasandra,Nallaguttahalli,2024-11-20,150,50,80,Between 8 to 40 years,70, Field Bund,13.3790127,78.0279945,Entry 4,450.0,0.0,450.0
Karnataka_Chikkaballapura_Chintamani_Chinnasandra_Narayanahalli,fmdd2qw5,Yes,Audit Approved,Karnataka,Chikkaballapura,Chintamani,Chinnasandra,Narayanahalli,2024-11-20,1200,400,90,Between 8 to 40 years,70,Avenue,13.3803229,78.0153283,Entry 4,3600.0,0.0,3600.0
Karnataka_Chikkaballapura_Chintamani_Chinnasandra_Suladenahalli,fm6toe14,No,Approved,Karnataka,Chikkaballapura,Chintamani,Chinnasandra,Suladenahalli,2024-11-29,500,200,90,Between 8 to 40 years,70, Field Bund,13.3324949,78.0455178,Entry 4,1500.0,0.0,1500.0
Karnataka_Chikkaballapura_Chintamani_Doddaganjur_Doddaganjur,fm8ho67x,No,Approved,Karnataka,Chikkaballapura,Chintamani,Doddaganjur,Doddaganjur,2024-11-29,250,100,90,Below 8 years,50,Avenue,13.3813851,78.0910718,Entry 4,750.0,0.0,750.0
Karnataka_Chikkaballapura_Chintamani_Gollahalli_Seethampalli,fm349n1y,No,Approved,Karnataka,Chikkaballapura,Chintamani,Gollahalli,Seethampalli,2024-11-28,300,100,80,Between 8 to 40 years,60, Field Bund,13.5815752,78.1516028,Entry 4,900.0,0.0,900.0
Karnataka_Chikkaballapura_Chintamani_Hirekattigenahalli_Channakeshavapura,fmpbg0x3,No,Approved,Karnataka,Chikkaballapura,Chintamani,Hirekattigenahalli,Channakeshavapura,2024-11-29,250,100,90,Between 8 to 40 years,70, Field Bund,13.3237076,78.0473856,Entry 4,750.0,0.0,750.0
Karnataka_Chikkaballapura_Chintamani_Hirekattigenahalli_Nidagurki,fml79i5z,No,Approved,Karnataka,Chikkaballapura,Chintamani,Hirekattigenahalli,Nidagurki,2024-11-29,450,150,90,Between 8 to 40 years,70, Field Bund,13.311198,78.0464763,Entry 4,1350.0,0.0,1350.0
Karnataka_Chikkaballapura_Chintamani_Iragampalli_Guddampalli,fmvd9p03,No,Approved,Karnataka,Chikkaballapura,Chintamani,Iragampalli,Guddampalli,2024-11-28,400,100,90,Between 8 to 40 years,50, Field Bund,13.5191991,78.1590206,Entry 4,1200.0,0.0,1200.0
Karnataka_Chikkaballapura_Chintamani_Iragampalli_Gundigere,fmxopl0f,No,Approved,Karnataka,Chikkaballapura,Chintamani,Iragampalli,Gundigere,2024-11-27,200,80,80,Between 8 to 40 years,60, Field Bund,13.5374798,78.1186416,Entry 4,600.0,0.0,600.0
Karnataka_Chikkaballapura_Chintamani_Iragampalli_Guntipalli,fmd8lwn6,No,Approved,Karnataka,Chikkaballapura,Chintamani,Iragampalli,Guntipalli,2024-11-28,850,300,90,Between 8 to 40 years,60, Field Bund,13.5406053,78.1380543,Entry 4,2550.0,0.0,2550.0
Karnataka_Chikkaballapura_Chintamani_Iragampalli_I.Kurupalli,fmrb1lej,No,Approved,Karnataka,Chikkaballapura,Chintamani,Iragampalli,I.Kurupalli,2024-11-28,450,100,90,Between 8 to 40 years,50, Field Bund,13.5247081,78.1425896,Entry 4,1350.0,0.0,1350.0
Karnataka_Chikkaballapura_Chintamani_Iragampalli_Iragampalli,fmsqfevb,No,Approved,Karnataka,Chikkaballapura,Chintamani,Iragampalli,Iragampalli,2024-11-27,850,300,90,Between 8 to 40 years,60, Field Bund,13.5334879,78.129366,Entry 4,2550.0,0.0,2550.0
Karnataka_Chikkaballapura_Chintamani_Iragampalli_Junjanahalli,fmmy3d43,No,Approved,Karnataka,Chikkaballapura,Chintamani,Iragampalli,Junjanahalli,2024-11-27,300,100,90,Between 8 to 40 years,60, Field Bund,13.5227473,78.1242221,Entry 4,900.0,0.0,900.0
Karnataka_Chikkaballapura_Chintamani_Iragampalli_Myakapothalahalli,fmmm39r8,No,Approved,Karnataka,Chikkaballapura,Chintamani,Iragampalli,Myakapothalahalli,2024-11-28,500,150,90,Between 8 to 40 years,60, Field Bund,13.520364,78.1489832,Entry 4,1500.0,0.0,1500.0
Karnataka_Chikkaballapura_Chintamani_Iragampalli_Seetharamapura,fmgxw5jf,No,Approved,Karnataka,Chikkaballapura,Chintamani,Iragampalli,Seetharamapura,2024-11-27,50,20,80,Between 8 to 40 years,50, Field Bund,13.5437616,78.1151907,Entry 4,150.0,0.0,150.0
Karnataka_Chikkaballapura_Chintamani_Iragampalli_Yanamavandlapalli,fm382le6,No,Approved,Karnataka,Chikkaballapura,Chintamani,Iragampalli,Yanamavandlapalli,2024-11-27,1200,500,90,Between 8 to 40 years,60, Field Bund,13.5283753,78.1292525,Entry 4,3600.0,0.0,3600.0
Karnataka_Chikkaballapura_Chintamani_Kagathi_A.Guttahalli,fm53y62m,No,Approved,Karnataka,Chikkaballapura,Chintamani,Kagathi,A.Guttahalli,2024-11-20,300,100,80,Between 8 to 40 years,50, Field Bund,13.3980817,77.994257,Entry 4,900.0,0.0,900.0
Karnataka_Chikkaballapura_Chintamani_Kagathi_Bandamindahalli,fmjzltb0,No,Approved,Karnataka,Chikkaballapura,Chintamani,Kagathi,Bandamindahalli,2024-11-18,300,100,80,Below 8 years,50, Field Bund,13.4678344,78.0440133,Entry 4,900.0,0.0,900.0
Karnataka_Chikkaballapura_Chintamani_Kagathi_Chokkareddihalli,fmqxjcl9,No,Approved,Karnataka,Chikkaballapura,Chintamani,Kagathi,Chokkareddihalli,2024-11-20,300,100,90,Between 8 to 40 years,70,,13.3758411,77.9659131,Entry 4,900.0,0.0,900.0
Karnataka_Chikkaballapura_Chintamani_Kagathi_Donomanagadda,fmq1qu72,No,Approved,Karnataka,Chikkaballapura,Chintamani,Kagathi,Donomanagadda,2024-11-23,100,30,90,Between 8 to 40 years,40, Field Bund,13.5070835,78.0781971,Entry 4,300.0,0.0,300.0
Karnataka_Chikkaballapura_Chintamani_Kagathi_Krishnarajapura,fmyxy3md,No,Approved,Karnataka,Chikkaballapura,Chintamani,Kagathi,Krishnarajapura,2024-11-18,200,50,80,Below 8 years,60, Field Bund,13.424517,78.072998,Entry 4,600.0,0.0,600.0
Karnataka_Chikkaballapura_Chintamani_Kagathi_N_Kothur,fmncbxrt,No,Approved,Karnataka,Chikkaballapura,Chintamani,Kagathi,N Kothur,2024-11-18,350,100,90,Between 8 to 40 years,50, Field Bund,13.4537746,78.0664776,Entry 4,1050.0,0.0,1050.0
Karnataka_Chikkaballapura_Chintamani_Kaiwara_Kaiwara,fmtyy9dm,No,Approved,Karnataka,Chikkaballapura,Chintamani,Kaiwara,Kaiwara,2024-11-23,300,100,90,Between 8 to 40 years,60, Field Bund,13.3546235,77.9947176,Entry 4,900.0,0.0,900.0
Karnataka_Chikkaballapura_Chintamani_Kaiwara_Shamarao_Hospete,fmmzgxh0,No,Approved,Karnataka,Chikkaballapura,Chintamani,Kaiwara,Shamarao Hospete,2024-11-23,450,100,90,Between 8 to 40 years,60, Field Bund,13.3639309,78.0035499,Entry 4,1350.0,0.0,1350.0
Karnataka_Chikkaballapura_Chintamani_Kattariguppa_Thippanahalli,fmlprexf,No,Approved,Karnataka,Chikkaballapura,Chintamani,Kattariguppa,Thippanahalli,2024-11-30,300,100,90,Between 8 to 40 years,60, Field Bund,13.4755329,78.0556019,Entry 4,900.0,0.0,900.0
Karnataka_Chikkaballapura_Chintamani_Kencharlahalli_Kencharlahalli,fm9h8e7b,No,Approved,Karnataka,Chikkaballapura,Chintamani,Kencharlahalli,Kencharlahalli,2024-11-23,450,150,90,Between 8 to 40 years,60, Field Bund,13.5120997,78.0719306,Entry 4,1350.0,0.0,1350.0
Karnataka_Chikkaballapura_Chintamani_Kencharlahalli_Yendapalli,fm0vgzzf,No,Approved,Karnataka,Chikkaballapura,Chintamani,Kencharlahalli,Yendapalli,2024-11-23,400,150,90,Between 8 to 40 years,70, Field Bund,13.5340573,78.0849151,Entry 4,1200.0,0.0,1200.0
Karnataka_Chikkaballapura_Chintamani_Konapalli_Dhanamittanahalli,fm4cwuk8,No,Approved,Karnataka,Chikkaballapura,Chintamani,Konapalli,Dhanamittanahalli,2024-11-19,350,100,90,Between 8 to 40 years,60, Field Bund,13.4472108,78.0276832,Entry 4,1050.0,0.0,1050.0
Karnataka_Chikkaballapura_Chintamani_Konapalli_Kavalaganahalli,fmukuy78,No,Approved,Karnataka,Chikkaballapura,Chintamani,Konapalli,Kavalaganahalli,2024-11-20,200,50,80,Between 8 to 40 years,60, Field Bund,13.3808463,78.0308731,Entry 4,600.0,0.0,600.0
Karnataka_Chikkaballapura_Chintamani_Konapalli_Konappalli,fmtifjbg,No,Approved,Karnataka,Chikkaballapura,Chintamani,Konapalli,Konappalli,2024-11-19,150,50,80,Between 8 to 40 years,70, Field Bund,13.4119732,78.0243671,Entry 4,450.0,0.0,450.0
Karnataka_Chikkaballapura_Chintamani_Konapalli_Nagasandragadde,fmk8quuz,No,Approved,Karnataka,Chikkaballapura,Chintamani,Konapalli,Nagasandragadde,2024-11-19,200,50,80,Below 8 years,40, Field Bund,13.4377717,78.0278154,Entry 4,600.0,0.0,600.0
Karnataka_Chikkaballapura_Chintamani_Konapalli_Subbarayanapete,fmg7ba4n,No,Approved,Karnataka,Chikkaballapura,Chintamani,Konapalli,Subbarayanapete,2024-11-26,100,20,80,Between 8 to 40 years,70, Field Bund,13.3076778,77.9653367,Entry 4,300.0,0.0,300.0
Karnataka_Chikkaballapura_Chintamani_Korlaparthi_Seegalagutta,fmam6jwa,No,Approved,Karnataka,Chikkaballapura,Chintamani,Korlaparthi,Seegalagutta,2024-11-30,600,150,90,Between 8 to 40 years,60, Field Bund,13.5192494,78.0361784,Entry 4,1800.0,0.0,1800.0
Karnataka_Chikkaballapura_Chintamani_Kotagal_Adepalli,fmqdt1r0,No,Approved,Karnataka,Chikkaballapura,Chintamani,Kotagal,Adepalli,2024-11-18,500,150,90,Between 8 to 40 years,60, Field Bund,13.4564529,78.0808323,Entry 4,1500.0,0.0,1500.0
Karnataka_Chikkaballapura_Chintamani_Kotagal_Gopalapura,fmddmqiz,No,Approved,Karnataka,Chikkaballapura,Chintamani,Kotagal,Gopalapura,2024-11-23,350,100,90,Below 8 years,40, Field Bund,13.4710625,78.0760944,Entry 4,1050.0,0.0,1050.0
Karnataka_Chikkaballapura_Chintamani_Kotagal_Jagathanahalli,fmocrs84,No,Approved,Karnataka,Chikkaballapura,Chintamani,Kotagal,Jagathanahalli,2024-11-30,250,100,90,Between 8 to 40 years,50, Field Bund,13.4788726,78.0585961,Entry 4,750.0,0.0,750.0
Karnataka_Chikkaballapura_Chintamani_Kotagal_K.Raguttahalli,fmc3b9dh,Yes,Audit Approved,Karnataka,Chikkaballapura,Chintamani,Kotagal,K.Raguttahalli,2024-11-30,700,200,90,Between 8 to 40 years,60, Field Bund,13.472646,78.0532194,Entry 4,2100.0,0.0,2100.0
Karnataka_Chikkaballapura_Chintamani_Kotagal_Kotagal,fmzta0ex,Yes,Audit Approved,Karnataka,Chikkaballapura,Chintamani,Kotagal,Kotagal,2024-11-23,1200,400,90,Between 8 to 40 years,70, Field Bund,13.4874646,78.0587366,Entry 4,3600.0,0.0,3600.0
Karnataka_Chikkaballapura_Chintamani_Kotagal_Kothur,fmt1mdyf,No,Approved,Karnataka,Chikkaballapura,Chintamani,Kotagal,Kothur,2024-11-30,400,100,90,Between 8 to 40 years,50, Field Bund,13.443193,78.0649554,Entry 4,1200.0,0.0,1200.0
Karnataka_Chikkaballapura_Chintamani_Kotagal_Kurumarlahalli,fm5o8exw,No,Approved,Karnataka,Chikkaballapura,Chintamani,Kotagal,Kurumarlahalli,2024-11-30,500,150,90,Between 8 to 40 years,60, Field Bund,13.4998802,78.0496706,Entry 4,1500.0,0.0,1500.0
Karnataka_Chikkaballapura_Chintamani_Kotagal_Narasapura,fmnznyv6,No,Approved,Karnataka,Chikkaballapura,Chintamani,Kotagal,Narasapura,2024-11-30,300,100,90,Between 8 to 40 years,50, Field Bund,13.4811023,78.0450063,Entry 4,900.0,0.0,900.0
Karnataka_Chikkaballapura_Chintamani_Kotagal_Singrepalli,fmvvm8fb,No,Approved,Karnataka,Chikkaballapura,Chintamani,Kotagal,Singrepalli,2024-11-30,150,50,80,Between 8 to 40 years,50, Field Bund,13.4749771,78.0579286,Entry 4,450.0,0.0,450.0
Karnataka_Chikkaballapura_Chintamani_Kotagal_Sujjanahalli,fmhlmsps,No,Approved,Karnataka,Chikkaballapura,Chintamani,Kotagal,Sujjanahalli,2024-11-30,250,100,90,Between 8 to 40 years,50, Field Bund,13.5011631,78.0585549,Entry 4,750.0,0.0,750.0
Karnataka_Chikkaballapura_Chintamani_Kotagal_Vasanthahalli,fmciowmm,No,Approved,Karnataka,Chikkaballapura,Chintamani,Kotagal,Vasanthahalli,2024-11-30,400,100,90,Between 8 to 40 years,70, Field Bund,13.4569293,78.0560078,Entry 4,1200.0,0.0,1200.0
Karnataka_Chikkaballapura_Chintamani_Kotagal_Veerapalli,fm4lqv0s,No,Approved,Karnataka,Chikkaballapura,Chintamani,Kotagal,Veerapalli,2024-11-23,600,150,90,Below 8 years,50, Field Bund,13.4732468,78.0725155,Entry 4,1800.0,0.0,1800.0
Karnataka_Chikkaballapura_Chintamani_Kurubur_Gadadhasanahalli,fmjlplnl,No,Approved,Karnataka,Chikkaballapura,Chintamani,Kurubur,Gadadhasanahalli,2024-11-22,2100,600,90,Between 8 to 40 years,70,Block Plantation,13.3224294,78.0917306,Entry 4,6300.0,0.0,6300.0
Karnataka_Chikkaballapura_Chintamani_Kurubur_Gajalahalli,fmrp7hyo,No,Approved,Karnataka,Chikkaballapura,Chintamani,Kurubur,Gajalahalli,2024-11-29,200,50,90,Between 8 to 40 years,70, Field Bund,13.3148086,78.0679531,Entry 4,600.0,0.0,600.0
Karnataka_Chikkaballapura_Chintamani_Kurubur_Kootharajanahalli,fm83k848,No,Approved,Karnataka,Chikkaballapura,Chintamani,Kurubur,Kootharajanahalli,2024-11-22,150,50,90,Between 8 to 40 years,60, Field Bund,13.3218881,78.0714391,Entry 4,450.0,0.0,450.0
Karnataka_Chikkaballapura_Chintamani_Kurubur_Kuruburu,fmc84km9,No,Approved,Karnataka,Chikkaballapura,Chintamani,Kurubur,Kuruburu,2024-11-29,150,50,80,Between 8 to 40 years,50, Field Bund,13.3124785,78.0825167,Entry 4,450.0,0.0,450.0
Karnataka_Chikkaballapura_Chintamani_Kurubur_Mylandahalli,fm0i11ct,No,Approved,Karnataka,Chikkaballapura,Chintamani,Kurubur,Mylandahalli,2024-11-29,250,100,90,Between 8 to 40 years,40, Field Bund,13.3170423,78.0916221,Entry 4,750.0,0.0,750.0
Karnataka_Chikkaballapura_Chintamani_Kurubur_Seekallu,fmptd3ft,No,Approved,Karnataka,Chikkaballapura,Chintamani,Kurubur,Seekallu,2024-11-29,200,50,90,Between 8 to 40 years,50, Field Bund,13.3120334,78.1050104,Entry 4,600.0,0.0,600.0
Karnataka_Chikkaballapura_Chintamani_M_Gollahalli_Channarayagadde,fm3td9ue,No,Approved,Karnataka,Chikkaballapura,Chintamani,M Gollahalli,Channarayagadde,2024-11-28,150,50,80,Between 8 to 40 years,50, Field Bund,13.5499483,78.1674164,Entry 4,450.0,0.0,450.0
Karnataka_Chikkaballapura_Chintamani_M.Gollahalli_Palligadde,fmylkt1a,No,Approved,Karnataka,Chikkaballapura,Chintamani,M.Gollahalli,Palligadde,2024-11-28,300,100,90,Between 8 to 40 years,50, Field Bund,13.5297764,78.1611536,Entry 4,900.0,0.0,900.0
Karnataka_Chikkaballapura_Chintamani_M.Gollahalli_Venkatarayanakote,fmqv2vxw,No,Approved,Karnataka,Chikkaballapura,Chintamani,M.Gollahalli,Venkatarayanakote,2024-11-28,400,100,80,Between 8 to 40 years,50, Field Bund,13.545749,78.166075,Entry 4,1200.0,0.0,1200.0
Karnataka_Chikkaballapura_Chintamani_Mastenahalli_Hulugummanahalli,fm6lxgn3,No,Approved,Karnataka,Chikkaballapura,Chintamani,Mastenahalli,Hulugummanahalli,2024-11-26,400,100,90,Between 8 to 40 years,60, Field Bund,13.3615448,77.977405,Entry 4,1200.0,0.0,1200.0
Karnataka_Chikkaballapura_Chintamani_Masthenahalli_T.Hossur,fmnbju63,No,Approved,Karnataka,Chikkaballapura,Chintamani,Masthenahalli,T.Hossur,2024-11-26,50,20,80,Below 8 years,50, Field Bund,13.3284595,77.9773766,Entry 4,150.0,0.0,150.0
Karnataka_Chikkaballapura_Chintamani_Mindigal_Bandakote,fmztp50m,No,Approved,Karnataka,Chikkaballapura,Chintamani,Mindigal,Bandakote,2024-11-27,400,100,90,Between 8 to 40 years,60, Field Bund,13.4993959,78.0948554,Entry 4,1200.0,0.0,1200.0
Karnataka_Chikkaballapura_Chintamani_Mindigal_Bathalahalli,fmk62vga,No,Approved,Karnataka,Chikkaballapura,Chintamani,Mindigal,Bathalahalli,2024-11-27,250,100,90,Between 8 to 40 years,50, Field Bund,13.5091946,78.1019655,Entry 4,750.0,0.0,750.0
Karnataka_Chikkaballapura_Chintamani_Mindigal_Bhoopanahalli,fms3cddw,No,Approved,Karnataka,Chikkaballapura,Chintamani,Mindigal,Bhoopanahalli,2024-11-27,250,100,90,Below 8 years,50, Field Bund,13.5325801,78.1105355,Entry 4,750.0,0.0,750.0
Karnataka_Chikkaballapura_Chintamani_Mindigal_Bodanamari,fmq0u2d2,No,Approved,Karnataka,Chikkaballapura,Chintamani,Mindigal,Bodanamari,2024-11-23,350,100,90,Between 8 to 40 years,50, Field Bund,13.5000916,78.0640421,Entry 4,1050.0,0.0,1050.0
Karnataka_Chikkaballapura_Chintamani_Mindigal_Gollahalli.,fm5lh8uc,No,Approved,Karnataka,Chikkaballapura,Chintamani,Mindigal,Gollahalli.,2024-11-29,50,30,90,Between 8 to 40 years,50, Field Bund,13.3715378,78.0905676,Entry 1,150.0,0.0,150.0
Karnataka_Chikkaballapura_Chintamani_Mindigal_Gudisilahalli,fm3sr5c0,No,Approved,Karnataka,Chikkaballapura,Chintamani,Mindigal,Gudisilahalli,2024-11-23,350,100,90,Between 8 to 40 years,60, Field Bund,13.5025113,78.0789181,Entry 4,1050.0,0.0,1050.0
Karnataka_Chikkaballapura_Chintamani_Mindigal_Guttur,fmbp9895,No,Approved,Karnataka,Chikkaballapura,Chintamani,Mindigal,Guttur,2024-11-23,200,60,80,Between 8 to 40 years,60, Field Bund,13.5232698,78.0732622,Entry 4,600.0,0.0,600.0
Karnataka_Chikkaballapura_Chintamani_Mindigal_Mindigal,fmb4pukt,No,Approved,Karnataka,Chikkaballapura,Chintamani,Mindigal,Mindigal,2024-11-23,250,100,90,Between 8 to 40 years,60, Field Bund,13.5210621,78.0850404,Entry 4,750.0,0.0,750.0
Karnataka_Chikkaballapura_Chintamani_Mindigal_Nallarallahalli,fmjfj114,No,Approved,Karnataka,Chikkaballapura,Chintamani,Mindigal,Nallarallahalli,2024-11-27,500,150,90,Between 8 to 40 years,50, Field Bund,13.5112827,78.0883851,Entry 4,1500.0,0.0,1500.0
Karnataka_Chikkaballapura_Chintamani_Mindigal_Neranahalli,fmgeqqvh,No,Approved,Karnataka,Chikkaballapura,Chintamani,Mindigal,Neranahalli,2024-11-27,150,80,90,Below 8 years,40, Field Bund,13.5241511,78.1096895,Entry 4,450.0,0.0,450.0
Karnataka_Chikkaballapura_Chintamani_Mindigal_Subbarayanapalya,fmdwg7ag,No,Approved,Karnataka,Chikkaballapura,Chintamani,Mindigal,Subbarayanapalya,2024-11-27,350,100,90,Between 8 to 40 years,60, Field Bund,13.5226634,78.1059141,Entry 4,1050.0,0.0,1050.0
Karnataka_Chikkaballapura_Chintamani_Mindigal_Yadahalli,fm2udyrt,No,Approved,Karnataka,Chikkaballapura,Chintamani,Mindigal,Yadahalli,2024-11-22,200,60,70,Between 8 to 40 years,70, Field Bund,13.3202733,78.0824967,Entry 4,600.0,0.0,600.0
Karnataka_Chikkaballapura_Chintamani_Mitta_Halli_Rangenahalli,fm5diqv6,No,Approved,Karnataka,Chikkaballapura,Chintamani,Mitta Halli,Rangenahalli,2024-11-30,250,50,80,Between 8 to 40 years,60, Field Bund,13.5323335,78.0148019,Entry 4,750.0,0.0,750.0
Karnataka_Chikkaballapura_Chintamani_Mittahalli_Doddaguttahalli,fm6xq6s6,No,Approved,Karnataka,Chikkaballapura,Chintamani,Mittahalli,Doddaguttahalli,2024-11-30,500,100,80,Between 8 to 40 years,50, Field Bund,13.5229468,78.0199972,Entry 4,1500.0,0.0,1500.0
Karnataka_Chikkaballapura_Chintamani_Moodlagollahalli_Guttapalya,fm8w2drt,No,Approved,Karnataka,Chikkaballapura,Chintamani,Moodlagollahalli,Guttapalya,2024-11-28,250,100,90,Between 8 to 40 years,60, Field Bund,13.5295944,78.193432,Entry 4,750.0,0.0,750.0
Karnataka_Chikkaballapura_Chintamani_Moodlagollahalli_Kappalli,fm0yzc7g,No,Approved,Karnataka,Chikkaballapura,Chintamani,Moodlagollahalli,Kappalli,2024-11-28,150,50,80,Between 8 to 40 years,60, Field Bund,13.5272893,78.1682266,Entry 4,450.0,0.0,450.0
Karnataka_Chikkaballapura_Chintamani_Moodlagollahalli_Lakkepalli,fmuamman,No,Approved,Karnataka,Chikkaballapura,Chintamani,Moodlagollahalli,Lakkepalli,2024-11-28,200,50,90,Below 8 years,40, Field Bund,13.5287181,78.1750603,Entry 4,600.0,0.0,600.0
Karnataka_Chikkaballapura_Chintamani_Moodlagollahalli_Mudalagollahalli,fmsxl68s,No,Approved,Karnataka,Chikkaballapura,Chintamani,Moodlagollahalli,Mudalagollahalli,2024-11-28,200,50,80,Between 8 to 40 years,50, Field Bund,13.5581311,78.1693552,Entry 4,600.0,0.0,600.0
Karnataka_Chikkaballapura_Chintamani_Moodlagollahalli_Munganahalli,fme3al03,No,Approved,Karnataka,Chikkaballapura,Chintamani,Moodlagollahalli,Munganahalli,2024-11-22,200,50,80,Between 8 to 40 years,60, Field Bund,13.3519164,78.0563694,Entry 4,600.0,0.0,600.0
Karnataka_Chikkaballapura_Chintamani_Moodlagollahalli_Yerraigaripalli,fmlz0pux,No,Approved,Karnataka,Chikkaballapura,Chintamani,Moodlagollahalli,Yerraigaripalli,2024-11-28,100,40,90,Between 8 to 40 years,50, Field Bund,13.5214764,78.163617,Entry 4,300.0,0.0,300.0
Karnataka_Chikkaballapura_Chintamani_Munaganahalli_Alambagiri,fmvmmjlq,No,Approved,Karnataka,Chikkaballapura,Chintamani,Munaganahalli,Alambagiri,2024-11-22,250,80,80,Between 8 to 40 years,70, Field Bund,13.3366166,78.0609371,Entry 4,750.0,0.0,750.0
Karnataka_Chikkaballapura_Chintamani_Munaganahalli_Alambagiri_Hosahalli,fmqf3uli,No,Approved,Karnataka,Chikkaballapura,Chintamani,Munaganahalli,Alambagiri Hosahalli,2024-11-22,200,60,90,Between 8 to 40 years,70, Field Bund,13.3324752,78.0655055,Entry 4,600.0,0.0,600.0
Karnataka_Chikkaballapura_Chintamani_Munaganahalli_Kachihalli,fmdzb1tt,No,Approved,Karnataka,Chikkaballapura,Chintamani,Munaganahalli,Kachihalli,2024-11-22,100,30,80,Between 8 to 40 years,40, Field Bund,13.3569036,78.0769755,Entry 4,300.0,0.0,300.0
Karnataka_Chikkaballapura_Chintamani_Munaganahalli_Katamachnahalli,fmdht3mk,Yes,Audit Approved,Karnataka,Chikkaballapura,Chintamani,Munaganahalli,Katamachnahalli,2024-11-22,800,350,90,Between 8 to 40 years,70,Avenue,13.3688801,78.0418437,Entry 4,2400.0,0.0,2400.0
Karnataka_Chikkaballapura_Chintamani_Muragamalla_Yerrakote,fmeuqo21,No,Approved,Karnataka,Chikkaballapura,Chintamani,Muragamalla,Yerrakote,2024-11-21,600,200,90,Between 8 to 40 years,40, Field Bund,13.4569705,78.119729,Entry 4,1800.0,0.0,1800.0
Karnataka_Chikkaballapura_Chintamani_Murugamalla_Bynahalli,fm07xwob,No,Approved,Karnataka,Chikkaballapura,Chintamani,Murugamalla,Bynahalli,2024-11-21,500,100,80,Between 8 to 40 years,60, Field Bund,13.4651677,78.1310874,Entry 4,1500.0,0.0,1500.0
Karnataka_Chikkaballapura_Chintamani_Murugamalla_Chalamakote,fmt02emc,No,Approved,Karnataka,Chikkaballapura,Chintamani,Murugamalla,Chalamakote,2024-11-21,500,100,90,Between 8 to 40 years,60, Field Bund,13.4431414,78.1160026,Entry 4,1500.0,0.0,1500.0
Karnataka_Chikkaballapura_Chintamani_Murugamalla_Doddakarakamakalahalli,fmeaehps,No,Approved,Karnataka,Chikkaballapura,Chintamani,Murugamalla,Doddakarakamakalahalli,2024-11-21,250,50,80,Between 8 to 40 years,70, Field Bund,13.4372465,78.133578,Entry 4,750.0,0.0,750.0
Karnataka_Chikkaballapura_Chintamani_Murugamalla_G_Bathalahalli,fmgqa1yk,No,Approved,Karnataka,Chikkaballapura,Chintamani,Murugamalla,G Bathalahalli,2024-11-21,400,150,90,Between 8 to 40 years,60, Field Bund,13.4779379,78.1138449,Entry 4,1200.0,0.0,1200.0
Karnataka_Chikkaballapura_Chintamani_Murugamalla_Gollahalli,fm04gzxb,No,Approved,Karnataka,Chikkaballapura,Chintamani,Murugamalla,Gollahalli,2024-11-21,150,50,80,Between 8 to 40 years,60, Field Bund,13.435165,78.1242197,Entry 4,450.0,0.0,450.0
Karnataka_Chikkaballapura_Chintamani_Murugamalla_Gudarlahalli,fmsdx98k,No,Approved,Karnataka,Chikkaballapura,Chintamani,Murugamalla,Gudarlahalli,2024-11-21,600,150,90,Below 8 years,40, Field Bund,13.4523004,78.1150667,Entry 4,1800.0,0.0,1800.0
Karnataka_Chikkaballapura_Chintamani_Murugamalla_Gundlahalli,fm3dxcsn,No,Approved,Karnataka,Chikkaballapura,Chintamani,Murugamalla,Gundlahalli,2024-11-21,300,100,90,Between 8 to 40 years,60, Field Bund,13.4715182,78.1176399,Entry 4,900.0,0.0,900.0
Karnataka_Chikkaballapura_Chintamani_Murugamalla_Shettihalli,fm5bo1k5,No,Approved,Karnataka,Chikkaballapura,Chintamani,Murugamalla,Shettihalli,2024-11-21,150,50,90,Between 8 to 40 years,60, Field Bund,13.4352479,78.1431702,Entry 4,450.0,0.0,450.0
Karnataka_Chikkaballapura_Chintamani_Nambihalli_Yaluvakunte,fmduqsv2,No,Approved,Karnataka,Chikkaballapura,Chintamani,Nambihalli,Yaluvakunte,2024-11-29,150,50,90,Between 8 to 40 years,50, Field Bund,13.3229394,78.1215262,Entry 4,450.0,0.0,450.0
Karnataka_Chikkaballapura_Chintamani_Nandiganahalli_Annepalli,fmjojyf5,No,Approved,Karnataka,Chikkaballapura,Chintamani,Nandiganahalli,Annepalli,2024-11-21,200,50,70,Between 8 to 40 years,50,Forest,13.4371233,78.1515377,Entry 4,600.0,0.0,600.0
Karnataka_Chikkaballapura_Chintamani_Nandiganahalli_Chikkakarakamakalahalli,fmjxjbh9,No,Approved,Karnataka,Chikkaballapura,Chintamani,Nandiganahalli,Chikkakarakamakalahalli,2024-11-21,50,20,90,Between 8 to 40 years,40, Field Bund,13.4346354,78.1490253,Entry 4,150.0,0.0,150.0
Karnataka_Chikkaballapura_Chintamani_Oolavadi_Booragamakalahalli,fmy0ntkb,Yes,Audit Approved,Karnataka,Chikkaballapura,Chintamani,Oolavadi,Booragamakalahalli,2024-11-20,750,250,90,Between 8 to 40 years,70, Field Bund,13.3800819,77.9772555,Entry 4,2250.0,0.0,2250.0
Karnataka_Chikkaballapura_Chintamani_Oolavadi_Gopasandra,fmg23x4o,No,Approved,Karnataka,Chikkaballapura,Chintamani,Oolavadi,Gopasandra,2024-11-29,50,20,80,Below 8 years,40, Field Bund,13.3922485,78.0691229,Entry 1,150.0,0.0,150.0
Karnataka_Chikkaballapura_Chintamani_Oolavadi_Madikere,fm80geu6,No,Approved,Karnataka,Chikkaballapura,Chintamani,Oolavadi,Madikere,2024-11-29,50,10,90,Between 8 to 40 years,40, Field Bund,13.3780377,78.0878501,Entry 4,150.0,0.0,150.0
Karnataka_Chikkaballapura_Chintamani_Paiduru_Chowdareddipalya,fmiyhc0d,No,Approved,Karnataka,Chikkaballapura,Chintamani,Paiduru,Chowdareddipalya,2024-11-28,250,80,80,Below 8 years,40, Field Bund,13.523757,78.188233,Entry 4,750.0,0.0,750.0
Karnataka_Chikkaballapura_Chintamani_Peddur_Nagarajapalli,fmit7e06,No,Approved,Karnataka,Chikkaballapura,Chintamani,Peddur,Nagarajapalli,2024-11-28,500,200,90,Between 8 to 40 years,60, Field Bund,13.5224702,78.1765901,Entry 4,1500.0,0.0,1500.0
Karnataka_Chikkaballapura_Chintamani_Perumachana_Halli_Kendanahalli,fmyt01zx,No,Approved,Karnataka,Chikkaballapura,Chintamani,Perumachana Halli,Kendanahalli,2024-11-23,300,100,80,Between 8 to 40 years,60, Field Bund,13.3494015,78.0207775,Entry 4,900.0,0.0,900.0
Karnataka_Chikkaballapura_Chintamani_Perumachana_Halli_Konganahalli,fm2j00ll,No,Approved,Karnataka,Chikkaballapura,Chintamani,Perumachana Halli,Konganahalli,2024-11-23,250,80,90,Between 8 to 40 years,60, Field Bund,13.3288907,77.9950137,Entry 4,750.0,0.0,750.0
Karnataka_Chikkaballapura_Chintamani_Perumachana_Halli_Mylapura,fmlexogh,Yes,Audit Approved,Karnataka,Chikkaballapura,Chintamani,Perumachana Halli,Mylapura,2024-11-23,550,200,90,Between 8 to 40 years,70,Riverbank,13.3703657,78.0151065,Entry 4,1650.0,0.0,1650.0
Karnataka_Chikkaballapura_Chintamani_Perumachana_Halli_Nagadenahalli,fmms22s4,Yes,Audit Approved,Karnataka,Chikkaballapura,Chintamani,Perumachana Halli,Nagadenahalli,2024-11-23,550,150,90,Between 8 to 40 years,60, Field Bund,13.3580722,78.0205804,Entry 4,1650.0,0.0,1650.0
Karnataka_Chikkaballapura_Chintamani_Perumachana_Halli_Perumachanahalli,fmdb312k,No,Approved,Karnataka,Chikkaballapura,Chintamani,Perumachana Halli,Perumachanahalli,2024-11-23,300,100,90,Between 8 to 40 years,50, Field Bund,13.339768,78.0091459,Entry 4,900.0,0.0,900.0
Karnataka_Chikkaballapura_Chintamani_Raguttahalli_Eathamakalhalli,fmqxs29k,No,Approved,Karnataka,Chikkaballapura,Chintamani,Raguttahalli,Eathamakalhalli,2024-11-28,700,300,90,Between 8 to 40 years,50, Field Bund,13.5470893,78.1340481,Entry 4,2100.0,0.0,2100.0
Karnataka_Chikkaballapura_Chintamani_Raguttahalli_Gudivabanahalli,fm1i41mm,No,Approved,Karnataka,Chikkaballapura,Chintamani,Raguttahalli,Gudivabanahalli,2024-11-28,350,100,90,Between 8 to 40 years,60, Field Bund,13.5531192,78.1353069,Entry 4,1050.0,0.0,1050.0
Karnataka_Chikkaballapura_Chintamani_Raguttahalli_Nagarajahosahalli,fm687jef,No,Approved,Karnataka,Chikkaballapura,Chintamani,Raguttahalli,Nagarajahosahalli,2024-11-28,100,40,80,Between 8 to 40 years,50, Field Bund,13.5698535,78.1307499,Entry 4,300.0,0.0,300.0
Karnataka_Chikkaballapura_Chintamani_Raguttahalli_Pulagundlahalli,fmtxw0lo,No,Approved,Karnataka,Chikkaballapura,Chintamani,Raguttahalli,Pulagundlahalli,2024-11-27,3300,1000,90,Between 8 to 40 years,50, Field Bund,13.5034354,78.1282775,Entry 4,9900.0,0.0,9900.0
Karnataka_Chikkaballapura_Chintamani_Raguttahalli_Raghuttahalli,fmj8unaa,No,Approved,Karnataka,Chikkaballapura,Chintamani,Raguttahalli,Raghuttahalli,2024-11-28,600,200,90,Between 8 to 40 years,40, Field Bund,13.5648826,78.1356179,Entry 4,1800.0,0.0,1800.0
Karnataka_Chikkaballapura_Chintamani_Raguttahalli_Y.Gollahalli,fmr55rdf,No,Approved,Karnataka,Chikkaballapura,Chintamani,Raguttahalli,Y.Gollahalli,2024-11-23,500,200,90,Between 8 to 40 years,50, Field Bund,13.5276683,78.092196,Entry 4,1500.0,0.0,1500.0
Karnataka_Chikkaballapura_Chintamani_Santekalla_Halli_Virupakshapura,fmm8fwzd,No,Approved,Karnataka,Chikkaballapura,Chintamani,Santekalla Halli,Virupakshapura,2024-11-26,100,30,80,Below 8 years,40, Field Bund,13.3050533,77.9558162,Entry 4,300.0,0.0,300.0
Karnataka_Chikkaballapura_Chintamani_Settyhalli_Chowdadenahalli,fmzax0ho,No,Approved,Karnataka,Chikkaballapura,Chintamani,Settyhalli,Chowdadenahalli,2024-11-18,500,150,90,Between 8 to 40 years,60, Field Bund,13.4557678,78.0574229,Entry 4,1500.0,0.0,1500.0
Karnataka_Chikkaballapura_Chintamani_Settyhalli_Gownahalli,fm6evkuj,Yes,Audit Approved,Karnataka,Chikkaballapura,Chintamani,Settyhalli,Gownahalli,2024-11-19,2200,500,90,Between 8 to 40 years,50, Field Bund,13.4524727,78.0266318,Entry 4,6600.0,0.0,6600.0
Karnataka_Chikkaballapura_Chintamani_Settyhalli_M0shilahalli,fmyjdyj4,Yes,Audit Approved,Karnataka,Chikkaballapura,Chintamani,Settyhalli,M0shilahalli,2024-11-19,550,200,90,Between 8 to 40 years,70, Field Bund,13.468245,78.0241802,Entry 4,1650.0,0.0,1650.0
Karnataka_Chikkaballapura_Chintamani_Settyhalli_Thammepalli,fmmx0t63,Yes,Audit Approved,Karnataka,Chikkaballapura,Chintamani,Settyhalli,Thammepalli,2024-11-18,1600,400,90,Between 8 to 40 years,70,Block Plantation,13.466167,78.0398477,Entry 4,4800.0,0.0,4800.0
Karnataka_Chikkaballapura_Chintamani_Talagawara_Atturu,fm17qn9x,No,Approved,Karnataka,Chikkaballapura,Chintamani,Talagawara,Atturu,2024-11-26,2000,700,90,Between 8 to 40 years,60,Riverbank,13.307096,77.9428327,Entry 4,6000.0,0.0,6000.0
Karnataka_Chikkaballapura_Chintamani_Talagawara_Hosahalli,fmsomxdy,No,Approved,Karnataka,Chikkaballapura,Chintamani,Talagawara,Hosahalli,2024-11-26,200,80,90,Between 8 to 40 years,70, Field Bund,13.3135884,77.9792957,Entry 4,600.0,0.0,600.0
Karnataka_Chikkaballapura_Chintamani_Talagawara_Mallikapura,fm4931dt,No,Approved,Karnataka,Chikkaballapura,Chintamani,Talagawara,Mallikapura,2024-11-26,200,100,90,Between 8 to 40 years,60,Avenue,13.3188298,77.9595445,Entry 4,600.0,0.0,600.0
Karnataka_Chikkaballapura_Chintamani_Talagawara_Talagavara,fm11yq2a,No,Approved,Karnataka,Chikkaballapura,Chintamani,Talagawara,Talagavara,2024-11-26,2000,500,90,Below 8 years,40,Riverbank,13.3227761,77.9890017,Entry 4,6000.0,0.0,6000.0
Karnataka_Chikkaballapura_Chintamani_Talagawara_Vaddihalli,fm64ywsx,No,Approved,Karnataka,Chikkaballapura,Chintamani,Talagawara,Vaddihalli,2024-11-26,800,300,90,Between 8 to 40 years,70,Avenue,13.3183741,77.9372921,Entry 4,2400.0,0.0,2400.0
Karnataka_Chikkaballapura_Chintamani_Upparapet_Amitiganahalli,fm4n64jy,No,Approved,Karnataka,Chikkaballapura,Chintamani,Upparapet,Amitiganahalli,2024-11-20,200,70,80,Between 8 to 40 years,60, Field Bund,13.4045692,77.9984329,Entry 4,600.0,0.0,600.0
Karnataka_Chikkaballapura_Chintamani_Upparapet_Bommekallu,fm1ve5im,Yes,Audit Approved,Karnataka,Chikkaballapura,Chintamani,Upparapet,Bommekallu,2024-11-20,2600,500,90,Between 8 to 40 years,60, Field Bund,13.399399,77.9845918,Entry 4,7800.0,0.0,7800.0
Karnataka_Chikkaballapura_Chintamani_Upparapet_Chikkakondrahalli,fmtxuhax,No,Approved,Karnataka,Chikkaballapura,Chintamani,Upparapet,Chikkakondrahalli,2024-11-20,250,100,90,Between 8 to 40 years,60, Field Bund,13.3784322,77.9983349,Entry 4,750.0,0.0,750.0
Karnataka_Chikkaballapura_Chintamani_Upparapet_Chorapalli,fmolgoco,No,Approved,Karnataka,Chikkaballapura,Chintamani,Upparapet,Chorapalli,2024-11-19,200,50,90,Below 8 years,40,Avenue,13.4075397,78.0200004,Entry 4,600.0,0.0,600.0
Karnataka_Chikkaballapura_Chintamani_Upparapet_Doddakondrahalli,fmw6di6b,No,Approved,Karnataka,Chikkaballapura,Chintamani,Upparapet,Doddakondrahalli,2024-11-20,150,50,90,Below 8 years,50, Field Bund,13.3735622,77.9950061,Entry 4,450.0,0.0,450.0
Karnataka_Chikkaballapura_Chintamani_Upparapet_Gubalahalli,fmehfs84,No,Approved,Karnataka,Chikkaballapura,Chintamani,Upparapet,Gubalahalli,2024-11-20,400,100,90,Between 8 to 40 years,70, Field Bund,13.3728406,77.9965059,Entry 4,1200.0,0.0,1200.0
Karnataka_Chikkaballapura_Chintamani_Upparapet_Kempadenahalli,fm6d66me,Yes,Audit Approved,Karnataka,Chikkaballapura,Chintamani,Upparapet,Kempadenahalli,2024-11-20,500,150,90,Between 8 to 40 years,60, Field Bund,13.3791423,77.9880289,Entry 4,1500.0,0.0,1500.0
Karnataka_Chikkaballapura_Chintamani_Upparapet_Thinakallu,fmsduxwn,Yes,Audit Approved,Karnataka,Chikkaballapura,Chintamani,Upparapet,Thinakallu,2024-11-20,1000,200,90,Between 8 to 40 years,60, Field Bund,13.3997306,77.9644861,Entry 4,3000.0,0.0,3000.0
Karnataka_Chikkaballapura_Chintamani_Upparapet_Upparapete,fm6nnvq2,No,Approved,Karnataka,Chikkaballapura,Chintamani,Upparapet,Upparapete,2024-11-19,250,50,80,Between 8 to 40 years,50, Field Bund,13.4026956,78.0032463,Entry 4,750.0,0.0,750.0
Karnataka_Chikkaballapura_Chintamani_Upparapet_Vaddahalli,fmc82ygx,No,Approved,Karnataka,Chikkaballapura,Chintamani,Upparapet,Vaddahalli,2024-11-20,400,100,90,Between 8 to 40 years,60, Field Bund,13.384571,78.0063338,Entry 4,1200.0,0.0,1200.0
Karnataka_Chikkaballapura_Chintamani_Yagavakote_Bandarlahalli,fmc5givi,No,Approved,Karnataka,Chikkaballapura,Chintamani,Yagavakote,Bandarlahalli,2024-11-29,200,50,80,Between 8 to 40 years,60, Field Bund,13.3095744,78.0588869,Entry 4,600.0,0.0,600.0
Karnataka_Chikkaballapura_Chintamani_Yagavakote_Naravamakalahalli,fmzk3361,No,Approved,Karnataka,Chikkaballapura,Chintamani,Yagavakote,Naravamakalahalli,2024-11-27,400,100,90,Between 8 to 40 years,40, Field Bund,13.5131034,78.1333293,Entry 4,1200.0,0.0,1200.0
Karnataka_Chikkaballapura_Chintamani_Yenigadele_Kanchinayakanahalli,fmttw6nf,No,Approved,Karnataka,Chikkaballapura,Chintamani,Yenigadele,Kanchinayakanahalli,2024-11-28,150,50,90,Below 8 years,40, Field Bund,13.5699082,78.1639724,Entry 4,450.0,0.0,450.0
Karnataka_Chikkaballapura_Gauribidanur_Alakapura_Alakapura,fmwt5o2u,No,Approved,Karnataka,Chikkaballapura,Gauribidanur,Alakapura,Alakapura,2024-09-13,110,40,80,Between 8 to 40 years,60, Field Bund,13.5631161,77.5162987,Entry 4,330.0,0.0,330.0
Karnataka_Chikkaballapura_Gauribidanur_Alakapura_Hanumenahalli,fmz8u8zp,No,Approved,Karnataka,Chikkaballapura,Gauribidanur,Alakapura,Hanumenahalli,2024-09-25,270,70,80,Below 8 years,40,Forest,13.7041858,77.593447,Entry 4,810.0,0.0,810.0
Karnataka_Chikkaballapura_Gauribidanur_Alakapura_Nandiganahalli,fmnjzpbx,No,Approved,Karnataka,Chikkaballapura,Gauribidanur,Alakapura,Nandiganahalli,2024-09-13,130,60,80,Below 8 years,70,Block Plantation,13.5550268,77.5300176,Entry 4,390.0,0.0,390.0
Karnataka_Chikkaballapura_Gauribidanur_Alakapura_Pothenahalli,fmbezov9,No,Approved,Karnataka,Chikkaballapura,Gauribidanur,Alakapura,Pothenahalli,2024-09-24,140,40,80,Below 8 years,40,Avenue,13.5211029,77.5197438,Entry 4,420.0,0.0,420.0
Karnataka_Chikkaballapura_Gauribidanur_Alakapura_Rayarekalahalli,fmbjlavl,No,Approved,Karnataka,Chikkaballapura,Gauribidanur,Alakapura,Rayarekalahalli,2024-09-13,180,50,80,Between 8 to 40 years,70,Riverbank,13.5537203,77.5404749,Entry 4,540.0,0.0,540.0
Karnataka_Chikkaballapura_Gauribidanur_B.Bommasandra_B.Bommasandra,fmc5trj9,No,Approved,Karnataka,Chikkaballapura,Gauribidanur,B.Bommasandra,B.Bommasandra,2024-08-30,1050,300,90,Below 8 years,70,Avenue,13.6161829,77.582125,Entry 4,3150.0,0.0,3150.0
Karnataka_Chikkaballapura_Gauribidanur_B.Bommasandra_Middilu,fm230jsa,No,Approved,Karnataka,Chikkaballapura,Gauribidanur,B.Bommasandra,Middilu,2024-09-05,110,40,80,Below 8 years,60, Field Bund,13.6266643,77.6308049,Entry 4,330.0,0.0,330.0
Karnataka_Chikkaballapura_Gauribidanur_B.Bommasandra_Venkatapura,fmuyx45l,No,Approved,Karnataka,Chikkaballapura,Gauribidanur,B.Bommasandra,Venkatapura,2024-08-30,180,30,60,Below 8 years,40,Forest,13.5987111,77.6230847,Entry 4,540.0,0.0,540.0
Karnataka_Chikkaballapura_Gauribidanur_Bevinahalli_Chikkamallekere,fmu8ajsv,No,Approved,Karnataka,Chikkaballapura,Gauribidanur,Bevinahalli,Chikkamallekere,2024-09-10,460,90,80,Below 8 years,50, Field Bund,13.497032,77.4963223,Entry 4,1380.0,0.0,1380.0
Karnataka_Chikkaballapura_Gauribidanur_Bevinahalli_Kamaganahalli,fmcph692,No,Approved,Karnataka,Chikkaballapura,Gauribidanur,Bevinahalli,Kamaganahalli,2024-10-07,250,80,70,Below 8 years,60,Forest,13.5067481,77.4674964,Entry 4,750.0,0.0,750.0
Karnataka_Chikkaballapura_Gauribidanur_Bychapura_Bychapura,fmr6iwbm,Yes,Audit Approved,Karnataka,Chikkaballapura,Gauribidanur,Bychapura,Bychapura,2024-09-12,1200,500,70,Below 8 years,40,Avenue,13.6657178,77.5476425,Entry 4,3600.0,0.0,3600.0
Karnataka_Chikkaballapura_Gauribidanur_Bychapura_Gowdasandra,fmsznjuj,No,Approved,Karnataka,Chikkaballapura,Gauribidanur,Bychapura,Gowdasandra,2024-09-17,50,30,70,Below 8 years,50, Field Bund,13.6759337,77.5161917,Entry 4,150.0,0.0,150.0
Karnataka_Chikkaballapura_Gauribidanur_Bychapura_Huchodanahalli,fm87o0g9,No,Approved,Karnataka,Chikkaballapura,Gauribidanur,Bychapura,Huchodanahalli,2024-09-18,280,80,80,Between 8 to 40 years,50, Field Bund,13.7009029,77.5312453,Entry 4,840.0,0.0,840.0
Karnataka_Chikkaballapura_Gauribidanur_Bychapura_Konapura,fml436lf,No,Approved,Karnataka,Chikkaballapura,Gauribidanur,Bychapura,Konapura,2024-09-12,120,30,70,Below 8 years,40, Field Bund,13.6982624,77.5519869,Entry 4,360.0,0.0,360.0
Karnataka_Chikkaballapura_Gauribidanur_Bychapura_Nasakuntahalli,fm4v8p81,No,Approved,Karnataka,Chikkaballapura,Gauribidanur,Bychapura,Nasakuntahalli,2024-09-12,50,20,60,Between 8 to 40 years,60, Field Bund,13.6886811,77.5470638,Entry 4,150.0,0.0,150.0
Karnataka_Chikkaballapura_Gauribidanur_Bychapura_Virupasandra,fmz8tqxv,Yes,Audit Approved,Karnataka,Chikkaballapura,Gauribidanur,Bychapura,Virupasandra,2024-09-16,600,85,80,Below 8 years,70, Field Bund,13.6635298,77.5755903,Entry 4,1800.0,0.0,1800.0
Karnataka_Chikkaballapura_Gauribidanur_Chikkakurugodu_Chikkakurugodu,fmqki8rt,No,Approved,Karnataka,Chikkaballapura,Gauribidanur,Chikkakurugodu,Chikkakurugodu,2024-09-17,210,40,80,Below 8 years,60, Field Bund,13.6660127,77.5086587,Entry 4,630.0,0.0,630.0
Karnataka_Chikkaballapura_Gauribidanur_Chikkakurugodu_Devarahosahalli,fmgzn62l,No,Approved,Karnataka,Chikkaballapura,Gauribidanur,Chikkakurugodu,Devarahosahalli,2024-09-17,60,40,80,Below 8 years,50,Riverbank,13.6509862,77.5091656,Entry 4,180.0,0.0,180.0
Karnataka_Chikkaballapura_Gauribidanur_Chikkakurugodu_Kalludi,fmztfawn,Yes,Audit Approved,Karnataka,Chikkaballapura,Gauribidanur,Chikkakurugodu,Kalludi,2024-09-12,700,150,80,Between 8 to 40 years,50, Field Bund,13.6389338,77.518819,Entry 4,2100.0,0.0,2100.0
Karnataka_Chikkaballapura_Gauribidanur_Chikkakurugodu_Ramachandrapura,fm4z45p3,Yes,Audit Approved,Karnataka,Chikkaballapura,Gauribidanur,Chikkakurugodu,Ramachandrapura,2024-09-12,50,30,80,Between 8 to 40 years,50, Field Bund,13.6548359,77.5455071,Entry 4,150.0,0.0,150.0
Karnataka_Chikkaballapura_Gauribidanur_Darinayakanapalya_Anagattahalli,fm8wrrsx,No,Approved,Karnataka,Chikkaballapura,Gauribidanur,Darinayakanapalya,Anagattahalli,2024-09-09,250,40,80,Between 8 to 40 years,60, Field Bund,13.652759,77.6227495,Entry 4,750.0,0.0,750.0
Karnataka_Chikkaballapura_Gauribidanur_Darinayakanapalya_Bachareddyhalli,fm6z7asm,No,Approved,Karnataka,Chikkaballapura,Gauribidanur,Darinayakanapalya,Bachareddyhalli,2024-09-05,430,50,70,Below 8 years,50, Field Bund,13.6495218,77.627617,Entry 4,1290.0,0.0,1290.0
Karnataka_Chikkaballapura_Gauribidanur_Darinayakanapalya_Gulaganjihalli,fmhgf8ed,No,Approved,Karnataka,Chikkaballapura,Gauribidanur,Darinayakanapalya,Gulaganjihalli,2024-09-05,1200,150,70,Below 8 years,60, Field Bund,13.6357217,77.6344053,Entry 4,3600.0,0.0,3600.0
Karnataka_Chikkaballapura_Gauribidanur_Darinayakanapalya_Pulamakalahalli,fmh4cd6k,No,Approved,Karnataka,Chikkaballapura,Gauribidanur,Darinayakanapalya,Pulamakalahalli,2024-09-05,830,150,70,Below 8 years,50, Field Bund,13.651739,77.6358974,Entry 4,2490.0,0.0,2490.0
Karnataka_Chikkaballapura_Gauribidanur_Darinayakanapalya_Shyamannana_Kere,fm3fnjza,No,Approved,Karnataka,Chikkaballapura,Gauribidanur,Darinayakanapalya,Shyamannana Kere,2024-08-30,180,30,80,Between 8 to 40 years,60, Field Bund,13.6237468,77.5950714,Entry 4,540.0,0.0,540.0
Karnataka_Chikkaballapura_Gauribidanur_Darinayakanapalya_Vaddenahalli,fmoe9rjr,No,Approved,Karnataka,Chikkaballapura,Gauribidanur,Darinayakanapalya,Vaddenahalli,2024-09-09,460,80,80,Below 8 years,50, Field Bund,13.6373941,77.6109214,Entry 4,1380.0,0.0,1380.0
Karnataka_Chikkaballapura_Gauribidanur_Doddakurugodu_H.Nagasandra,fmkkvgf0,Yes,Audit Approved,Karnataka,Chikkaballapura,Gauribidanur,Doddakurugodu,H.Nagasandra,2024-09-17,300,80,80,Below 8 years,50, Field Bund,13.6353467,77.5069215,Entry 4,900.0,0.0,900.0
Karnataka_Chikkaballapura_Gauribidanur_Doddakurugodu_Malenahalli,fm6ios98,Yes,Audit Approved,Karnataka,Chikkaballapura,Gauribidanur,Doddakurugodu,Malenahalli,2024-10-04,1500,500,90,Between 8 to 40 years,80,Avenue,13.6346378,77.4865408,Entry 4,4500.0,0.0,4500.0
Karnataka_Chikkaballapura_Gauribidanur_Doddakurugodu_Yerrahalli,fmpdo2hd,No,Approved,Karnataka,Chikkaballapura,Gauribidanur,Doddakurugodu,Yerrahalli,2024-09-17,60,30,70,Below 8 years,50, Field Bund,13.6783689,77.5137068,Entry 4,180.0,0.0,180.0
Karnataka_Chikkaballapura_Gauribidanur_G._Bommsandra_G.Bommasandra,fmigdvd4,No,Approved,Karnataka,Chikkaballapura,Gauribidanur,G. Bommsandra,G.Bommasandra,2024-09-06,120,25,80,Between 8 to 40 years,70, Field Bund,13.5564713,77.5031489,Entry 4,360.0,0.0,360.0
Karnataka_Chikkaballapura_Gauribidanur_G._Bommsandra_Kuntachikkanahalli,fm1pq61j,No,Approved,Karnataka,Chikkaballapura,Gauribidanur,G. Bommsandra,Kuntachikkanahalli,2024-09-10,130,40,70,Below 8 years,60,Avenue,13.5488181,77.5010524,Entry 4,390.0,0.0,390.0
Karnataka_Chikkaballapura_Gauribidanur_G._Bommsandra_Mallasandra,fmfxf1fp,No,Approved,Karnataka,Chikkaballapura,Gauribidanur,G. Bommsandra,Mallasandra,2024-09-10,340,80,70,Below 8 years,60,Avenue,13.5325646,77.4952636,Entry 4,1020.0,0.0,1020.0
Karnataka_Chikkaballapura_Gauribidanur_G._Bommsandra_Reddydyavarahalli,fmzqu7n4,No,Approved,Karnataka,Chikkaballapura,Gauribidanur,G. Bommsandra,Reddydyavarahalli,2024-09-10,100,20,60,Below 8 years,40,Forest,13.5350721,77.5095024,Entry 4,300.0,0.0,300.0
Karnataka_Chikkaballapura_Gauribidanur_G._Kothur_Chikkamallenahalli,fmgwl9tb,No,Approved,Karnataka,Chikkaballapura,Gauribidanur,G. Kothur,Chikkamallenahalli,2024-10-05,1200,500,80,Below 8 years,40,Block Plantation,13.7030663,77.6650135,Entry 4,3600.0,0.0,3600.0
Karnataka_Chikkaballapura_Gauribidanur_G._Kothur_Cholasettyhalli,fm59qcq2,No,Approved,Karnataka,Chikkaballapura,Gauribidanur,G. Kothur,Cholasettyhalli,2024-10-08,350,80,80,Below 8 years,60,Forest,13.720643,77.6912977,Entry 4,1050.0,0.0,1050.0
Karnataka_Chikkaballapura_Gauribidanur_G._Kothur_Kodihalli,fmaix10h,No,Approved,Karnataka,Chikkaballapura,Gauribidanur,G. Kothur,Kodihalli,2024-10-05,150,40,80,Below 8 years,50, Field Bund,13.71795,77.6650703,Entry 4,450.0,0.0,450.0
Karnataka_Chikkaballapura_Gauribidanur_G._Kothur_Kothur,fmqcct09,No,Approved,Karnataka,Chikkaballapura,Gauribidanur,G. Kothur,Kothur,2024-09-28,600,150,70,Below 8 years,50,Forest,13.4404967,77.5276084,Entry 4,1800.0,0.0,1800.0
Karnataka_Chikkaballapura_Gauribidanur_G._Kothur_Narlahalli,fm1l1gxm,No,Approved,Karnataka,Chikkaballapura,Gauribidanur,G. Kothur,Narlahalli,2024-10-05,250,80,90,Below 8 years,50,Forest,13.709775,77.6635673,Entry 4,750.0,0.0,750.0
Karnataka_Chikkaballapura_Gauribidanur_Gangasandra_Gangasandra,fm9qdxxn,No,Approved,Karnataka,Chikkaballapura,Gauribidanur,Gangasandra,Gangasandra,2024-09-02,120,50,80,Below 8 years,50, Field Bund,13.6083723,77.5477832,Entry 4,360.0,0.0,360.0
Karnataka_Chikkaballapura_Gauribidanur_Gangasandra_Gotakanapura,fmxve7jn,No,Approved,Karnataka,Chikkaballapura,Gauribidanur,Gangasandra,Gotakanapura,2024-08-30,260,70,90,Below 8 years,40,Block Plantation,13.6159711,77.5400902,Entry 4,780.0,0.0,780.0
Karnataka_Chikkaballapura_Gauribidanur_Gangasandra_Puttapurlahalli,fmpqvf0b,Yes,Audit Approved,Karnataka,Chikkaballapura,Gauribidanur,Gangasandra,Puttapurlahalli,2024-09-12,700,200,80,Between 8 to 40 years,50, Field Bund,13.6362172,77.5375473,Entry 4,2100.0,0.0,2100.0
Karnataka_Chikkaballapura_Gauribidanur_Gangasandra_Saganahalli,fmyogejb,No,Approved,Karnataka,Chikkaballapura,Gauribidanur,Gangasandra,Saganahalli,2024-08-30,400,100,50,Below 8 years,90, Field Bund,13.6133571,77.5610773,Entry 4,1200.0,0.0,1200.0
Karnataka_Chikkaballapura_Gauribidanur_Gedare_Dinamagattanahalli,fm2vsrp7,No,Approved,Karnataka,Chikkaballapura,Gauribidanur,Gedare,Dinamagattanahalli,2024-09-10,180,40,70,Between 8 to 40 years,50,Riverbank,13.5760408,77.4765834,Entry 4,540.0,0.0,540.0
Karnataka_Chikkaballapura_Gauribidanur_Gedare_Gedare,fmxhe3ns,No,Approved,Karnataka,Chikkaballapura,Gauribidanur,Gedare,Gedare,2024-10-07,80,30,80,Below 8 years,40,Forest,13.5359318,77.4739215,Entry 4,240.0,0.0,240.0
Karnataka_Chikkaballapura_Gauribidanur_Gedare_Kachamachanahalli,fm4uh1dy,No,Approved,Karnataka,Chikkaballapura,Gauribidanur,Gedare,Kachamachanahalli,2024-09-06,280,60,70,Below 8 years,50,Riverbank,13.5680835,77.4605357,Entry 4,840.0,0.0,840.0
Karnataka_Chikkaballapura_Gauribidanur_Gedare_Kenkere,fm31uhrq,No,Approved,Karnataka,Chikkaballapura,Gauribidanur,Gedare,Kenkere,2024-09-10,150,30,70,Below 8 years,40, Field Bund,13.5745567,77.4686852,Entry 4,450.0,0.0,450.0
Karnataka_Chikkaballapura_Gauribidanur_Gedare_Kondapura,fmyjr3wl,No,Approved,Karnataka,Chikkaballapura,Gauribidanur,Gedare,Kondapura,2024-10-07,80,20,70,Below 8 years,50,Forest,13.5221004,77.4725577,Entry 4,240.0,0.0,240.0
Karnataka_Chikkaballapura_Gauribidanur_Gedare_Narasimhanahalli,fm8ovqdq,No,Approved,Karnataka,Chikkaballapura,Gauribidanur,Gedare,Narasimhanahalli,2024-09-06,410,60,70,Between 8 to 40 years,50, Field Bund,13.5518018,77.4857191,Entry 4,1230.0,0.0,1230.0
Karnataka_Chikkaballapura_Gauribidanur_Gedare_Singanahalli,fm4dbe77,No,Approved,Karnataka,Chikkaballapura,Gauribidanur,Gedare,Singanahalli,2024-10-07,100,30,70,Below 8 years,50,Forest,13.5534044,77.4690348,Entry 4,300.0,0.0,300.0
Karnataka_Chikkaballapura_Gauribidanur_Halaganahalli_Chandanadur,fmdmm64z,No,Approved,Karnataka,Chikkaballapura,Gauribidanur,Halaganahalli,Chandanadur,2024-10-04,200,50,70,Below 8 years,50,Forest,13.6758199,77.4515133,Entry 4,600.0,0.0,600.0
Karnataka_Chikkaballapura_Gauribidanur_Halaganahalli_Halaganahalli,fmky91ml,No,Approved,Karnataka,Chikkaballapura,Gauribidanur,Halaganahalli,Halaganahalli,2024-10-04,140,40,80,Below 8 years,40, Field Bund,13.6767631,77.4681987,Entry 4,420.0,0.0,420.0
Karnataka_Chikkaballapura_Gauribidanur_Hallevur_Halevooru,fml56c7c,No,Approved,Karnataka,Chikkaballapura,Gauribidanur,Hallevur,Halevooru,2024-09-25,115,40,80,Below 8 years,50, Field Bund,13.7146108,77.6002314,Entry 4,345.0,0.0,345.0
Karnataka_Chikkaballapura_Gauribidanur_Hasanpur_Kheria_Husainpura,fmr544gx,No,Approved,Karnataka,Chikkaballapura,Gauribidanur,Hasanpur Kheria,Husainpura,2024-09-24,80,30,80,Below 8 years,70, Field Bund,13.504822,77.5324055,Entry 4,240.0,0.0,240.0
Karnataka_Chikkaballapura_Gauribidanur_Hudagur_Anudi,fmjddvg1,No,Approved,Karnataka,Chikkaballapura,Gauribidanur,Hudagur,Anudi,2024-09-27,190,60,80,Below 8 years,60, Field Bund,13.6276124,77.4114365,Entry 4,570.0,0.0,570.0
Karnataka_Chikkaballapura_Gauribidanur_Hudagur_Balerlahalli,fmhojpu2,No,Approved,Karnataka,Chikkaballapura,Gauribidanur,Hudagur,Balerlahalli,2024-09-28,250,100,80,Below 8 years,80, Field Bund,13.4441426,77.5249641,Entry 4,750.0,0.0,750.0
Karnataka_Chikkaballapura_Gauribidanur_Hudagur_Bandaminda_Gudisalu,fm0afk3t,No,Approved,Karnataka,Chikkaballapura,Gauribidanur,Hudagur,Bandaminda Gudisalu,2024-10-08,450,100,80,Below 8 years,50,Forest,13.7230766,77.6816788,Entry 4,1350.0,0.0,1350.0
Karnataka_Chikkaballapura_Gauribidanur_Hudagur_Bandaralahalli,fmn3xc24,No,Approved,Karnataka,Chikkaballapura,Gauribidanur,Hudagur,Bandaralahalli,2024-10-09,150,50,80,Between 8 to 40 years,50, Field Bund,13.4744597,77.5686604,Entry 4,450.0,0.0,450.0
Karnataka_Chikkaballapura_Gauribidanur_Hudagur_Bellavarahalli,fmrvim9p,No,Approved,Karnataka,Chikkaballapura,Gauribidanur,Hudagur,Bellavarahalli,2024-10-08,140,40,80,Below 8 years,70,Forest,13.7222784,77.6520701,Entry 4,420.0,0.0,420.0
Karnataka_Chikkaballapura_Gauribidanur_Hudagur_Bheemanahalli,fm86x9z5,Yes,Audit Approved,Karnataka,Chikkaballapura,Gauribidanur,Hudagur,Bheemanahalli,2024-10-04,200,50,80,Below 8 years,40, Field Bund,13.6222263,77.4518586,Entry 4,600.0,0.0,600.0
Karnataka_Chikkaballapura_Gauribidanur_Hudagur_Bottadeppanahalli,fm8842ox,No,Approved,Karnataka,Chikkaballapura,Gauribidanur,Hudagur,Bottadeppanahalli,2024-10-05,220,70,80,Between 8 to 40 years,50,Forest,13.7187151,77.6601481,Entry 4,660.0,0.0,660.0
Karnataka_Chikkaballapura_Gauribidanur_Hudagur_Chettikunte,fmylsjot,No,Approved,Karnataka,Chikkaballapura,Gauribidanur,Hudagur,Chettikunte,2024-10-05,650,100,70,Below 8 years,60,Forest,13.7161545,77.6732204,Entry 4,1950.0,0.0,1950.0
Karnataka_Chikkaballapura_Gauribidanur_Hudagur_Chinnappareddyhalli,fmbx98o7,No,Approved,Karnataka,Chikkaballapura,Gauribidanur,Hudagur,Chinnappareddyhalli,2024-10-08,400,100,90,Between 8 to 40 years,70,Avenue,13.7334717,77.6563547,Entry 4,1200.0,0.0,1200.0
Karnataka_Chikkaballapura_Gauribidanur_Hudagur_Devarahalli,fmpri7no,No,Approved,Karnataka,Chikkaballapura,Gauribidanur,Hudagur,Devarahalli,2024-10-09,300,100,80,Below 8 years,60, Field Bund,13.4669924,77.5264574,Entry 4,900.0,0.0,900.0
Karnataka_Chikkaballapura_Gauribidanur_Hudagur_Gandhinagar,fmekm1gm,No,Approved,Karnataka,Chikkaballapura,Gauribidanur,Hudagur,Gandhinagar,2024-10-04,60,20,80,Between 8 to 40 years,70,Riverbank,13.668646,77.4747345,Entry 4,180.0,0.0,180.0
Karnataka_Chikkaballapura_Gauribidanur_Hudagur_Gundla_Kothur,fm44i4ur,No,Approved,Karnataka,Chikkaballapura,Gauribidanur,Hudagur,Gundla Kothur,2024-10-08,220,50,80,Below 8 years,50,Forest,13.7315515,77.6595994,Entry 4,660.0,0.0,660.0
Karnataka_Chikkaballapura_Gauribidanur_Hudagur_Gunibilu,fmkluy40,No,Approved,Karnataka,Chikkaballapura,Gauribidanur,Hudagur,Gunibilu,2024-10-10,250,50,80,Below 8 years,50, Field Bund,13.4729487,77.5896712,Entry 4,750.0,0.0,750.0
Karnataka_Chikkaballapura_Gauribidanur_Hudagur_Hamsandra_Jalahalli,fmhaq0tn,No,Approved,Karnataka,Chikkaballapura,Gauribidanur,Hudagur,Hamsandra Jalahalli,2024-09-27,90,30,80,Below 8 years,50, Field Bund,13.644662,77.4279338,Entry 4,270.0,0.0,270.0
Karnataka_Chikkaballapura_Gauribidanur_Hudagur_Honnappanahalli,fm3br8o8,No,Approved,Karnataka,Chikkaballapura,Gauribidanur,Hudagur,Honnappanahalli,2024-10-10,350,100,80,Between 8 to 40 years,60,Avenue,13.4991515,77.5788947,Entry 4,1050.0,0.0,1050.0
Karnataka_Chikkaballapura_Gauribidanur_Hudagur_Hudugur,fm4skyhe,Yes,Audit Approved,Karnataka,Chikkaballapura,Gauribidanur,Hudagur,Hudugur,2024-09-16,300,80,80,Below 8 years,50, Field Bund,13.6455361,77.5602787,Entry 4,900.0,0.0,900.0
Karnataka_Chikkaballapura_Gauribidanur_Hudagur_Jinkalavarahalli,fmqowknr,No,Approved,Karnataka,Chikkaballapura,Gauribidanur,Hudagur,Jinkalavarahalli,2024-10-08,200,50,80,Below 8 years,60, Field Bund,13.7237183,77.6787733,Entry 4,600.0,0.0,600.0
Karnataka_Chikkaballapura_Gauribidanur_Hudagur_Kadirenahalli,fm8fqwnc,No,Approved,Karnataka,Chikkaballapura,Gauribidanur,Hudagur,Kadirenahalli,2024-10-03,110,30,70,Below 8 years,40, Field Bund,13.6848511,77.6227491,Entry 4,330.0,0.0,330.0
Karnataka_Chikkaballapura_Gauribidanur_Hudagur_Katanagenahalli,fmv270f8,No,Approved,Karnataka,Chikkaballapura,Gauribidanur,Hudagur,Katanagenahalli,2024-10-10,550,200,80,Below 8 years,50, Field Bund,13.5011022,77.570394,Entry 4,1650.0,0.0,1650.0
Karnataka_Chikkaballapura_Gauribidanur_Hudagur_Kotaldinne,fmxvhahu,Yes,Audit Approved,Karnataka,Chikkaballapura,Gauribidanur,Hudagur,Kotaldinne,2024-09-27,200,20,80,Below 8 years,40, Field Bund,13.5974717,77.4359567,Entry 4,600.0,0.0,600.0
Karnataka_Chikkaballapura_Gauribidanur_Hudagur_Kulamenahalli,fm83vwl6,No,Approved,Karnataka,Chikkaballapura,Gauribidanur,Hudagur,Kulamenahalli,2024-10-10,800,200,70,Below 8 years,50,Forest,13.4577243,77.5636071,Entry 4,2400.0,0.0,2400.0
Karnataka_Chikkaballapura_Gauribidanur_Hudagur_Kurubarapalya,fm5wpr2k,No,Approved,Karnataka,Chikkaballapura,Gauribidanur,Hudagur,Kurubarapalya,2024-09-27,130,50,60,Below 8 years,40,Forest,13.6345574,77.3882144,Entry 4,390.0,0.0,390.0
Karnataka_Chikkaballapura_Gauribidanur_Hudagur_Lakkasandra,fmk3o95x,Yes,Audit Approved,Karnataka,Chikkaballapura,Gauribidanur,Hudagur,Lakkasandra,2024-09-25,300,70,70,Below 8 years,30, Field Bund,13.6583978,77.5815772,Entry 4,900.0,0.0,900.0
Karnataka_Chikkaballapura_Gauribidanur_Hudagur_Muthagadhahalli,fm6dw9hl,No,Approved,Karnataka,Chikkaballapura,Gauribidanur,Hudagur,Muthagadhahalli,2024-09-28,200,50,90,Below 8 years,70,Avenue,13.4974498,77.5017335,Entry 4,600.0,0.0,600.0
Karnataka_Chikkaballapura_Gauribidanur_Hudagur_Paipalli,fmz1miud,Yes,Audit Approved,Karnataka,Chikkaballapura,Gauribidanur,Hudagur,Paipalli,2024-09-25,800,100,80,Below 8 years,40,Forest,13.655147,77.5881596,Entry 4,2400.0,0.0,2400.0
Karnataka_Chikkaballapura_Gauribidanur_Hudagur_Poojarlahalli,fm4jhmn1,No,Approved,Karnataka,Chikkaballapura,Gauribidanur,Hudagur,Poojarlahalli,2024-09-28,140,30,70,Below 8 years,40,Forest,13.4430781,77.5238419,Entry 4,420.0,0.0,420.0
Karnataka_Chikkaballapura_Gauribidanur_Hudagur_Seegalahalli,fmur2rj7,No,Approved,Karnataka,Chikkaballapura,Gauribidanur,Hudagur,Seegalahalli,2024-10-07,160,70,80,Between 8 to 40 years,50,Forest,13.5000092,77.4656682,Entry 4,480.0,0.0,480.0
Karnataka_Chikkaballapura_Gauribidanur_Hudagur_Shambookanagara,fmurb6y7,No,Approved,Karnataka,Chikkaballapura,Gauribidanur,Hudagur,Shambookanagara,2024-10-04,250,40,80,Below 8 years,60,Forest,13.6633314,77.4636692,Entry 4,750.0,0.0,750.0
Karnataka_Chikkaballapura_Gauribidanur_Hudagur_Siddenahalli,fmrtizsy,No,Approved,Karnataka,Chikkaballapura,Gauribidanur,Hudagur,Siddenahalli,2024-08-30,580,160,80,Below 8 years,50, Field Bund,13.6080156,77.5736597,Entry 4,1740.0,0.0,1740.0
Karnataka_Chikkaballapura_Gauribidanur_Hudagur_Srinivasacharlahalli,fmk6iv8s,No,Approved,Karnataka,Chikkaballapura,Gauribidanur,Hudagur,Srinivasacharlahalli,2024-10-03,290,90,80,Below 8 years,60, Field Bund,13.6928866,77.6163371,Entry 4,870.0,0.0,870.0
Karnataka_Chikkaballapura_Gauribidanur_Hudagur_Thapasamakalahalli,fm3hz6rs,No,Approved,Karnataka,Chikkaballapura,Gauribidanur,Hudagur,Thapasamakalahalli,2024-10-09,600,150,80,Between 8 to 40 years,70, Field Bund,13.4834622,77.5383091,Entry 4,1800.0,0.0,1800.0
Karnataka_Chikkaballapura_Gauribidanur_Hudagur_Yeranagenahalli,fm0iirtf,No,Approved,Karnataka,Chikkaballapura,Gauribidanur,Hudagur,Yeranagenahalli,2024-09-05,210,50,90,Below 8 years,40, Field Bund,13.6214066,77.6248851,Entry 4,630.0,0.0,630.0
Karnataka_Chikkaballapura_Gauribidanur_Idagur_Balagere,fmoltjuk,No,Approved,Karnataka,Chikkaballapura,Gauribidanur,Idagur,Balagere,2024-09-27,60,30,70,Between 8 to 40 years,70, Field Bund,13.6405182,77.4363792,Entry 4,180.0,0.0,180.0
Karnataka_Chikkaballapura_Gauribidanur_Idagur_Idagur,fmhb9x4t,No,Approved,Karnataka,Chikkaballapura,Gauribidanur,Idagur,Idagur,2024-10-04,780,100,80,Below 8 years,60, Field Bund,13.6352862,77.4494333,Entry 4,2340.0,0.0,2340.0
Karnataka_Chikkaballapura_Gauribidanur_Jarabandanahalli_Jarabandahalli,fmrriovl,No,Approved,Karnataka,Chikkaballapura,Gauribidanur,Jarabandanahalli,Jarabandahalli,2024-08-29,400,80,90,Below 8 years,30, Field Bund,13.5407733,77.6218442,Entry 4,1200.0,0.0,1200.0
Karnataka_Chikkaballapura_Gauribidanur_Kadalaveni_Gundapura,fm9ofrrh,No,Approved,Karnataka,Chikkaballapura,Gauribidanur,Kadalaveni,Gundapura,2024-08-27,320,32,60,Between 8 to 40 years,60,Forest,13.5916319,77.4994998,Entry 1,960.0,0.0,960.0
Karnataka_Chikkaballapura_Gauribidanur_Kadalaveni_Maralur,fmjc2wvu,Yes,Audit Approved,Karnataka,Chikkaballapura,Gauribidanur,Kadalaveni,Maralur,2024-09-19,300,50,80,Below 8 years,50,Avenue,13.6216755,77.4621283,Entry 4,900.0,0.0,900.0
Karnataka_Chikkaballapura_Gauribidanur_Kadalaveni_Udamalodu,fmqyhwo0,No,Approved,Karnataka,Chikkaballapura,Gauribidanur,Kadalaveni,Udamalodu,2024-09-19,90,30,80,Between 8 to 40 years,50, Field Bund,13.6142832,77.4985316,Entry 4,270.0,0.0,270.0
Karnataka_Chikkaballapura_Gauribidanur_Kadalaveni_Vychakurahalli,fmxt21xl,Yes,Audit Approved,Karnataka,Chikkaballapura,Gauribidanur,Kadalaveni,Vychakurahalli,2024-09-19,200,50,80,Between 8 to 40 years,50, Field Bund,13.6156783,77.4824926,Entry 4,600.0,0.0,600.0
Karnataka_Chikkaballapura_Gauribidanur_Kallinayakanahalli_Basavapura,fm9kzwju,No,Approved,Karnataka,Chikkaballapura,Gauribidanur,Kallinayakanahalli,Basavapura,2024-09-28,110,30,80,Below 8 years,40, Field Bund,13.4875004,77.5140985,Entry 4,330.0,0.0,330.0
Karnataka_Chikkaballapura_Gauribidanur_Kallinayakanahalli_Chikkahosahalli,fmbnmbb8,No,Approved,Karnataka,Chikkaballapura,Gauribidanur,Kallinayakanahalli,Chikkahosahalli,2024-09-28,300,70,80,Below 8 years,70, Field Bund,13.4560208,77.5266861,Entry 4,900.0,0.0,900.0
Karnataka_Chikkaballapura_Gauribidanur_Kallinayakanahalli_Kallinaikanahalli,fmq7agpc,No,Approved,Karnataka,Chikkaballapura,Gauribidanur,Kallinayakanahalli,Kallinaikanahalli,2024-09-28,150,40,90,Below 8 years,70, Field Bund,13.4683262,77.5149877,Entry 4,450.0,0.0,450.0
Karnataka_Chikkaballapura_Gauribidanur_Kallinayakanahalli_Mindenahalli,fm8zp9fz,No,Approved,Karnataka,Chikkaballapura,Gauribidanur,Kallinayakanahalli,Mindenahalli,2024-10-09,250,100,80,Between 8 to 40 years,60,Avenue,13.4748669,77.5373545,Entry 4,750.0,0.0,750.0
Karnataka_Chikkaballapura_Gauribidanur_Kallinayakanahalli_Thippaganahalli,fm1fo23e,No,Approved,Karnataka,Chikkaballapura,Gauribidanur,Kallinayakanahalli,Thippaganahalli,2024-09-28,330,80,80,Below 8 years,50,Forest,13.4470691,77.5148985,Entry 4,990.0,0.0,990.0
Karnataka_Chikkaballapura_Gauribidanur_Kurudi_Dronakunte,fmhb4ldb,No,Approved,Karnataka,Chikkaballapura,Gauribidanur,Kurudi,Dronakunte,2024-09-27,1500,400,80,Below 8 years,60,Block Plantation,13.616758,77.4019982,Entry 4,4500.0,0.0,4500.0
Karnataka_Chikkaballapura_Gauribidanur_Kurudi_Kadaranahalli,fm7pd0jt,No,Approved,Karnataka,Chikkaballapura,Gauribidanur,Kurudi,Kadaranahalli,2024-09-27,380,90,80,Below 8 years,70,Forest,13.6026378,77.4203247,Entry 4,1140.0,0.0,1140.0
Karnataka_Chikkaballapura_Gauribidanur_Kurudi_Kurudi,fm9kmxtz,No,Approved,Karnataka,Chikkaballapura,Gauribidanur,Kurudi,Kurudi,2024-09-27,320,70,80,Below 8 years,50, Field Bund,13.6212361,77.3932219,Entry 4,960.0,0.0,960.0
Karnataka_Chikkaballapura_Gauribidanur_Kurudi_Ranganahalli,fmxobikx,No,Approved,Karnataka,Chikkaballapura,Gauribidanur,Kurudi,Ranganahalli,2024-09-27,380,100,80,Below 8 years,40,Forest,13.6210474,77.3847138,Entry 4,1140.0,0.0,1140.0
Karnataka_Chikkaballapura_Gauribidanur_Melya_Chittavalahally,fm4024h4,No,Approved,Karnataka,Chikkaballapura,Gauribidanur,Melya,Chittavalahally,2024-09-12,160,40,70,Between 8 to 40 years,50, Field Bund,13.7039087,77.5501948,Entry 4,480.0,0.0,480.0
Karnataka_Chikkaballapura_Gauribidanur_Melya_Dinnehunasenahalli,fmbfd4op,No,Approved,Karnataka,Chikkaballapura,Gauribidanur,Melya,Dinnehunasenahalli,2024-09-18,120,40,60,Below 8 years,50, Field Bund,13.7229298,77.5438496,Entry 5,360.0,0.0,360.0
Karnataka_Chikkaballapura_Gauribidanur_Melya_Hunasenahalli,fmgt715x,No,Approved,Karnataka,Chikkaballapura,Gauribidanur,Melya,Hunasenahalli,2024-09-18,70,20,70,Below 8 years,50,Forest,13.7549377,77.5357919,Entry 4,210.0,0.0,210.0
Karnataka_Chikkaballapura_Gauribidanur_Melya_Jagareddthally,fm3dk7x4,No,Approved,Karnataka,Chikkaballapura,Gauribidanur,Melya,Jagareddthally,2024-09-16,320,50,80,Below 8 years,40, Field Bund,13.7238178,77.5568342,Entry 4,960.0,0.0,960.0
Karnataka_Chikkaballapura_Gauribidanur_Melya_Maripadagu,fmu22uqj,No,Approved,Karnataka,Chikkaballapura,Gauribidanur,Melya,Maripadagu,2024-09-18,180,50,70,Below 8 years,50,Forest,13.7244365,77.5790701,Entry 4,540.0,0.0,540.0
Karnataka_Chikkaballapura_Gauribidanur_Melya_Myalya,fmbrpwe7,No,Approved,Karnataka,Chikkaballapura,Gauribidanur,Melya,Myalya,2024-09-18,130,30,70,Between 8 to 40 years,50, Field Bund,13.7250812,77.5410448,Entry 4,390.0,0.0,390.0
Karnataka_Chikkaballapura_Gauribidanur_Melya_Velapi,fm21hfao,No,Approved,Karnataka,Chikkaballapura,Gauribidanur,Melya,Velapi,2024-09-12,130,30,80,Below 8 years,50, Field Bund,13.7095539,77.5626948,Entry 4,390.0,0.0,390.0
Karnataka_Chikkaballapura_Gauribidanur_Mudagere_Hale_Upparahalli,fmj7r7kr,No,Approved,Karnataka,Chikkaballapura,Gauribidanur,Mudagere,Hale Upparahalli,2024-09-06,510,90,70,Below 8 years,50, Field Bund,13.5749365,77.4464386,Entry 4,1530.0,0.0,1530.0
Karnataka_Chikkaballapura_Gauribidanur_Mudagere_Kurugodu_Thammanahalli,fm3pxnmq,No,Approved,Karnataka,Chikkaballapura,Gauribidanur,Mudagere,Kurugodu Thammanahalli,2024-09-06,180,30,70,Below 8 years,60, Field Bund,13.5845191,77.4716558,Entry 4,540.0,0.0,540.0
Karnataka_Chikkaballapura_Gauribidanur_Mudagere_Mudigere,fmm3zkn5,No,Approved,Karnataka,Chikkaballapura,Gauribidanur,Mudagere,Mudigere,2024-10-04,130,30,80,Between 8 to 40 years,70, Field Bund,13.5981602,77.4528232,Entry 4,390.0,0.0,390.0
Karnataka_Chikkaballapura_Gauribidanur_Muddalodu_Jeelakunte,fmurbze4,No,Approved,Karnataka,Chikkaballapura,Gauribidanur,Muddalodu,Jeelakunte,2024-10-08,400,80,70,Below 8 years,60,Forest,13.733894,77.5929002,Entry 4,1200.0,0.0,1200.0
Karnataka_Chikkaballapura_Gauribidanur_Muddalodu_Mudalodu,fm3j972a,No,Approved,Karnataka,Chikkaballapura,Gauribidanur,Muddalodu,Mudalodu,2024-09-18,240,70,80,Below 8 years,70, Field Bund,13.7190955,77.5616805,Entry 4,720.0,0.0,720.0
Karnataka_Chikkaballapura_Gauribidanur_Muddalodu_Sadarlahalli,fmt40oq9,No,Approved,Karnataka,Chikkaballapura,Gauribidanur,Muddalodu,Sadarlahalli,2024-10-08,350,50,70,Between 8 to 40 years,60,Forest,13.7367265,77.61011,Entry 4,1050.0,0.0,1050.0
Karnataka_Chikkaballapura_Gauribidanur_Nagaragere_Bandarlahalli,fm5xd7ti,No,Approved,Karnataka,Chikkaballapura,Gauribidanur,Nagaragere,Bandarlahalli,2024-09-28,310,60,80,Below 8 years,50, Field Bund,13.4553602,77.5155575,Entry 4,930.0,0.0,930.0
Karnataka_Chikkaballapura_Gauribidanur_Nagaragere_Mallenahalli,fm5875xt,No,Approved,Karnataka,Chikkaballapura,Gauribidanur,Nagaragere,Mallenahalli,2024-10-08,800,150,70,Below 8 years,50,Forest,13.7317575,77.6326491,Entry 4,2400.0,0.0,2400.0
Karnataka_Chikkaballapura_Gauribidanur_Nakkalahalli_Devaganahalli,fmibtlrq,No,Approved,Karnataka,Chikkaballapura,Gauribidanur,Nakkalahalli,Devaganahalli,2024-09-16,50,30,70,Below 8 years,40,Forest,13.6963167,77.564337,Entry 4,150.0,0.0,150.0
Karnataka_Chikkaballapura_Gauribidanur_Nakkalahalli_Gotlakunte,fmsqz298,No,Approved,Karnataka,Chikkaballapura,Gauribidanur,Nakkalahalli,Gotlakunte,2024-10-03,360,80,80,Below 8 years,50, Field Bund,13.6866776,77.605316,Entry 4,1080.0,0.0,1080.0
Karnataka_Chikkaballapura_Gauribidanur_Nakkalahalli_Hulikunte,fm9rfd92,No,Approved,Karnataka,Chikkaballapura,Gauribidanur,Nakkalahalli,Hulikunte,2024-10-03,410,90,80,Between 8 to 40 years,60,Forest,13.6799866,77.6219789,Entry 4,1230.0,0.0,1230.0
Karnataka_Chikkaballapura_Gauribidanur_Nakkalahalli_Katanakallu,fmotzgtu,No,Approved,Karnataka,Chikkaballapura,Gauribidanur,Nakkalahalli,Katanakallu,2024-09-25,360,80,80,Below 8 years,50,Forest,13.6995299,77.5780708,Entry 4,1080.0,0.0,1080.0
Karnataka_Chikkaballapura_Gauribidanur_Nakkalahalli_Muchatlahalli,fmnbvfnd,No,Approved,Karnataka,Chikkaballapura,Gauribidanur,Nakkalahalli,Muchatlahalli,2024-10-03,800,120,80,Below 8 years,60, Field Bund,13.6783178,77.6002514,Entry 4,2400.0,0.0,2400.0
Karnataka_Chikkaballapura_Gauribidanur_Nakkalahalli_Nakkalahalli,fmy006a8,No,Approved,Karnataka,Chikkaballapura,Gauribidanur,Nakkalahalli,Nakkalahalli,2024-09-25,630,120,80,Between 8 to 40 years,60,Avenue,13.6681402,77.5891286,Entry 4,1890.0,0.0,1890.0
Karnataka_Chikkaballapura_Gauribidanur_Nakkalahalli_Narasapura,fmcefsqu,No,Approved,Karnataka,Chikkaballapura,Gauribidanur,Nakkalahalli,Narasapura,2024-09-09,240,70,80,Below 8 years,50, Field Bund,13.6603529,77.6055889,Entry 4,720.0,0.0,720.0
Karnataka_Chikkaballapura_Gauribidanur_Nakkalahalli_Suranaikanahalli,fmglt6aw,No,Approved,Karnataka,Chikkaballapura,Gauribidanur,Nakkalahalli,Suranaikanahalli,2024-09-09,280,60,70,Between 8 to 40 years,50, Field Bund,13.672553,77.6085112,Entry 4,840.0,0.0,840.0
Karnataka_Chikkaballapura_Gauribidanur_Namagondlu_Guttenahalli,fmnxsj1a,No,Approved,Karnataka,Chikkaballapura,Gauribidanur,Namagondlu,Guttenahalli,2024-09-02,320,50,70,Below 8 years,40, Field Bund,13.5729998,77.6115434,Entry 4,960.0,0.0,960.0
Karnataka_Chikkaballapura_Gauribidanur_Namagondlu_Jakkenahalli,fmeyea4k,No,Approved,Karnataka,Chikkaballapura,Gauribidanur,Namagondlu,Jakkenahalli,2024-09-27,70,40,80,Below 8 years,40,Forest,13.6544661,77.4373709,Entry 1,210.0,0.0,210.0
Karnataka_Chikkaballapura_Gauribidanur_Namagondlu_Kadabur,fmcut902,No,Approved,Karnataka,Chikkaballapura,Gauribidanur,Namagondlu,Kadabur,2024-09-02,200,40,80,Below 8 years,50, Field Bund,13.5984914,77.5848283,Entry 4,600.0,0.0,600.0
Karnataka_Chikkaballapura_Gauribidanur_Namagondlu_Kadiradevarahalli,fmnfusiv,No,Approved,Karnataka,Chikkaballapura,Gauribidanur,Namagondlu,Kadiradevarahalli,2024-10-09,450,200,90,Below 8 years,60, Field Bund,13.5019976,77.5510796,Entry 4,1350.0,0.0,1350.0
Karnataka_Chikkaballapura_Gauribidanur_Namagondlu_Namagondlu,fmc6ws2n,No,Approved,Karnataka,Chikkaballapura,Gauribidanur,Namagondlu,Namagondlu,2024-09-02,550,70,90,Below 8 years,30,Avenue,13.5877298,77.6061126,Entry 4,1650.0,0.0,1650.0
Karnataka_Chikkaballapura_Gauribidanur_Namagondlu_Saragondlu,fmkijpvt,No,Approved,Karnataka,Chikkaballapura,Gauribidanur,Namagondlu,Saragondlu,2024-09-02,180,40,80,Between 8 to 40 years,50, Field Bund,13.5998834,77.5989757,Entry 4,540.0,0.0,540.0
Karnataka_Chikkaballapura_Gauribidanur_Pura_Bhaktarahalli,fm3dns50,No,Approved,Karnataka,Chikkaballapura,Gauribidanur,Pura,Bhaktarahalli,2024-09-27,70,30,80,Between 8 to 40 years,50, Field Bund,13.5998907,77.4261298,Entry 4,210.0,0.0,210.0
Karnataka_Chikkaballapura_Gauribidanur_Ramapura_Hampasandra,fmq9lyk3,No,Approved,Karnataka,Chikkaballapura,Gauribidanur,Ramapura,Hampasandra,2024-09-27,140,50,70,Below 8 years,60, Field Bund,13.6583533,77.426357,Entry 4,420.0,0.0,420.0
Karnataka_Chikkaballapura_Gauribidanur_Ramapura_Hosa_Upparahalli,fmkg9zul,No,Approved,Karnataka,Chikkaballapura,Gauribidanur,Ramapura,Hosa Upparahalli,2024-09-27,80,30,80,Below 8 years,60, Field Bund,13.6428645,77.4189842,Entry 4,240.0,0.0,240.0
Karnataka_Chikkaballapura_Gauribidanur_Ramapura_Jodibisilahalli,fmudwqdc,No,Approved,Karnataka,Chikkaballapura,Gauribidanur,Ramapura,Jodibisilahalli,2024-09-27,100,30,70,Below 8 years,40,Forest,13.6593125,77.4023576,Entry 4,300.0,0.0,300.0
Karnataka_Chikkaballapura_Gauribidanur_Ramapura_Kudurebyalya,fm04goft,No,Approved,Karnataka,Chikkaballapura,Gauribidanur,Ramapura,Kudurebyalya,2024-09-27,160,40,80,Below 8 years,50, Field Bund,13.630171,77.4300027,Entry 4,480.0,0.0,480.0
Karnataka_Chikkaballapura_Gauribidanur_Ramapura_Kundihalli,fm5b0w3h,No,Approved,Karnataka,Chikkaballapura,Gauribidanur,Ramapura,Kundihalli,2024-09-27,120,40,80,Below 8 years,50, Field Bund,13.6530242,77.4065792,Entry 4,360.0,0.0,360.0
Karnataka_Chikkaballapura_Gauribidanur_Ramapura_Ramapura,fmbgxvif,Yes,Audit Approved,Karnataka,Chikkaballapura,Gauribidanur,Ramapura,Ramapura,2024-09-27,150,50,80,Below 8 years,50, Field Bund,13.6134102,77.4417313,Entry 4,450.0,0.0,450.0
Karnataka_Chikkaballapura_Gauribidanur_Regadahalli_Regadahalli,fm5ol4fz,No,Approved,Karnataka,Chikkaballapura,Gauribidanur,Regadahalli,Regadahalli,2024-09-24,110,40,70,Between 8 to 40 years,50, Field Bund,13.508893,77.5334426,Entry 4,330.0,0.0,330.0
Karnataka_Chikkaballapura_Gauribidanur_Sonaganahalli_Hosakote,fm7zwvl7,No,Approved,Karnataka,Chikkaballapura,Gauribidanur,Sonaganahalli,Hosakote,2024-08-31,380,60,80,Below 8 years,50, Field Bund,13.5811495,77.3983248,Entry 4,1140.0,0.0,1140.0
Karnataka_Chikkaballapura_Gauribidanur_Sonaganahalli_Hunasekunte,fmzyquuv,No,Approved,Karnataka,Chikkaballapura,Gauribidanur,Sonaganahalli,Hunasekunte,2024-08-31,500,70,60,Below 8 years,30,Forest,13.5650843,77.4137441,Entry 4,1500.0,0.0,1500.0
Karnataka_Chikkaballapura_Gauribidanur_Sonaganahalli_Machenahalli,fm0ddme6,No,Approved,Karnataka,Chikkaballapura,Gauribidanur,Sonaganahalli,Machenahalli,2024-08-31,350,60,70,Below 8 years,50, Field Bund,13.5344694,77.4352272,Entry 4,1050.0,0.0,1050.0
Karnataka_Chikkaballapura_Gauribidanur_Sonaganahalli_Naduvalahalli,fm21itw4,No,Approved,Karnataka,Chikkaballapura,Gauribidanur,Sonaganahalli,Naduvalahalli,2024-09-28,250,40,80,Below 8 years,50, Field Bund,13.437001,77.5230659,Entry 4,750.0,0.0,750.0
Karnataka_Chikkaballapura_Gauribidanur_Sonaganahalli_Sonaganahalli,fmarvbpv,No,Approved,Karnataka,Chikkaballapura,Gauribidanur,Sonaganahalli,Sonaganahalli,2024-08-31,250,50,80,Below 8 years,40, Field Bund,13.5647189,77.4319486,Entry 4,750.0,0.0,750.0
Karnataka_Chikkaballapura_Gauribidanur_Sonaganahalli_Yerrapothenahalli,fmuet9s4,No,Approved,Karnataka,Chikkaballapura,Gauribidanur,Sonaganahalli,Yerrapothenahalli,2024-08-31,80,20,80,Below 8 years,50, Field Bund,13.5770222,77.4106929,Entry 4,240.0,0.0,240.0
Karnataka_Chikkaballapura_Gauribidanur_Thondebavi_Belathur,fm9fxte6,No,Approved,Karnataka,Chikkaballapura,Gauribidanur,Thondebavi,Belathur,2024-10-09,150,70,80,Below 8 years,60, Field Bund,13.4983753,77.5398724,Entry 4,450.0,0.0,450.0
Karnataka_Chikkaballapura_Gauribidanur_Thondebavi_Bhumenahalli,fm80kudb,No,Approved,Karnataka,Chikkaballapura,Gauribidanur,Thondebavi,Bhumenahalli,2024-09-24,380,80,80,Below 8 years,50, Field Bund,13.5076505,77.5363682,Entry 4,1140.0,0.0,1140.0
Karnataka_Chikkaballapura_Gauribidanur_Thondebavi_Kamalapura,fmvciys6,No,Approved,Karnataka,Chikkaballapura,Gauribidanur,Thondebavi,Kamalapura,2024-09-24,120,30,70,Below 8 years,50,Forest,13.5141887,77.5173282,Entry 4,360.0,0.0,360.0
Karnataka_Chikkaballapura_Gauribidanur_Thondebavi_Thondebhavi,fmwgrpvl,No,Approved,Karnataka,Chikkaballapura,Gauribidanur,Thondebavi,Thondebhavi,2024-10-09,200,60,80,Between 8 to 40 years,70, Field Bund,13.493943,77.5291912,Entry 4,600.0,0.0,600.0
Karnataka_Chikkaballapura_Gauribidanur_Unknown_Badimaralur,fmb16c59,No,Approved,Karnataka,Chikkaballapura,Gauribidanur,Unknown,Badimaralur,2024-09-16,380,150,80,Between 8 to 40 years,70,Avenue,13.656437,77.5684145,Entry 4,1140.0,0.0,1140.0
Karnataka_Chikkaballapura_Gauribidanur_Unknown_Bommasettihalli,fms1il79,Yes,Audit Approved,Karnataka,Chikkaballapura,Gauribidanur,Unknown,Bommasettihalli,2024-09-27,250,100,80,Between 8 to 40 years,50, Field Bund,13.6065385,77.4330097,Entry 4,750.0,0.0,750.0
Karnataka_Chikkaballapura_Gauribidanur_Unknown_Charakamittenehalli,fmy0rcic,No,Approved,Karnataka,Chikkaballapura,Gauribidanur,Unknown,Charakamittenehalli,2024-09-24,430,80,80,Between 8 to 40 years,70, Field Bund,13.5149397,77.5347634,Entry 4,1290.0,0.0,1290.0
Karnataka_Chikkaballapura_Gauribidanur_Unknown_Cheelammanahalli,fmqe66nx,No,Approved,Karnataka,Chikkaballapura,Gauribidanur,Unknown,Cheelammanahalli,2024-08-30,200,50,80,Below 8 years,40, Field Bund,13.6072993,77.6095138,Entry 4,600.0,0.0,600.0
Karnataka_Chikkaballapura_Gauribidanur_Unknown_Chinchanahalli,fm64wfun,No,Approved,Karnataka,Chikkaballapura,Gauribidanur,Unknown,Chinchanahalli,2024-09-05,520,80,70,Below 8 years,50, Field Bund,13.6151636,77.629003,Entry 4,1560.0,0.0,1560.0
Karnataka_Chikkaballapura_Gauribidanur_Unknown_Golachinnenahalli,fmbjqdl6,No,Approved,Karnataka,Chikkaballapura,Gauribidanur,Unknown,Golachinnenahalli,2024-09-09,630,150,80,Between 8 to 40 years,50,Block Plantation,13.6384803,77.5983759,Entry 4,1890.0,0.0,1890.0
Karnataka_Chikkaballapura_Gauribidanur_Unknown_Jodigurrappanahalli,fmzobry8,No,Approved,Karnataka,Chikkaballapura,Gauribidanur,Unknown,Jodigurrappanahalli,2024-08-31,100,30,80,Below 8 years,40, Field Bund,13.5828669,77.429748,Entry 4,300.0,0.0,300.0
Karnataka_Chikkaballapura_Gauribidanur_Unknown_Vedalaveni,fm2byqsv,No,Approved,Karnataka,Chikkaballapura,Gauribidanur,Unknown,Vedalaveni,2024-09-06,80,20,70,Between 8 to 40 years,60, Field Bund,13.5754082,77.4991708,Entry 4,240.0,0.0,240.0
Karnataka_Chikkaballapura_Gauribidanur_Vatadahosahalli_Bodabandahalli,fm6qmowe,No,Approved,Karnataka,Chikkaballapura,Gauribidanur,Vatadahosahalli,Bodabandahalli,2024-10-03,170,60,80,Below 8 years,50, Field Bund,13.6954897,77.6291923,Entry 4,510.0,0.0,510.0
Karnataka_Chikkaballapura_Gauribidanur_Vatadahosahalli_Chimakalahalli,fma8avjk,No,Approved,Karnataka,Chikkaballapura,Gauribidanur,Vatadahosahalli,Chimakalahalli,2024-10-05,200,50,70,Between 8 to 40 years,60,Forest,13.6892434,77.6679853,Entry 4,600.0,0.0,600.0
Karnataka_Chikkaballapura_Gauribidanur_Vatadahosahalli_Kerevolaginahalli,fmafs542,No,Approved,Karnataka,Chikkaballapura,Gauribidanur,Vatadahosahalli,Kerevolaginahalli,2024-10-08,1200,300,90,Below 8 years,50,Avenue,13.7116455,77.6346689,Entry 4,3600.0,0.0,3600.0
Karnataka_Chikkaballapura_Gauribidanur_Vatadahosahalli_Krishnarajapura,fmxzzhz0,No,Approved,Karnataka,Chikkaballapura,Gauribidanur,Vatadahosahalli,Krishnarajapura,2024-10-05,350,60,80,Between 8 to 40 years,50,Forest,13.6975986,77.6601089,Entry 4,1050.0,0.0,1050.0
Karnataka_Chikkaballapura_Gauribidanur_Vatadahosahalli_Manivala,fmesn60a,No,Approved,Karnataka,Chikkaballapura,Gauribidanur,Vatadahosahalli,Manivala,2024-09-25,130,50,80,Below 8 years,40,Forest,13.7044327,77.6087194,Entry 4,390.0,0.0,390.0
Karnataka_Chikkaballapura_Gauribidanur_Vatadahosahalli_Mopurahalli,fmamq97,No,Approved,Karnataka,Chikkaballapura,Gauribidanur,Vatadahosahalli,Mopurahalli,2024-10-03,350,70,70,Between 8 to 40 years,60,Forest,13.7015764,77.63791,Entry 4,1050.0,0.0,1050.0
Karnataka_Chikkaballapura_Gauribidanur_Vatadahosahalli_Sabbanahalli,fmfu7in3,No,Approved,Karnataka,Chikkaballapura,Gauribidanur,Vatadahosahalli,Sabbanahalli,2024-10-05,320,50,70,Below 8 years,50,Forest,13.7010143,77.6436852,Entry 4,960.0,0.0,960.0
Karnataka_Chikkaballapura_Gauribidanur_Vatadahosahalli_Thokalahalli,fm70x3rt,No,Approved,Karnataka,Chikkaballapura,Gauribidanur,Vatadahosahalli,Thokalahalli,2024-10-03,220,50,80,Between 8 to 40 years,60, Field Bund,13.69495,77.6364811,Entry 4,660.0,0.0,660.0
Karnataka_Chikkaballapura_Gauribidanur_Vatadahosahalli_Vatadahosahalli,fm0gfvvv,No,Approved,Karnataka,Chikkaballapura,Gauribidanur,Vatadahosahalli,Vatadahosahalli,2024-10-03,280,70,90,Below 8 years,70, Field Bund,13.7055269,77.624502,Entry 4,840.0,0.0,840.0
Karnataka_Chikkaballapura_Gudibanda_Beechaganahally_Bandarlahalli,fm89bqk8,No,Approved,Karnataka,Chikkaballapura,Gudibanda,Beechaganahally,Bandarlahalli,2024-10-17,150,50,80,Below 8 years,40, Field Bund,13.6664129,77.7747508,Entry 4,450.0,0.0,450.0
Karnataka_Chikkaballapura_Gudibanda_Beechaganahally_Beechaganahalli,fmewkwig,Yes,Audit Approved,Karnataka,Chikkaballapura,Gudibanda,Beechaganahally,Beechaganahalli,2024-10-17,600,200,80,Below 8 years,60, Field Bund,13.6731768,77.7651172,Entry 4,1800.0,0.0,1800.0
Karnataka_Chikkaballapura_Gudibanda_Beechaganahally_Chikkathammanahalli,fmwzhbfh,No,Approved,Karnataka,Chikkaballapura,Gudibanda,Beechaganahally,Chikkathammanahalli,2024-10-14,400,150,90,Between 8 to 40 years,60, Field Bund,13.666936,77.7439739,Entry 4,1200.0,0.0,1200.0
Karnataka_Chikkaballapura_Gudibanda_Beechaganahally_Iragareddihalli,fmndlizs,No,Approved,Karnataka,Chikkaballapura,Gudibanda,Beechaganahally,Iragareddihalli,2024-10-14,150,50,80,Below 8 years,40, Field Bund,13.6707922,77.7511384,Entry 4,450.0,0.0,450.0
Karnataka_Chikkaballapura_Gudibanda_Beechaganahally_Pavajenahalli,fmssgp1x,Yes,Audit Approved,Karnataka,Chikkaballapura,Gudibanda,Beechaganahally,Pavajenahalli,2024-10-17,900,250,90,Between 8 to 40 years,70, Field Bund,13.6719674,77.7593854,Entry 4,2700.0,0.0,2700.0
Karnataka_Chikkaballapura_Gudibanda_Beechaganahally_Ramaganahalli,fmgtvb5r,No,Approved,Karnataka,Chikkaballapura,Gudibanda,Beechaganahally,Ramaganahalli,2024-10-17,150,50,70,Below 8 years,40, Field Bund,13.6729769,77.777487,Entry 4,450.0,0.0,450.0
Karnataka_Chikkaballapura_Gudibanda_Beechaganahally_Sadasivanahalli,fm8ejqb1,No,Approved,Karnataka,Chikkaballapura,Gudibanda,Beechaganahally,Sadasivanahalli,2024-10-17,200,50,70,Below 8 years,50, Field Bund,13.658956,77.760978,Entry 4,600.0,0.0,600.0
Karnataka_Chikkaballapura_Gudibanda_Beechaganahally_Singanadinne,fm0ns0aw,No,Approved,Karnataka,Chikkaballapura,Gudibanda,Beechaganahally,Singanadinne,2024-10-17,300,100,90,Below 8 years,50, Field Bund,13.6651953,77.7561428,Entry 4,900.0,0.0,900.0
Karnataka_Chikkaballapura_Gudibanda_Dapparti_Balenahalli,fmnvtth5,No,Approved,Karnataka,Chikkaballapura,Gudibanda,Dapparti,Balenahalli,2024-10-17,250,100,80,Below 8 years,50, Field Bund,13.6651103,77.7676947,Entry 4,750.0,0.0,750.0
Karnataka_Chikkaballapura_Gudibanda_Dapparti_Bathalahalli,fmwl93iz,Yes,Audit Approved,Karnataka,Chikkaballapura,Gudibanda,Dapparti,Bathalahalli,2024-10-12,2500,1000,80,Below 8 years,50, Field Bund,13.6753595,77.7267015,Entry 4,7500.0,0.0,7500.0
Karnataka_Chikkaballapura_Gudibanda_Dapparti_Chinnahalli,fmxom4yx,No,Approved,Karnataka,Chikkaballapura,Gudibanda,Dapparti,Chinnahalli,2024-10-21,500,100,60,Below 8 years,40, Field Bund,13.6594484,77.6874842,Entry 4,1500.0,0.0,1500.0
Karnataka_Chikkaballapura_Gudibanda_Dapparti_Dapparthi,fm3xy70r,Yes,Audit Approved,Karnataka,Chikkaballapura,Gudibanda,Dapparti,Dapparthi,2024-10-12,950,200,80,Below 8 years,60, Field Bund,13.6824189,77.7379118,Entry 4,2850.0,0.0,2850.0
Karnataka_Chikkaballapura_Gudibanda_Dapparti_Gavikuntahalli,fmmids89,No,Approved,Karnataka,Chikkaballapura,Gudibanda,Dapparti,Gavikuntahalli,2024-10-12,200,50,80,Below 8 years,60, Field Bund,13.6833151,77.7489843,Entry 4,600.0,0.0,600.0
Karnataka_Chikkaballapura_Gudibanda_Dapparti_Gyadarmakalahalli,fmmui809,Yes,Audit Approved,Karnataka,Chikkaballapura,Gudibanda,Dapparti,Gyadarmakalahalli,2024-10-14,1000,300,80,Below 8 years,40, Field Bund,13.6766566,77.7405312,Entry 4,3000.0,0.0,3000.0
Karnataka_Chikkaballapura_Gudibanda_Dapparti_Hanumanthapuram,fmmqq73h,Yes,Audit Approved,Karnataka,Chikkaballapura,Gudibanda,Dapparti,Hanumanthapuram,2024-10-14,450,100,80,Below 8 years,60, Field Bund,13.6663101,77.7398185,Entry 4,1350.0,0.0,1350.0
Karnataka_Chikkaballapura_Gudibanda_Dapparti_Kataigarahalli,fmywenlz,No,Approved,Karnataka,Chikkaballapura,Gudibanda,Dapparti,Kataigarahalli,2024-10-12,250,50,80,Below 8 years,40, Field Bund,13.6905098,77.7474794,Entry 4,750.0,0.0,750.0
Karnataka_Chikkaballapura_Gudibanda_Dapparti_Kerenahalli,fmh8nbpl,No,Approved,Karnataka,Chikkaballapura,Gudibanda,Dapparti,Kerenahalli,2024-10-18,400,100,80,Below 8 years,30, Field Bund,13.6240356,77.7852858,Entry 4,1200.0,0.0,1200.0
Karnataka_Chikkaballapura_Gudibanda_Dapparti_Kondavalahalli,fmil127p,No,Approved,Karnataka,Chikkaballapura,Gudibanda,Dapparti,Kondavalahalli,2024-10-12,600,300,70,Between 8 to 40 years,60,Forest,13.699177,77.7411897,Entry 4,1800.0,0.0,1800.0
Karnataka_Chikkaballapura_Gudibanda_Dapparti_Koppukatenahalli,fmussu5k,No,Approved,Karnataka,Chikkaballapura,Gudibanda,Dapparti,Koppukatenahalli,2024-10-14,100,50,90,Between 8 to 40 years,70, Field Bund,13.6603607,77.741136,Entry 4,300.0,0.0,300.0
Karnataka_Chikkaballapura_Gudibanda_Dapparti_Lagumenahalli,fmtcioz9,No,Approved,Karnataka,Chikkaballapura,Gudibanda,Dapparti,Lagumenahalli,2024-10-21,50,20,90,Between 8 to 40 years,50, Field Bund,13.654319,77.6837508,Entry 4,150.0,0.0,150.0
Karnataka_Chikkaballapura_Gudibanda_Dapparti_Mallenahalli,fmztuq5g,No,Approved,Karnataka,Chikkaballapura,Gudibanda,Dapparti,Mallenahalli,2024-10-19,200,50,80,Below 8 years,50, Field Bund,13.6497361,77.8215998,Entry 4,600.0,0.0,600.0
Karnataka_Chikkaballapura_Gudibanda_Dapparti_Myakalahalli,fmj3iokr,No,Approved,Karnataka,Chikkaballapura,Gudibanda,Dapparti,Myakalahalli,2024-10-12,250,100,80,Between 8 to 40 years,50, Field Bund,13.6676058,77.7276603,Entry 4,750.0,0.0,750.0
Karnataka_Chikkaballapura_Gudibanda_Dapparti_Naduvanahalli,fm2y116l,No,Approved,Karnataka,Chikkaballapura,Gudibanda,Dapparti,Naduvanahalli,2024-10-14,100,50,80,Below 8 years,40, Field Bund,13.6553075,77.7439818,Entry 4,300.0,0.0,300.0
Karnataka_Chikkaballapura_Gudibanda_Dapparti_Nallaguntahalli,fme11ov2,No,Approved,Karnataka,Chikkaballapura,Gudibanda,Dapparti,Nallaguntahalli,2024-10-12,300,50,80,Below 8 years,40, Field Bund,13.7442869,77.7458461,Entry 4,900.0,0.0,900.0
Karnataka_Chikkaballapura_Gudibanda_Dapparti_Polampalli,fmprhtar,No,Approved,Karnataka,Chikkaballapura,Gudibanda,Dapparti,Polampalli,2024-10-18,150,50,80,Between 8 to 40 years,60, Field Bund,13.6465724,77.7652089,Entry 4,450.0,0.0,450.0
Karnataka_Chikkaballapura_Gudibanda_Dapparti_Upparahalli,fmi5r5f,Yes,Audit Approved,Karnataka,Chikkaballapura,Gudibanda,Dapparti,Upparahalli,2024-10-12,700,250,90,Between 8 to 40 years,50, Field Bund,13.6819001,77.7176583,Entry 4,2100.0,0.0,2100.0
Karnataka_Chikkaballapura_Gudibanda_Dapparti_V.Battalahalli,fmghywzn,No,Approved,Karnataka,Chikkaballapura,Gudibanda,Dapparti,V.Battalahalli,2024-10-18,500,150,90,Below 8 years,50,Avenue,13.6279469,77.7916145,Entry 4,1500.0,0.0,1500.0
Karnataka_Chikkaballapura_Gudibanda_Dapparti_Vabasandra,fmj6uz1c,No,Approved,Karnataka,Chikkaballapura,Gudibanda,Dapparti,Vabasandra,2024-10-12,450,150,80,Below 8 years,40, Field Bund,13.6896016,77.710479,Entry 4,1350.0,0.0,1350.0
Karnataka_Chikkaballapura_Gudibanda_Hampasandra_Benneparthi,fm1c8ni9,No,Approved,Karnataka,Chikkaballapura,Gudibanda,Hampasandra,Benneparthi,2024-10-12,200,100,90,Below 8 years,60,Avenue,13.7358994,77.7450229,Entry 4,600.0,0.0,600.0
Karnataka_Chikkaballapura_Gudibanda_Hampasandra_Garudacharlahally,fmrh93hr,No,Approved,Karnataka,Chikkaballapura,Gudibanda,Hampasandra,Garudacharlahally,2024-10-12,100,50,80,Below 8 years,40, Field Bund,13.7189925,77.7258437,Entry 4,300.0,0.0,300.0
Karnataka_Chikkaballapura_Gudibanda_Hampasandra_Hampasandra,fm2qvphf,No,Approved,Karnataka,Chikkaballapura,Gudibanda,Hampasandra,Hampasandra,2024-10-12,200,50,80,Below 8 years,50, Field Bund,13.7369822,77.7519705,Entry 4,600.0,0.0,600.0
Karnataka_Chikkaballapura_Gudibanda_Hampasandra_Kondareddihalli,fm39a8hp,No,Approved,Karnataka,Chikkaballapura,Gudibanda,Hampasandra,Kondareddihalli,2024-10-12,350,150,90,Below 8 years,50,Avenue,13.6998106,77.7285304,Entry 4,1050.0,0.0,1050.0
Karnataka_Chikkaballapura_Gudibanda_Hampasandra_Machahally,fmoml4q1,No,Approved,Karnataka,Chikkaballapura,Gudibanda,Hampasandra,Machahally,2024-10-12,150,50,80,Below 8 years,40, Field Bund,13.7103312,77.7315695,Entry 4,450.0,0.0,450.0
Karnataka_Chikkaballapura_Gudibanda_Hampasandra_Pasapalodu,fmporqba,No,Approved,Karnataka,Chikkaballapura,Gudibanda,Hampasandra,Pasapalodu,2024-10-12,650,100,80,Below 8 years,40, Field Bund,13.7163211,77.7365218,Entry 4,1950.0,0.0,1950.0
Karnataka_Chikkaballapura_Gudibanda_Hampasandra_Pulasanivoddu,fmebp2cu,No,Approved,Karnataka,Chikkaballapura,Gudibanda,Hampasandra,Pulasanivoddu,2024-10-12,100,50,80,Below 8 years,50, Field Bund,13.747467,77.738399,Entry 4,300.0,0.0,300.0
Karnataka_Chikkaballapura_Gudibanda_Somenahalli_Jambigemaradahalli,fmxz4chh,No,Approved,Karnataka,Chikkaballapura,Gudibanda,Somenahalli,Jambigemaradahalli,2024-10-19,250,100,80,Below 8 years,60, Field Bund,13.6498313,77.7988563,Entry 4,750.0,0.0,750.0
Karnataka_Chikkaballapura_Gudibanda_Tirumani_Singanahalli,fmshhj3g,No,Approved,Karnataka,Chikkaballapura,Gudibanda,Tirumani,Singanahalli,2024-10-19,150,50,80,Below 8 years,40, Field Bund,13.6436051,77.7928597,Entry 4,450.0,0.0,450.0
Karnataka_Chikkaballapura_Gudibanda_Tirumani_Uppakuntahalli,fmxhdfu4,No,Approved,Karnataka,Chikkaballapura,Gudibanda,Tirumani,Uppakuntahalli,2024-10-18,400,100,80,Below 8 years,70, Field Bund,13.6612566,77.7365118,Entry 4,1200.0,0.0,1200.0
Karnataka_Chikkaballapura_Gudibanda_Ullodu_Aligadirenahalli,fmwg6bj6,No,Approved,Karnataka,Chikkaballapura,Gudibanda,Ullodu,Aligadirenahalli,2024-10-21,300,100,90,Between 8 to 40 years,60, Field Bund,13.6491196,77.6936407,Entry 4,900.0,0.0,900.0
Karnataka_Chikkaballapura_Gudibanda_Ullodu_Brahmanarahalli,fmwdvbsr,No,Approved,Karnataka,Chikkaballapura,Gudibanda,Ullodu,Brahmanarahalli,2024-11-06,750,250,80,Below 8 years,40, Field Bund,13.5862404,77.4362196,Entry 1,2250.0,0.0,2250.0
Karnataka_Chikkaballapura_Gudibanda_Ullodu_Chowtathimmanahalli,fm7pd8kl,No,Approved,Karnataka,Chikkaballapura,Gudibanda,Ullodu,Chowtathimmanahalli,2024-10-21,300,100,90,Between 8 to 40 years,50,,13.6430706,77.6933235,Entry 4,900.0,0.0,900.0
Karnataka_Chikkaballapura_Gudibanda_Ullodu_Gerumaradahalli,fmpacfqt,No,Approved,Karnataka,Chikkaballapura,Gudibanda,Ullodu,Gerumaradahalli,2024-11-06,200,50,80,Below 8 years,60, Field Bund,13.5861617,77.4363943,Entry 1,600.0,0.0,600.0
Karnataka_Chikkaballapura_Gudibanda_Ullodu_Hale_Gudibanda,fm6q68b8,No,Approved,Karnataka,Chikkaballapura,Gudibanda,Ullodu,Hale Gudibanda,2024-10-21,250,100,90,Between 8 to 40 years,50, Field Bund,13.6614849,77.707851,Entry 4,750.0,0.0,750.0
Karnataka_Chikkaballapura_Gudibanda_Ullodu_Nichanabandahalli,fm20qhee,No,Approved,Karnataka,Chikkaballapura,Gudibanda,Ullodu,Nichanabandahalli,2024-10-21,250,50,80,Between 8 to 40 years,50, Field Bund,13.6516213,77.699197,Entry 4,750.0,0.0,750.0
Karnataka_Chikkaballapura_Gudibanda_Ullodu_Pulavamakalahalli,fmzdwy15,No,Approved,Karnataka,Chikkaballapura,Gudibanda,Ullodu,Pulavamakalahalli,2024-10-21,900,300,80,Between 8 to 40 years,50,,13.6470857,77.7024622,Entry 4,2700.0,0.0,2700.0
Karnataka_Chikkaballapura_Gudibanda_Ullodu_Somalapura,fmc8ytzf,No,Approved,Karnataka,Chikkaballapura,Gudibanda,Ullodu,Somalapura,2024-10-21,150,50,80,Below 8 years,50, Field Bund,13.6467742,77.6799025,Entry 4,450.0,0.0,450.0
Karnataka_Chikkaballapura_Gudibanda_Ullodu_Ullodu,fm0w9dcd,No,Approved,Karnataka,Chikkaballapura,Gudibanda,Ullodu,Ullodu,2024-10-21,300,100,90,Below 8 years,50, Field Bund,13.6472822,77.6970304,Entry 4,900.0,0.0,900.0
Karnataka_Chikkaballapura_Gudibanda_Unknown_Gudibanda_[R],fm236rcq,No,Approved,Karnataka,Chikkaballapura,Gudibanda,Unknown,Gudibanda [R],2024-10-12,650,100,90,Below 8 years,50,Block Plantation,13.6689289,77.7237529,Entry 4,1950.0,0.0,1950.0
Karnataka_Chikkaballapura_Gudibanda_Unknown_Yelakalarallahalli,fmw2hevn,No,Approved,Karnataka,Chikkaballapura,Gudibanda,Unknown,Yelakalarallahalli,2024-12-07,450,100,90,Between 8 to 40 years,50, Field Bund,13.630146,77.724892,Entry 4,1350.0,0.0,1350.0
Karnataka_Chikkaballapura_Gudibanda_Varlakonda_Appireddihalli,fmczl5wj,No,Approved,Karnataka,Chikkaballapura,Gudibanda,Varlakonda,Appireddihalli,2024-10-19,200,100,90,Below 8 years,50, Field Bund,13.6517224,77.7522396,Entry 4,600.0,0.0,600.0
Karnataka_Chikkaballapura_Gudibanda_Varlakonda_Bommanahalli,fmk3hn8a,No,Approved,Karnataka,Chikkaballapura,Gudibanda,Varlakonda,Bommanahalli,2024-10-19,600,200,90,Below 8 years,50,Block Plantation,13.6442781,77.7524858,Entry 4,1800.0,0.0,1800.0
Karnataka_Chikkaballapura_Gudibanda_Varlakonda_Jangalahalli,fmq0sf5b,No,Approved,Karnataka,Chikkaballapura,Gudibanda,Varlakonda,Jangalahalli,2024-10-18,700,250,80,Below 8 years,50,Block Plantation,13.6451965,77.7616175,Entry 4,2100.0,0.0,2100.0
Karnataka_Chikkaballapura_Gudibanda_Varlakonda_Lakshmisagara,fm5i7nq2,No,Approved,Karnataka,Chikkaballapura,Gudibanda,Varlakonda,Lakshmisagara,2024-10-19,150,50,80,Below 8 years,40, Field Bund,13.6371427,77.79119,Entry 4,450.0,0.0,450.0
Karnataka_Chikkaballapura_Gudibanda_Varlakonda_Medimakalahalli,fmjdiokz,No,Approved,Karnataka,Chikkaballapura,Gudibanda,Varlakonda,Medimakalahalli,2024-10-18,200,100,80,Between 8 to 40 years,60, Field Bund,13.6440547,77.7734765,Entry 4,600.0,0.0,600.0
Karnataka_Chikkaballapura_Gudibanda_Varlakonda_Theelakuntahalli,fmzjmbx7,No,Approved,Karnataka,Chikkaballapura,Gudibanda,Varlakonda,Theelakuntahalli,2024-10-18,100,50,80,Below 8 years,40, Field Bund,13.6177414,77.7856094,Entry 4,300.0,0.0,300.0
Karnataka_Chikkaballapura_Gudibanda_Varlakonda_Varlakonda,fmweqj8d,No,Approved,Karnataka,Chikkaballapura,Gudibanda,Varlakonda,Varlakonda,2024-10-19,200,50,80,Below 8 years,40,Avenue,13.6367841,77.7882758,Entry 4,600.0,0.0,600.0
Karnataka_Chikkaballapura_Manchenahalli_Chikkakurugodu_Chennabyrenahalli,fm46zttq,No,Approved,Karnataka,Chikkaballapura,Manchenahalli,Chikkakurugodu,Chennabyrenahalli,2024-09-09,100,20,70,Between 8 to 40 years,50,Riverbank,13.6369299,77.5166201,Entry 4,300.0,0.0,300.0
Karnataka_Chikkaballapura_Manchenahalli_Gowdagere_Addekoppa,fmlz7cob,No,Approved,Karnataka,Chikkaballapura,Manchenahalli,Gowdagere,Addekoppa,2024-10-10,200,50,80,Below 8 years,50, Field Bund,13.4836233,77.5983471,Entry 4,600.0,0.0,600.0
Karnataka_Chikkaballapura_Manchenahalli_Gowdagere_Chinnagenahalli,fm3jtwln,No,Approved,Karnataka,Chikkaballapura,Manchenahalli,Gowdagere,Chinnagenahalli,2024-10-09,1550,400,80,Between 8 to 40 years,60,Forest,13.4964694,77.5626715,Entry 4,4650.0,0.0,4650.0
Karnataka_Chikkaballapura_Manchenahalli_Gowdagere_Gowdagere,fmx2onap,No,Approved,Karnataka,Chikkaballapura,Manchenahalli,Gowdagere,Gowdagere,2024-10-10,1000,300,90,Below 8 years,50, Field Bund,13.4925492,77.5988475,Entry 4,3000.0,0.0,3000.0
Karnataka_Chikkaballapura_Manchenahalli_Gowdagere_Upparahalli,fm9qgtit,No,Approved,Karnataka,Chikkaballapura,Manchenahalli,Gowdagere,Upparahalli,2024-10-09,1100,450,80,Below 8 years,60, Field Bund,13.4873628,77.5759562,Entry 4,3300.0,0.0,3300.0
Karnataka_Chikkaballapura_Manchenahalli_Gowdagere_Varavani,fmbdmy9n,No,Approved,Karnataka,Chikkaballapura,Manchenahalli,Gowdagere,Varavani,2024-10-10,300,100,80,Between 8 to 40 years,50,Riverbank,13.5132148,77.582149,Entry 4,900.0,0.0,900.0
Karnataka_Chikkaballapura_Manchenahalli_Halehalli_Cheelenahalli,fm2bxjvt,No,Approved,Karnataka,Chikkaballapura,Manchenahalli,Halehalli,Cheelenahalli,2024-10-09,250,100,80,Between 8 to 40 years,50,Forest,13.4757765,77.5646957,Entry 4,750.0,0.0,750.0
Karnataka_Chikkaballapura_Manchenahalli_Halehalli_Halehalli,fm0gp371,No,Approved,Karnataka,Chikkaballapura,Manchenahalli,Halehalli,Halehalli,2024-10-10,150,50,80,Below 8 years,50, Field Bund,13.4647203,77.5717042,Entry 4,450.0,0.0,450.0
Karnataka_Chikkaballapura_Manchenahalli_Halehalli_Kadachikkanahally,fmk96g5x,No,Approved,Karnataka,Chikkaballapura,Manchenahalli,Halehalli,Kadachikkanahally,2024-10-10,250,100,80,Between 8 to 40 years,50, Field Bund,13.4629494,77.575992,Entry 4,750.0,0.0,750.0
Karnataka_Chikkaballapura_Manchenahalli_Halehalli_Nagarabhavi,fmbhe47y,No,Approved,Karnataka,Chikkaballapura,Manchenahalli,Halehalli,Nagarabhavi,2024-10-10,400,100,70,Between 8 to 40 years,40,Forest,13.4429788,77.5554329,Entry 4,1200.0,0.0,1200.0
Karnataka_Chikkaballapura_Manchenahalli_Jarabandanahalli_Gollahalli,fm00epo7,No,Approved,Karnataka,Chikkaballapura,Manchenahalli,Jarabandanahalli,Gollahalli,2024-11-15,300,50,70,Between 8 to 40 years,50, Field Bund,13.448588,77.6403195,Entry 4,900.0,0.0,900.0
Karnataka_Chikkaballapura_Manchenahalli_Jarabandanahalli_Gondihalli,fmn7z1jv,No,Approved,Karnataka,Chikkaballapura,Manchenahalli,Jarabandanahalli,Gondihalli,2024-08-28,1450,200,70,Below 8 years,60,Block Plantation,13.5330566,77.6268434,Entry 4,4350.0,0.0,4350.0
Karnataka_Chikkaballapura_Manchenahalli_Jarabandanahalli_Heggenahalli,fmg89wb5,No,Approved,Karnataka,Chikkaballapura,Manchenahalli,Jarabandanahalli,Heggenahalli,2024-08-28,400,70,70,Between 8 to 40 years,50, Field Bund,13.5332205,77.598059,Entry 4,1200.0,0.0,1200.0
Karnataka_Chikkaballapura_Manchenahalli_Jarabandanahalli_Pidachalahalli,fm35xfnc,No,Approved,Karnataka,Chikkaballapura,Manchenahalli,Jarabandanahalli,Pidachalahalli,2024-08-29,1000,150,60,Below 8 years,40, Field Bund,13.5472181,77.6420796,Entry 4,3000.0,0.0,3000.0
Karnataka_Chikkaballapura_Manchenahalli_Minakanagurki_Budivanthanahalli,fmagad5x,No,Approved,Karnataka,Chikkaballapura,Manchenahalli,Minakanagurki,Budivanthanahalli,2024-08-29,340,60,80,Between 8 to 40 years,50, Field Bund,13.5137209,77.6068969,Entry 4,1020.0,0.0,1020.0
Karnataka_Chikkaballapura_Manchenahalli_Minakanagurki_Dandiganahalli,fm2in4r6,No,Approved,Karnataka,Chikkaballapura,Manchenahalli,Minakanagurki,Dandiganahalli,2024-08-29,500,80,70,Between 8 to 40 years,80, Field Bund,13.5085092,77.6516439,Entry 4,1500.0,0.0,1500.0
Karnataka_Chikkaballapura_Manchenahalli_Minakanagurki_M.Nagenahalli,fmk1g816,No,Approved,Karnataka,Chikkaballapura,Manchenahalli,Minakanagurki,M.Nagenahalli,2024-08-29,320,50,80,Between 8 to 40 years,40, Field Bund,13.5204677,77.6181345,Entry 4,960.0,0.0,960.0
Karnataka_Chikkaballapura_Manchenahalli_Minakanagurki_Minakanagurki,fmuijnwi,No,Approved,Karnataka,Chikkaballapura,Manchenahalli,Minakanagurki,Minakanagurki,2024-08-29,260,30,70,Below 8 years,40, Field Bund,13.5221586,77.6100828,Entry 4,780.0,0.0,780.0
Karnataka_Chikkaballapura_Manchenahalli_Minakanagurki_P.Nagenahalli,fm2tiahd,No,Approved,Karnataka,Chikkaballapura,Manchenahalli,Minakanagurki,P.Nagenahalli,2024-08-27,250,40,60,Between 8 to 40 years,30,Forest,13.5343327,77.5714104,Entry 4,750.0,0.0,750.0
Karnataka_Chikkaballapura_Manchenahalli_Minakanagurki_Rayanakallu,fmh80m2z,No,Approved,Karnataka,Chikkaballapura,Manchenahalli,Minakanagurki,Rayanakallu,2024-08-29,450,70,70,Below 8 years,40,Block Plantation,13.4974759,77.6204478,Entry 4,1350.0,0.0,1350.0
Karnataka_Chikkaballapura_Manchenahalli_Pura_Arkunda,fm95e1a2,No,Approved,Karnataka,Chikkaballapura,Manchenahalli,Pura,Arkunda,2024-08-28,1300,200,90,Between 8 to 40 years,80,Block Plantation,13.5217733,77.571328,Entry 4,3900.0,0.0,3900.0
Karnataka_Chikkaballapura_Manchenahalli_Pura_Beeramangala,fmrh4q00,No,Approved,Karnataka,Chikkaballapura,Manchenahalli,Pura,Beeramangala,2024-08-27,260,40,80,Below 8 years,50,Block Plantation,13.5588484,77.5595784,Entry 4,780.0,0.0,780.0
Karnataka_Chikkaballapura_Manchenahalli_Pura_Bisalahalli,fmawl3xu,No,Approved,Karnataka,Chikkaballapura,Manchenahalli,Pura,Bisalahalli,2024-08-27,120,30,50,Between 8 to 40 years,30,Forest,13.5495917,77.5666817,Entry 4,360.0,0.0,360.0
Karnataka_Chikkaballapura_Manchenahalli_Pura_Guvvalahalli,fmbnfm35,No,Approved,Karnataka,Chikkaballapura,Manchenahalli,Pura,Guvvalahalli,2024-08-27,240,30,70,Below 8 years,50, Field Bund,13.5527694,77.555767,Entry 4,720.0,0.0,720.0
Karnataka_Chikkaballapura_Manchenahalli_Pura_Kondenahalli,fmjm11zf,No,Approved,Karnataka,Chikkaballapura,Manchenahalli,Pura,Kondenahalli,2024-11-18,650,150,90,Between 8 to 40 years,50, Field Bund,13.5538634,77.6660106,Entry 4,1950.0,0.0,1950.0
Karnataka_Chikkaballapura_Manchenahalli_Pura_Pura,fmnd6l60,No,Approved,Karnataka,Chikkaballapura,Manchenahalli,Pura,Pura,2024-08-28,260,50,60,Between 8 to 40 years,40, Field Bund,13.5259196,77.5796537,Entry 4,780.0,0.0,780.0
Karnataka_Chikkaballapura_Sidlaghatta_Abbaludu_Dyawaragudi,fmusnbtk,Yes,Audit Approved,Karnataka,Chikkaballapura,Sidlaghatta,Abbaludu,Dyawaragudi,2024-12-12,800,200,90,Between 8 to 40 years,70, Field Bund,13.4616801,77.860198,Entry 4,2400.0,0.0,2400.0
Karnataka_Chikkaballapura_Sidlaghatta_Ablodu_Abbaludu,fml7noqx,No,Approved,Karnataka,Chikkaballapura,Sidlaghatta,Ablodu,Abbaludu,2024-12-12,300,100,90,Between 8 to 40 years,60, Field Bund,13.4365542,77.8537789,Entry 4,900.0,0.0,900.0
Karnataka_Chikkaballapura_Sidlaghatta_Ablodu_Cheemanahalli,fmrysh7n,No,Approved,Karnataka,Chikkaballapura,Sidlaghatta,Ablodu,Cheemanahalli,2024-12-12,150,50,80,Between 8 to 40 years,70, Field Bund,13.4258115,77.8563717,Entry 4,450.0,0.0,450.0
Karnataka_Chikkaballapura_Sidlaghatta_Ablodu_Chyage,fmqlbeeo,No,Approved,Karnataka,Chikkaballapura,Sidlaghatta,Ablodu,Chyage,2024-12-13,300,100,80,Between 8 to 40 years,60, Field Bund,13.4381536,77.8675484,Entry 4,900.0,0.0,900.0
Karnataka_Chikkaballapura_Sidlaghatta_Ablodu_Kempenahalli,fm9dif2n,No,Approved,Karnataka,Chikkaballapura,Sidlaghatta,Ablodu,Kempenahalli,2024-12-13,300,100,90,Between 8 to 40 years,70, Field Bund,13.4433071,77.860266,Entry 4,900.0,0.0,900.0
Karnataka_Chikkaballapura_Sidlaghatta_Ablodu_Kotahalli,fmf53pwz,No,Approved,Karnataka,Chikkaballapura,Sidlaghatta,Ablodu,Kotahalli,2024-12-12,350,100,90,Between 8 to 40 years,60, Field Bund,13.4532755,77.8573428,Entry 4,1050.0,0.0,1050.0
Karnataka_Chikkaballapura_Sidlaghatta_Ablodu_Mallahalli,fmmo7hiz,No,Approved,Karnataka,Chikkaballapura,Sidlaghatta,Ablodu,Mallahalli,2024-12-12,400,100,80,Between 8 to 40 years,60, Field Bund,13.4476225,77.8562699,Entry 4,1200.0,0.0,1200.0
Karnataka_Chikkaballapura_Sidlaghatta_Ablodu_Sadahalli,fmrp2zkp,Yes,Audit Approved,Karnataka,Chikkaballapura,Sidlaghatta,Ablodu,Sadahalli,2024-12-13,1300,350,90,Between 8 to 40 years,60, Field Bund,13.4685016,77.871712,Entry 4,3900.0,0.0,3900.0
Karnataka_Chikkaballapura_Sidlaghatta_Basettihalli_Amur_Thimmanahalli,fmpthzli,No,Approved,Karnataka,Chikkaballapura,Sidlaghatta,Basettihalli,Amur Thimmanahalli,2024-12-14,300,100,90,Between 8 to 40 years,50, Field Bund,13.5534335,77.8521916,Entry 4,900.0,0.0,900.0
Karnataka_Chikkaballapura_Sidlaghatta_Basettihalli_B._Kempanahalli,fmowgn8e,Yes,Audit Approved,Karnataka,Chikkaballapura,Sidlaghatta,Basettihalli,B. Kempanahalli,2024-12-13,2300,700,90,Between 8 to 40 years,60, Field Bund,13.5230998,77.8528672,Entry 4,6900.0,0.0,6900.0
Karnataka_Chikkaballapura_Sidlaghatta_Basettihalli_Kambalahalli,fmhttnmf,Yes,Audit Approved,Karnataka,Chikkaballapura,Sidlaghatta,Basettihalli,Kambalahalli,2024-12-13,450,100,90,Between 8 to 40 years,50, Field Bund,13.5223228,77.8405699,Entry 4,1350.0,0.0,1350.0
Karnataka_Chikkaballapura_Sidlaghatta_Basettihalli_Ramalingapura,fm1dpfn3,No,Approved,Karnataka,Chikkaballapura,Sidlaghatta,Basettihalli,Ramalingapura,2024-12-14,600,200,90,Between 8 to 40 years,60, Field Bund,13.5464763,77.8857539,Entry 4,1800.0,0.0,1800.0
Karnataka_Chikkaballapura_Sidlaghatta_Basettyhalli_Ammagarahalli,fmsuvyq3,No,Approved,Karnataka,Chikkaballapura,Sidlaghatta,Basettyhalli,Ammagarahalli,2024-12-14,250,100,90,Between 8 to 40 years,50, Field Bund,13.5517377,77.8624641,Entry 4,750.0,0.0,750.0
Karnataka_Chikkaballapura_Sidlaghatta_Basettyhalli_Basettihalli,fmfo13el,Yes,Audit Approved,Karnataka,Chikkaballapura,Sidlaghatta,Basettyhalli,Basettihalli,2024-12-13,1300,250,90,Below 8 years,50,Block Plantation,13.5380766,77.8555732,Entry 4,3900.0,0.0,3900.0
Karnataka_Chikkaballapura_Sidlaghatta_Basettyhalli_Dhanamittenahalli,fmy8r880,No,Approved,Karnataka,Chikkaballapura,Sidlaghatta,Basettyhalli,Dhanamittenahalli,2024-12-13,350,100,90,Between 8 to 40 years,50, Field Bund,13.5241141,77.8581777,Entry 4,1050.0,0.0,1050.0
Karnataka_Chikkaballapura_Sidlaghatta_Basettyhalli_Doddagummanahalli,fmqpsufc,Yes,Audit Approved,Karnataka,Chikkaballapura,Sidlaghatta,Basettyhalli,Doddagummanahalli,2024-12-13,500,100,90,Between 8 to 40 years,60, Field Bund,13.5251447,77.8439671,Entry 4,1500.0,0.0,1500.0
Karnataka_Chikkaballapura_Sidlaghatta_Basettyhalli_Dyavarahalli,fmjqd0ly,No,Approved,Karnataka,Chikkaballapura,Sidlaghatta,Basettyhalli,Dyavarahalli,2024-12-14,500,100,90,Between 8 to 40 years,60, Field Bund,13.5541995,77.864925,Entry 4,1500.0,0.0,1500.0
Karnataka_Chikkaballapura_Sidlaghatta_Basettyhalli_Gowdanahalli,fm6mun6d,No,Approved,Karnataka,Chikkaballapura,Sidlaghatta,Basettyhalli,Gowdanahalli,2024-12-13,400,100,90,Between 8 to 40 years,60, Field Bund,13.5121217,77.8669116,Entry 4,1200.0,0.0,1200.0
Karnataka_Chikkaballapura_Sidlaghatta_Basettyhalli_Kumbarahalli,fmj119gn,Yes,Audit Approved,Karnataka,Chikkaballapura,Sidlaghatta,Basettyhalli,Kumbarahalli,2024-12-14,550,150,90,Between 8 to 40 years,50, Field Bund,13.5422617,77.854931,Entry 4,1650.0,0.0,1650.0
Karnataka_Chikkaballapura_Sidlaghatta_Basettyhalli_Nallarallahalli,fmgokfcl,No,Approved,Karnataka,Chikkaballapura,Sidlaghatta,Basettyhalli,Nallarallahalli,2024-12-13,350,100,90,Between 8 to 40 years,50, Field Bund,13.5380857,77.842451,Entry 4,1050.0,0.0,1050.0
Karnataka_Chikkaballapura_Sidlaghatta_Basettyhalli_Rameswara,fmmmqnw1,No,Approved,Karnataka,Chikkaballapura,Sidlaghatta,Basettyhalli,Rameswara,2024-12-13,250,50,90,Between 8 to 40 years,50, Field Bund,13.5349822,77.8457312,Entry 4,750.0,0.0,750.0
Karnataka_Chikkaballapura_Sidlaghatta_Basettyhalli_Valasenahalli,fmplaay5,No,Approved,Karnataka,Chikkaballapura,Sidlaghatta,Basettyhalli,Valasenahalli,2024-12-13,400,100,80,Between 8 to 40 years,70, Field Bund,13.5392315,77.8490381,Entry 4,1200.0,0.0,1200.0
Karnataka_Chikkaballapura_Sidlaghatta_Basettyhalli_Vanturu,fml9vrd0,Yes,Audit Approved,Karnataka,Chikkaballapura,Sidlaghatta,Basettyhalli,Vanturu,2024-12-13,1200,400,90,Between 8 to 40 years,60, Field Bund,13.5298945,77.8407173,Entry 4,3600.0,0.0,3600.0
Karnataka_Chikkaballapura_Sidlaghatta_Devaramallur_Bommanahalli,fms75pw1,No,Approved,Karnataka,Chikkaballapura,Sidlaghatta,Devaramallur,Bommanahalli,2024-12-16,300,100,90,Between 8 to 40 years,70, Field Bund,13.4025236,77.9087745,Entry 4,900.0,0.0,900.0
Karnataka_Chikkaballapura_Sidlaghatta_Devaramallur_Budhala,fm06fp26,No,Approved,Karnataka,Chikkaballapura,Sidlaghatta,Devaramallur,Budhala,2024-12-16,300,100,90,Below 8 years,40, Field Bund,13.3923682,77.8752169,Entry 4,900.0,0.0,900.0
Karnataka_Chikkaballapura_Sidlaghatta_Devaramallur_Devaramallur,fmjrzeem,No,Approved,Karnataka,Chikkaballapura,Sidlaghatta,Devaramallur,Devaramallur,2024-12-16,350,100,80,Between 8 to 40 years,60, Field Bund,13.4202816,77.9152823,Entry 4,1050.0,0.0,1050.0
Karnataka_Chikkaballapura_Sidlaghatta_Devaramallur_Koothandahalli,fmlppjoe,Yes,Audit Approved,Karnataka,Chikkaballapura,Sidlaghatta,Devaramallur,Koothandahalli,2024-12-16,700,250,90,Between 8 to 40 years,70, Field Bund,13.4122257,77.8766597,Entry 4,2100.0,0.0,2100.0
Karnataka_Chikkaballapura_Sidlaghatta_Devaramallur_Sonnenahalli,fm66400n,No,Approved,Karnataka,Chikkaballapura,Sidlaghatta,Devaramallur,Sonnenahalli,2024-12-16,150,50,90,Between 8 to 40 years,50, Field Bund,13.4080699,77.9023785,Entry 4,450.0,0.0,450.0
Karnataka_Chikkaballapura_Sidlaghatta_Devaramallur_Thaladummanahalli,fmd6jzfz,No,Approved,Karnataka,Chikkaballapura,Sidlaghatta,Devaramallur,Thaladummanahalli,2024-12-16,200,50,90,Below 8 years,40, Field Bund,13.3949608,77.8982166,Entry 4,600.0,0.0,600.0
Karnataka_Chikkaballapura_Sidlaghatta_Devaramallur_Veerapura,fm7grht1,No,Approved,Karnataka,Chikkaballapura,Sidlaghatta,Devaramallur,Veerapura,2024-12-16,100,30,80,Between 8 to 40 years,50, Field Bund,13.3912943,77.8860398,Entry 4,300.0,0.0,300.0
Karnataka_Chikkaballapura_Sidlaghatta_Dibburahalli_Bachanahalli,fm8y21sn,No,Approved,Karnataka,Chikkaballapura,Sidlaghatta,Dibburahalli,Bachanahalli,2024-12-14,450,150,90,Between 8 to 40 years,60, Field Bund,13.5628408,77.9042684,Entry 4,1350.0,0.0,1350.0
Karnataka_Chikkaballapura_Sidlaghatta_Dibburahalli_Byyappanahalli,fma9juor,No,Approved,Karnataka,Chikkaballapura,Sidlaghatta,Dibburahalli,Byyappanahalli,2024-12-14,250,100,90,Between 8 to 40 years,60, Field Bund,13.5446247,77.8885139,Entry 4,750.0,0.0,750.0
Karnataka_Chikkaballapura_Sidlaghatta_Dibburahalli_Chandaganahalli,fmu0ch44,No,Approved,Karnataka,Chikkaballapura,Sidlaghatta,Dibburahalli,Chandaganahalli,2024-12-14,850,300,90,Between 8 to 40 years,60, Field Bund,13.5493062,77.888945,Entry 4,2550.0,0.0,2550.0
Karnataka_Chikkaballapura_Sidlaghatta_Dibburahalli_Chikkadibburahalli,fmlnnt6u,No,Approved,Karnataka,Chikkaballapura,Sidlaghatta,Dibburahalli,Chikkadibburahalli,2024-12-14,200,50,80,Between 8 to 40 years,40, Field Bund,13.5549334,77.8951635,Entry 4,600.0,0.0,600.0
Karnataka_Chikkaballapura_Sidlaghatta_Dibburahalli_Dibburahalli,fmlry1wt,No,Approved,Karnataka,Chikkaballapura,Sidlaghatta,Dibburahalli,Dibburahalli,2024-12-14,150,50,90,Between 8 to 40 years,50, Field Bund,13.5539288,77.9063747,Entry 4,450.0,0.0,450.0
Karnataka_Chikkaballapura_Sidlaghatta_Dibburahalli_Hiriyelachenahalli,fm79907r,No,Approved,Karnataka,Chikkaballapura,Sidlaghatta,Dibburahalli,Hiriyelachenahalli,2024-12-14,950,350,90,Between 8 to 40 years,60, Field Bund,13.5712736,77.8738531,Entry 4,2850.0,0.0,2850.0
Karnataka_Chikkaballapura_Sidlaghatta_Dibburahalli_Seethahalli,fm5pqgvm,No,Approved,Karnataka,Chikkaballapura,Sidlaghatta,Dibburahalli,Seethahalli,2024-12-14,250,80,90,Between 8 to 40 years,50, Field Bund,13.5569522,77.8920679,Entry 4,750.0,0.0,750.0
Karnataka_Chikkaballapura_Sidlaghatta_Dibburahalli_Vaddahalli,fmb8sujs,No,Approved,Karnataka,Chikkaballapura,Sidlaghatta,Dibburahalli,Vaddahalli,2024-12-14,450,150,90,Between 8 to 40 years,70, Field Bund,13.5570003,77.9104046,Entry 4,1350.0,0.0,1350.0
Karnataka_Chikkaballapura_Sidlaghatta_Dibburahalli_Yalagalahalli,fmy89bib,No,Approved,Karnataka,Chikkaballapura,Sidlaghatta,Dibburahalli,Yalagalahalli,2024-12-14,550,150,90,Between 8 to 40 years,50, Field Bund,13.570753,77.8939252,Entry 4,1650.0,0.0,1650.0
Karnataka_Chikkaballapura_Sidlaghatta_Doddateka_Halli_Ajjakadirenahalli,fmjfli8y,Yes,Audit Approved,Karnataka,Chikkaballapura,Sidlaghatta,Doddateka Halli,Ajjakadirenahalli,2024-12-12,450,150,90,Between 8 to 40 years,70, Field Bund,13.4825621,77.8633668,Entry 4,1350.0,0.0,1350.0
Karnataka_Chikkaballapura_Sidlaghatta_Doddateka_Halli_Anemadagu,fmrft8ag,No,Approved,Karnataka,Chikkaballapura,Sidlaghatta,Doddateka Halli,Anemadagu,2024-12-13,250,50,90,Between 8 to 40 years,50, Field Bund,13.526631,77.8876507,Entry 4,750.0,0.0,750.0
Karnataka_Chikkaballapura_Sidlaghatta_Doddateka_Halli_Chikkathekahalli,fmhtc12f,No,Approved,Karnataka,Chikkaballapura,Sidlaghatta,Doddateka Halli,Chikkathekahalli,2024-12-13,300,100,80,Between 8 to 40 years,50, Field Bund,13.4961007,77.8781719,Entry 4,900.0,0.0,900.0
Karnataka_Chikkaballapura_Sidlaghatta_Doddateka_Halli_Doddathekahalli,fmsu2kdz,No,Approved,Karnataka,Chikkaballapura,Sidlaghatta,Doddateka Halli,Doddathekahalli,2024-12-12,250,80,90,Between 8 to 40 years,60, Field Bund,13.4956462,77.8645288,Entry 4,750.0,0.0,750.0
Karnataka_Chikkaballapura_Sidlaghatta_Doddateka_Halli_Kachinayakanahalli,fmzt3bc8,No,Approved,Karnataka,Chikkaballapura,Sidlaghatta,Doddateka Halli,Kachinayakanahalli,2024-12-13,700,150,90,Between 8 to 40 years,50, Field Bund,13.5302894,77.8714917,Entry 4,2100.0,0.0,2100.0
Karnataka_Chikkaballapura_Sidlaghatta_Doddateka_Halli_T.Peddanahalli,fme5wech,No,Approved,Karnataka,Chikkaballapura,Sidlaghatta,Doddateka Halli,T.Peddanahalli,2024-12-13,1000,350,90,Between 8 to 40 years,60, Field Bund,13.5036722,77.8847923,Entry 4,3000.0,0.0,3000.0
Karnataka_Chikkaballapura_Sidlaghatta_Doddathekalahalli_Goramillahalli,fm17wfcy,No,Approved,Karnataka,Chikkaballapura,Sidlaghatta,Doddathekalahalli,Goramillahalli,2024-12-12,2000,600,90,Between 8 to 40 years,70, Field Bund,13.4718716,77.8604676,Entry 4,6000.0,0.0,6000.0
Karnataka_Chikkaballapura_Sidlaghatta_Doddathekalahalli_Pillagundlahalli,fmkzyppx,No,Approved,Karnataka,Chikkaballapura,Sidlaghatta,Doddathekalahalli,Pillagundlahalli,2024-12-14,300,100,80,Between 8 to 40 years,50, Field Bund,13.5282556,77.8968293,Entry 4,900.0,0.0,900.0
Karnataka_Chikkaballapura_Sidlaghatta_Handiganala_Hanumanthapura,fmlgwrj4,No,Approved,Karnataka,Chikkaballapura,Sidlaghatta,Handiganala,Hanumanthapura,2024-12-12,250,50,80,Between 8 to 40 years,70, Field Bund,13.4090487,77.8568956,Entry 4,750.0,0.0,750.0
Karnataka_Chikkaballapura_Sidlaghatta_Handiganala_Varadanayakanahalli,fm66q93p,No,Approved,Karnataka,Chikkaballapura,Sidlaghatta,Handiganala,Varadanayakanahalli,2024-12-12,200,50,90,Between 8 to 40 years,70, Field Bund,13.4198898,77.8549802,Entry 4,600.0,0.0,600.0
Karnataka_Chikkaballapura_Sidlaghatta_Kumbigana_Halli_Thimmasandra,fmfzc0bk,No,Approved,Karnataka,Chikkaballapura,Sidlaghatta,Kumbigana Halli,Thimmasandra,2024-11-19,200,50,90,Between 8 to 40 years,50, Field Bund,13.4056621,78.0339197,Entry 4,600.0,0.0,600.0
Karnataka_Chikkaballapura_Sidlaghatta_Kundalagurki_Chikkapapanahalli,fm09s64e,No,Approved,Karnataka,Chikkaballapura,Sidlaghatta,Kundalagurki,Chikkapapanahalli,2024-12-16,250,50,90,Between 8 to 40 years,50, Field Bund,13.4425781,77.9398474,Entry 4,750.0,0.0,750.0
Karnataka_Chikkaballapura_Sidlaghatta_Kundalagurki_Kundalagurki,fmkv4hb6,No,Approved,Karnataka,Chikkaballapura,Sidlaghatta,Kundalagurki,Kundalagurki,2024-12-16,250,80,90,Between 8 to 40 years,50, Field Bund,13.446825,77.9389755,Entry 4,750.0,0.0,750.0
Karnataka_Chikkaballapura_Sidlaghatta_Kundalagurki_Siddapura,fm0g10gb,No,Approved,Karnataka,Chikkaballapura,Sidlaghatta,Kundalagurki,Siddapura,2024-12-16,150,40,80,Below 8 years,40, Field Bund,13.4476635,77.925164,Entry 1,450.0,0.0,450.0
Karnataka_Chikkaballapura_Sidlaghatta_Palicherlu_Binnamangala,fm6sfjrx,No,Approved,Karnataka,Chikkaballapura,Sidlaghatta,Palicherlu,Binnamangala,2024-12-13,400,100,90,Between 8 to 40 years,60, Field Bund,13.4641802,77.8768608,Entry 4,1200.0,0.0,1200.0
Karnataka_Chikkaballapura_Sidlaghatta_Palicherlu_Dogaranayakanahalli,fmamso65,No,Approved,Karnataka,Chikkaballapura,Sidlaghatta,Palicherlu,Dogaranayakanahalli,2024-12-16,300,100,90,Between 8 to 40 years,70, Field Bund,13.4378244,77.9046271,Entry 4,900.0,0.0,900.0
Karnataka_Chikkaballapura_Sidlaghatta_Palicherlu_Kannappanahalli,fmx1vx7y,No,Approved,Karnataka,Chikkaballapura,Sidlaghatta,Palicherlu,Kannappanahalli,2024-12-13,400,100,90,Between 8 to 40 years,60, Field Bund,13.4781156,77.8905339,Entry 4,1200.0,0.0,1200.0
Karnataka_Chikkaballapura_Sidlaghatta_Palicherlu_Mummanahalli,fmgg9dv3,No,Approved,Karnataka,Chikkaballapura,Sidlaghatta,Palicherlu,Mummanahalli,2024-12-15,250,80,90,Between 8 to 40 years,40, Field Bund,13.4870282,77.9204426,Entry 4,750.0,0.0,750.0
Karnataka_Chikkaballapura_Sidlaghatta_Palicherlu_Palicherlu,fm3wae0a,No,Approved,Karnataka,Chikkaballapura,Sidlaghatta,Palicherlu,Palicherlu,2024-12-15,1200,400,90,Between 8 to 40 years,40, Field Bund,13.476727,77.9047982,Entry 4,3600.0,0.0,3600.0
Karnataka_Chikkaballapura_Sidlaghatta_Palicherlu_Saddahalli,fmd8hfjs,No,Approved,Karnataka,Chikkaballapura,Sidlaghatta,Palicherlu,Saddahalli,2024-12-13,500,150,90,Between 8 to 40 years,50, Field Bund,13.4826315,77.8875362,Entry 4,1500.0,0.0,1500.0
Karnataka_Chikkaballapura_Sidlaghatta_Palicherlu_Tharabahalli,fmfvj7bf,No,Approved,Karnataka,Chikkaballapura,Sidlaghatta,Palicherlu,Tharabahalli,2024-12-15,300,100,80,Between 8 to 40 years,50, Field Bund,13.4787175,77.9010364,Entry 4,900.0,0.0,900.0
Karnataka_Chikkaballapura_Sidlaghatta_Talakayalabetta_Budagavarahalli,fmyb44j3,No,Approved,Karnataka,Chikkaballapura,Sidlaghatta,Talakayalabetta,Budagavarahalli,2024-12-15,450,100,90,Between 8 to 40 years,60, Field Bund,13.5483958,77.9402764,Entry 4,1350.0,0.0,1350.0
Karnataka_Chikkaballapura_Sidlaghatta_Talakayalabetta_Dimbarlahalli,fmywqr5x,No,Approved,Karnataka,Chikkaballapura,Sidlaghatta,Talakayalabetta,Dimbarlahalli,2024-12-15,250,80,90,Between 8 to 40 years,60, Field Bund,13.5524486,77.9193568,Entry 4,750.0,0.0,750.0
Karnataka_Chikkaballapura_Sidlaghatta_Talakayalabetta_Maralappanahalli,fmoqiuoy,No,Approved,Karnataka,Chikkaballapura,Sidlaghatta,Talakayalabetta,Maralappanahalli,2024-12-15,250,50,90,Between 8 to 40 years,60, Field Bund,13.5563896,77.9296298,Entry 4,750.0,0.0,750.0
Karnataka_Chikkaballapura_Sidlaghatta_Talakayalabetta_Nakkalahalli,fmwvay4f,No,Approved,Karnataka,Chikkaballapura,Sidlaghatta,Talakayalabetta,Nakkalahalli,2024-12-15,450,100,90,Between 8 to 40 years,40, Field Bund,13.5385308,77.94358,Entry 4,1350.0,0.0,1350.0
Karnataka_Chikkaballapura_Sidlaghatta_Talakayalabetta_Thalakayalabetta,fm9jknbp,No,Approved,Karnataka,Chikkaballapura,Sidlaghatta,Talakayalabetta,Thalakayalabetta,2024-12-14,650,150,90,Between 8 to 40 years,60, Field Bund,13.5625596,77.9224139,Entry 4,1950.0,0.0,1950.0
Karnataka_Chikkaballapura_Sidlaghatta_Thalakayalabetta_Dasarlahalli,fmc76tyo,No,Approved,Karnataka,Chikkaballapura,Sidlaghatta,Thalakayalabetta,Dasarlahalli,2024-12-15,300,100,90,Between 8 to 40 years,70, Field Bund,13.5578242,77.9358018,Entry 4,900.0,0.0,900.0
Karnataka_Chikkaballapura_Sidlaghatta_Thimmanayakana_Halli_Alagurki,fmwm56wk,No,Approved,Karnataka,Chikkaballapura,Sidlaghatta,Thimmanayakana Halli,Alagurki,2024-12-15,500,150,90,Between 8 to 40 years,70, Field Bund,13.5432996,77.9361595,Entry 4,1500.0,0.0,1500.0
Karnataka_Chikkaballapura_Sidlaghatta_Thimmanayakana_Halli_Kudupakunte,fmpsabta,No,Approved,Karnataka,Chikkaballapura,Sidlaghatta,Thimmanayakana Halli,Kudupakunte,2024-12-14,150,50,80,Between 8 to 40 years,40, Field Bund,13.5456369,77.9091944,Entry 4,450.0,0.0,450.0
Karnataka_Chikkaballapura_Sidlaghatta_Thimmanayakana_Halli_Rayappanahalli,fmealjzu,No,Approved,Karnataka,Chikkaballapura,Sidlaghatta,Thimmanayakana Halli,Rayappanahalli,2024-12-15,300,100,90,Between 8 to 40 years,50, Field Bund,13.5489601,77.9127324,Entry 4,900.0,0.0,900.0
Karnataka_Chikkaballapura_Sidlaghatta_Thimmanayakana_Halli_Thokalahalli,fmeljszr,No,Approved,Karnataka,Chikkaballapura,Sidlaghatta,Thimmanayakana Halli,Thokalahalli,2024-12-15,500,150,90,Between 8 to 40 years,60, Field Bund,13.4978896,77.9261142,Entry 4,1500.0,0.0,1500.0
Karnataka_Chikkaballapura_Sidlaghatta_Thimmanayakanahalli_Hannondu_Myli,fma2qpu0,No,Approved,Karnataka,Chikkaballapura,Sidlaghatta,Thimmanayakanahalli,Hannondu Myli,2024-12-15,1600,500,90,Below 8 years,40, Field Bund,13.5337357,77.9391741,Entry 4,4800.0,0.0,4800.0
Karnataka_Chikkaballapura_Sidlaghatta_Thimmanayakanahalli_Nachaganahalli,fmhshvf4,No,Approved,Karnataka,Chikkaballapura,Sidlaghatta,Thimmanayakanahalli,Nachaganahalli,2024-12-14,250,50,80,Between 8 to 40 years,50, Field Bund,13.5343731,77.9041282,Entry 4,750.0,0.0,750.0
Karnataka_Chikkaballapura_Sidlaghatta_Thimmanayakanahalli_Yerrahalli,fmjko1ag,No,Approved,Karnataka,Chikkaballapura,Sidlaghatta,Thimmanayakanahalli,Yerrahalli,2024-12-14,250,50,90,Between 8 to 40 years,50, Field Bund,13.5423484,77.9084096,Entry 4,750.0,0.0,750.0
Karnataka_Chikkaballapura_Sidlaghatta_Thimmsandra_Byraganahalli,fmdfpgdh,Yes,Audit Approved,Karnataka,Chikkaballapura,Sidlaghatta,Thimmsandra,Byraganahalli,2024-12-13,1400,400,90,Between 8 to 40 years,70, Field Bund,13.4580639,77.8724202,Entry 4,4200.0,0.0,4200.0
Karnataka_Chikkaballapura_Sidlaghatta_Unknown_Muddannanadinne,fmz7f94u,No,Approved,Karnataka,Chikkaballapura,Sidlaghatta,Unknown,Muddannanadinne,2024-12-13,100,30,80,Between 8 to 40 years,60, Field Bund,13.5122386,77.8671794,Entry 1,300.0,0.0,300.0
Karnataka_Chikkaballapura_Sidlaghatta_Venkatapura_Venkatapura,fmx31kkp,No,Approved,Karnataka,Chikkaballapura,Sidlaghatta,Venkatapura,Venkatapura,2024-12-14,300,100,90,Between 8 to 40 years,50, Field Bund,13.5618174,77.9405254,Entry 4,900.0,0.0,900.0
Karnataka_Chikkaballapura_Sidlaghatta_Y._Hunasenahalli_Basavanaparthi,fmuyifn3,No,Approved,Karnataka,Chikkaballapura,Sidlaghatta,Y. Hunasenahalli,Basavanaparthi,2024-12-16,150,50,80,Between 8 to 40 years,50, Field Bund,13.4306808,77.9357547,Entry 1,450.0,0.0,450.0
Karnataka_Chikkaballapura_Sidlaghatta_Y._Hunasenahalli_Chikkadasenahalli,fme1kbw4,No,Approved,Karnataka,Chikkaballapura,Sidlaghatta,Y. Hunasenahalli,Chikkadasenahalli,2024-12-16,300,100,90,Between 8 to 40 years,60, Field Bund,13.4242241,77.9379545,Entry 4,900.0,0.0,900.0
Karnataka_Chikkaballapura_Sidlaghatta_Y._Hunasenahalli_Marappanahalli,fmdghfpg,No,Approved,Karnataka,Chikkaballapura,Sidlaghatta,Y. Hunasenahalli,Marappanahalli,2024-12-16,200,50,80,Between 8 to 40 years,60, Field Bund,13.4231321,77.9237963,Entry 4,600.0,0.0,600.0
Karnataka_Chikkaballapura_Sidlaghatta_Y._Hunasenahalli_Varahunasenhalli,fm3wgoo1,No,Approved,Karnataka,Chikkaballapura,Sidlaghatta,Y. Hunasenahalli,Varahunasenhalli,2024-12-16,650,200,90,Between 8 to 40 years,70, Field Bund,13.4444562,77.9089383,Entry 4,1950.0,0.0,1950.0
Karnataka_Chitradurga_Challakere_Budnahatti_Budnahatti,fmviy31r,No,Approved,Karnataka,Chitradurga,Challakere,Budnahatti,Budnahatti,2025-10-05,300,100,70,Between 8 to 40 years,60,Block Plantation,14.3485762,76.6424086,Entry 4,900.0,0.0,900.0
Karnataka_Chitradurga_Challakere_Budnahatti_Duggavara,fmkul69w,Yes,Audit Approved,Karnataka,Chitradurga,Challakere,Budnahatti,Duggavara,2025-10-08,800,100,70,Between 8 to 40 years,60, Field Bund,14.3434639,76.6987601,Entry 4,2400.0,0.0,2400.0
Karnataka_Chitradurga_Challakere_Budnahatti_Veeradimmanahalli,fm85q9wp,No,Approved,Karnataka,Chitradurga,Challakere,Budnahatti,Veeradimmanahalli,2025-10-05,60,20,80,Between 8 to 40 years,60, Field Bund,14.3528828,76.6387242,Entry 4,180.0,0.0,180.0
Karnataka_Chitradurga_Challakere_Chennamanagathihalli_Haligondanahalli,fmkd7e1v,No,Approved,Karnataka,Chitradurga,Challakere,Chennamanagathihalli,Haligondanahalli,2025-10-09,400,80,60,Between 8 to 40 years,60, Field Bund,14.3582483,76.8152847,Entry 4,1200.0,0.0,1200.0
Karnataka_Chitradurga_Challakere_Chowlur_Chowluru,fmwg0zr3,No,Approved,Karnataka,Chitradurga,Challakere,Chowlur,Chowluru,2025-10-11,1000,100,70,Between 8 to 40 years,60,Forest,14.2672749,76.8580768,Entry 4,3000.0,0.0,3000.0
Karnataka_Chitradurga_Challakere_Doddaullarthi_Chikkaullarti,fmrau81e,No,Approved,Karnataka,Chitradurga,Challakere,Doddaullarthi,Chikkaullarti,2025-10-08,400,80,70,Between 8 to 40 years,60, Field Bund,14.3591821,76.7032588,Entry 4,1200.0,0.0,1200.0
Karnataka_Chitradurga_Challakere_Doddaullarthi_Doddaullarthi,fmllc0ya,No,Approved,Karnataka,Chitradurga,Challakere,Doddaullarthi,Doddaullarthi,2025-10-08,500,50,60,Between 8 to 40 years,60, Field Bund,14.386965,76.7043852,Entry 4,1500.0,0.0,1500.0
Karnataka_Chitradurga_Challakere_Dodderi_Bommasamudra,fmwybw91,Yes,Audit Approved,Karnataka,Chitradurga,Challakere,Dodderi,Bommasamudra,2025-10-08,550,100,70,Between 8 to 40 years,60, Field Bund,14.3222884,76.7029663,Entry 4,1650.0,0.0,1650.0
Karnataka_Chitradurga_Challakere_Dodderi_Dodderi,fmyjmitc,No,Approved,Karnataka,Chitradurga,Challakere,Dodderi,Dodderi,2025-10-06,200,20,60,Between 8 to 40 years,60, Field Bund,14.2966588,76.7054148,Entry 4,600.0,0.0,600.0
Karnataka_Chitradurga_Challakere_Gopanahalli_Gopanahalli,fm3rsjw9,No,Approved,Karnataka,Chitradurga,Challakere,Gopanahalli,Gopanahalli,2025-10-06,400,60,80,Between 8 to 40 years,60, Field Bund,14.2353752,76.7007888,Entry 4,1200.0,0.0,1200.0
Karnataka_Chitradurga_Challakere_Gopanahalli_Reddihalli,fmp50z9r,No,Approved,Karnataka,Chitradurga,Challakere,Gopanahalli,Reddihalli,2025-10-06,150,20,80,Between 8 to 40 years,60, Field Bund,14.2541668,76.7018344,Entry 4,450.0,0.0,450.0
Karnataka_Chitradurga_Challakere_Jajur_Jajur,fmvebqpv,No,Approved,Karnataka,Chitradurga,Challakere,Jajur,Jajur,2025-10-10,500,60,70,Between 8 to 40 years,60, Field Bund,14.367166,76.8576745,Entry 4,1500.0,0.0,1500.0
Karnataka_Chitradurga_Challakere_Jajur_Nagagondanahalli,fma0haf0,No,Approved,Karnataka,Chitradurga,Challakere,Jajur,Nagagondanahalli,2025-10-09,800,100,60,Between 8 to 40 years,60, Field Bund,14.3781882,76.8233752,Entry 4,2400.0,0.0,2400.0
Karnataka_Chitradurga_Challakere_Kaluvehalli_Kaluvehalli,fm0q5flw,Yes,Audit Approved,Karnataka,Chitradurga,Challakere,Kaluvehalli,Kaluvehalli,2025-10-09,800,100,60,Between 8 to 40 years,60, Field Bund,14.3521699,76.7885015,Entry 4,2400.0,0.0,2400.0
Karnataka_Chitradurga_Challakere_Mallurahalli_Baramasagara,fm5o8gbu,Yes,Audit Approved,Karnataka,Chitradurga,Challakere,Mallurahalli,Baramasagara,2025-10-08,500,80,60,Between 8 to 40 years,60, Field Bund,14.3399171,76.7068338,Entry 4,1500.0,0.0,1500.0
Karnataka_Chitradurga_Challakere_Meerasaabihalli_Karikere,fm1qbm4a,Yes,Audit Approved,Karnataka,Chitradurga,Challakere,Meerasaabihalli,Karikere,2025-10-09,1500,200,60,Between 8 to 40 years,60, Field Bund,14.3226684,76.7566113,Entry 4,4500.0,0.0,4500.0
Karnataka_Chitradurga_Challakere_Meerasaabihalli_Meerasabihalli,fmi00bcl,Yes,Audit Approved,Karnataka,Chitradurga,Challakere,Meerasaabihalli,Meerasabihalli,2025-10-09,1500,150,70,Between 8 to 40 years,60,Riverbank,14.292943,76.7210172,Entry 4,4500.0,0.0,4500.0
Karnataka_Chitradurga_Challakere_Meerasaabihalli_Rangavvanahalli,fm7pwrdi,Yes,Audit Approved,Karnataka,Chitradurga,Challakere,Meerasaabihalli,Rangavvanahalli,2025-10-09,800,100,60,Between 8 to 40 years,60, Field Bund,14.3231995,76.7362234,Entry 4,2400.0,0.0,2400.0
Karnataka_Chitradurga_Challakere_Meerasaabihalli_Vidupanakunte,fm6iat5z,Yes,Audit Approved,Karnataka,Chitradurga,Challakere,Meerasaabihalli,Vidupanakunte,2025-10-09,1000,150,60,Between 8 to 40 years,60, Field Bund,14.3242966,76.7417505,Entry 4,3000.0,0.0,3000.0
Karnataka_Chitradurga_Challakere_N.Devarahally_Varavoo_Kaval,fmhkit2o,No,Approved,Karnataka,Chitradurga,Challakere,N.Devarahally,Varavoo Kaval,2025-10-05,200,30,80,Between 8 to 40 years,50, Field Bund,14.3780167,76.62342,Entry 4,600.0,0.0,600.0
Karnataka_Chitradurga_Challakere_Nagaramgere_Hotteppanahalli,fm9r2tk4,No,Approved,Karnataka,Chitradurga,Challakere,Nagaramgere,Hotteppanahalli,2025-10-04,50,10,70,Between 8 to 40 years,60,Riverbank,14.181315,76.6672667,Entry 4,150.0,0.0,150.0
Karnataka_Chitradurga_Challakere_Nagaramgere_Lakshmipura.,fmo57tm7,No,Approved,Karnataka,Chitradurga,Challakere,Nagaramgere,Lakshmipura.,2025-10-04,200,60,80,Below 8 years,60,Block Plantation,14.278945,76.64517,Entry 4,600.0,0.0,600.0
Karnataka_Chitradurga_Challakere_Nagaramgere_Nagaramgere,fmdko5sa,Yes,Audit Approved,Karnataka,Chitradurga,Challakere,Nagaramgere,Nagaramgere,2025-10-07,800,150,80,Between 8 to 40 years,60, Field Bund,14.3100316,76.6704472,Entry 4,2400.0,0.0,2400.0
Karnataka_Chitradurga_Challakere_Nannivala_Challakere,fmsvtjb5,No,Approved,Karnataka,Chitradurga,Challakere,Nannivala,Challakere,2025-10-11,900,100,70,Between 8 to 40 years,60,Forest,14.3027,76.6135438,Entry 4,2700.0,0.0,2700.0
Karnataka_Chitradurga_Challakere_Nannivala_Gorlakatte,fm8wxatg,Yes,Audit Approved,Karnataka,Chitradurga,Challakere,Nannivala,Gorlakatte,2025-10-11,900,150,70,Between 8 to 40 years,60, Field Bund,14.275052,76.5731157,Entry 4,2700.0,0.0,2700.0
Karnataka_Chitradurga_Challakere_Nannivala_Gowdarakapile,fmlo5vd4,No,Approved,Karnataka,Chitradurga,Challakere,Nannivala,Gowdarakapile,2025-10-09,600,80,60,Between 8 to 40 years,60, Field Bund,14.3360712,76.7754208,Entry 4,1800.0,0.0,1800.0
Karnataka_Chitradurga_Challakere_Nannivala_Imampura,fmzkflim,Yes,Audit Approved,Karnataka,Chitradurga,Challakere,Nannivala,Imampura,2025-10-11,800,100,70,Between 8 to 40 years,60,Forest,14.3049189,76.6253634,Entry 4,2400.0,0.0,2400.0
Karnataka_Chitradurga_Challakere_Nannivala_Nallajamanahatti,fm4kkx30,Yes,Audit Approved,Karnataka,Chitradurga,Challakere,Nannivala,Nallajamanahatti,2025-10-11,1000,150,70,Between 8 to 40 years,60, Field Bund,14.2748172,76.572354,Entry 4,3000.0,0.0,3000.0
Karnataka_Chitradurga_Challakere_Nannivala_Renukagiri,fmojtr1z,No,Approved,Karnataka,Chitradurga,Challakere,Nannivala,Renukagiri,2025-10-09,500,80,60,Between 8 to 40 years,60, Field Bund,14.3644843,76.7981461,Entry 4,1500.0,0.0,1500.0
Karnataka_Chitradurga_Challakere_Nelagethanahatti_Bhairanayakanahatti,fmpat4ye,No,Approved,Karnataka,Chitradurga,Challakere,Nelagethanahatti,Bhairanayakanahatti,2025-10-07,400,20,60,Between 8 to 40 years,60, Field Bund,14.4673213,76.5533728,Entry 4,1200.0,0.0,1200.0
Karnataka_Chitradurga_Challakere_Neralagunte_Bheemanakere,fmhwdi2f,No,Approved,Karnataka,Chitradurga,Challakere,Neralagunte,Bheemanakere,2025-10-05,400,25,70,Between 8 to 40 years,60, Field Bund,14.432965,76.612605,Entry 4,1200.0,0.0,1200.0
Karnataka_Chitradurga_Challakere_Neralagunte_Katavvanahalli,fmi2v46d,No,Approved,Karnataka,Chitradurga,Challakere,Neralagunte,Katavvanahalli,2025-10-07,600,80,60,Between 8 to 40 years,60, Field Bund,14.4252015,76.5940372,Entry 4,1800.0,0.0,1800.0
Karnataka_Chitradurga_Challakere_Neralagunte_Neralagunte,fmu01gf4,No,Approved,Karnataka,Chitradurga,Challakere,Neralagunte,Neralagunte,2025-10-05,800,80,80,Between 8 to 40 years,60, Field Bund,14.4095033,76.6212717,Entry 4,2400.0,0.0,2400.0
Karnataka_Chitradurga_Challakere_Pagadalabande_Korlakunte,fm53nvyc,No,Approved,Karnataka,Chitradurga,Challakere,Pagadalabande,Korlakunte,2025-10-10,800,100,70,Between 8 to 40 years,60, Field Bund,14.2938483,76.902249,Entry 4,2400.0,0.0,2400.0
Karnataka_Chitradurga_Challakere_Pagadalabande_Pagadalabande,fm0y78ip,No,Approved,Karnataka,Chitradurga,Challakere,Pagadalabande,Pagadalabande,2025-10-10,500,50,70,Between 8 to 40 years,60, Field Bund,14.3304471,76.8840701,Entry 4,1500.0,0.0,1500.0
Karnataka_Chitradurga_Challakere_Pagadalabande_Putloorahalli,fma5wix2,No,Approved,Karnataka,Chitradurga,Challakere,Pagadalabande,Putloorahalli,2025-10-10,700,100,70,Between 8 to 40 years,60, Field Bund,14.2948771,76.9060609,Entry 4,2100.0,0.0,2100.0
Karnataka_Chitradurga_Challakere_Parashuramapura_Parasuramapura,fm7yslx3,No,Approved,Karnataka,Chitradurga,Challakere,Parashuramapura,Parasuramapura,2025-10-11,800,60,70,Between 8 to 40 years,60, Field Bund,14.2736946,76.8851837,Entry 4,2400.0,0.0,2400.0
Karnataka_Chitradurga_Challakere_Ramajogihalli_Balenahalli,fm25onvg,No,Approved,Karnataka,Chitradurga,Challakere,Ramajogihalli,Balenahalli,2025-10-11,400,50,60,Between 8 to 40 years,60, Field Bund,14.2540534,76.555628,Entry 4,1200.0,0.0,1200.0
Karnataka_Chitradurga_Challakere_Ramajogihalli_Kurudihalli,fmqulz4z,Yes,Audit Approved,Karnataka,Chitradurga,Challakere,Ramajogihalli,Kurudihalli,2025-10-11,600,80,70,Between 8 to 40 years,60, Field Bund,14.2922193,76.5964254,Entry 4,1800.0,0.0,1800.0
Karnataka_Chitradurga_Challakere_S.Mahadevapura_Mahadevapura,fm87lby5,No,Approved,Karnataka,Chitradurga,Challakere,S.Mahadevapura,Mahadevapura,2025-10-07,300,30,70,Between 8 to 40 years,60, Field Bund,14.4648537,76.5784797,Entry 4,900.0,0.0,900.0
Karnataka_Chitradurga_Challakere_S.Mahadevapura_Manamainahatti,fmhm1uyw,No,Approved,Karnataka,Chitradurga,Challakere,S.Mahadevapura,Manamainahatti,2025-10-07,500,20,70,Between 8 to 40 years,60, Field Bund,14.4521986,76.5511085,Entry 4,1500.0,0.0,1500.0
Karnataka_Chitradurga_Challakere_Sanikere_Heggere,fmhus5xz,No,Approved,Karnataka,Chitradurga,Challakere,Sanikere,Heggere,2025-10-04,20,4,80,Between 8 to 40 years,60, Field Bund,14.16777,76.6645333,Entry 4,60.0,0.0,60.0
Karnataka_Chitradurga_Challakere_Sanikere_Sanikere,fms5s4l6,No,Approved,Karnataka,Chitradurga,Challakere,Sanikere,Sanikere,2025-10-04,40,6,80,Between 8 to 40 years,60, Field Bund,14.1843067,76.6660083,Entry 4,120.0,0.0,120.0
Karnataka_Chitradurga_Challakere_Siddeshvaranadurga_Gowripura,fm0yjzgo,No,Approved,Karnataka,Chitradurga,Challakere,Siddeshvaranadurga,Gowripura,2025-10-07,600,60,60,Between 8 to 40 years,60, Field Bund,14.443954,76.5940616,Entry 4,1800.0,0.0,1800.0
Karnataka_Chitradurga_Challakere_Somaguddu_Ganjigunte,fmt5fyk8,No,Approved,Karnataka,Chitradurga,Challakere,Somaguddu,Ganjigunte,2025-10-04,30,5,80,Between 8 to 40 years,60, Field Bund,14.2202083,76.6660317,Entry 4,90.0,0.0,90.0
Karnataka_Chitradurga_Holalkere_Adanur_Adanur,fmgkwpvz,No,Approved,Karnataka,Chitradurga,Holalkere,Adanur,Adanur,2025-10-14,300,50,60,Between 8 to 40 years,60, Field Bund,14.0700594,76.1722451,Entry 4,900.0,0.0,900.0
Karnataka_Chitradurga_Holalkere_Adanur_Apparasanahalli,fmaqu03q,No,Approved,Karnataka,Chitradurga,Holalkere,Adanur,Apparasanahalli,2025-10-14,100,20,60,Between 8 to 40 years,60, Field Bund,14.1295331,76.1763529,Entry 4,300.0,0.0,300.0
Karnataka_Chitradurga_Holalkere_Adanur_Arasanaghatta,fm6p6ctt,No,Approved,Karnataka,Chitradurga,Holalkere,Adanur,Arasanaghatta,2025-10-14,300,30,60,Between 8 to 40 years,60, Field Bund,14.1077969,76.1824559,Entry 4,900.0,0.0,900.0
Karnataka_Chitradurga_Holalkere_Adanur_Harenahalli,fm9f4wwa,No,Approved,Karnataka,Chitradurga,Holalkere,Adanur,Harenahalli,2025-10-14,80,15,60,Between 8 to 40 years,60, Field Bund,14.1035673,76.2047409,Entry 4,240.0,0.0,240.0
Karnataka_Chitradurga_Holalkere_Adanur_Kambadevarahatta,fmmcldp1,No,Approved,Karnataka,Chitradurga,Holalkere,Adanur,Kambadevarahatta,2025-10-14,500,60,60,Between 8 to 40 years,60,Riverbank,14.0695264,76.1923017,Entry 4,1500.0,0.0,1500.0
Karnataka_Chitradurga_Holalkere_Adanur_Padigatte,fmpgzmfo,No,Approved,Karnataka,Chitradurga,Holalkere,Adanur,Padigatte,2025-10-15,800,100,60,Between 8 to 40 years,60,Riverbank,14.0878992,76.147569,Entry 4,2400.0,0.0,2400.0
Karnataka_Chitradurga_Holalkere_Arehalli_Arehalli,fm97zppk,Yes,Audit Approved,Karnataka,Chitradurga,Holalkere,Arehalli,Arehalli,2025-10-15,500,80,60,Between 8 to 40 years,60,Avenue,14.04976,76.1380159,Entry 4,1500.0,0.0,1500.0
Karnataka_Chitradurga_Holalkere_Arehalli_Kamasamudra_A.,fm4zkjrm,No,Approved,Karnataka,Chitradurga,Holalkere,Arehalli,Kamasamudra A.,2025-10-16,200,30,60,Between 8 to 40 years,60, Field Bund,14.0343259,76.1503427,Entry 4,600.0,0.0,600.0
Karnataka_Chitradurga_Holalkere_B.Durga_B.Durga,fmx5kpab,No,Approved,Karnataka,Chitradurga,Holalkere,B.Durga,B.Durga,2025-10-15,300,40,60,Between 8 to 40 years,60, Field Bund,14.1538445,76.1372841,Entry 4,900.0,0.0,900.0
Karnataka_Chitradurga_Holalkere_Chikkajajur_Banagere,fmgzeo25,No,Approved,Karnataka,Chitradurga,Holalkere,Chikkajajur,Banagere,2025-10-15,400,50,60,Between 8 to 40 years,60, Field Bund,14.1053915,76.147956,Entry 4,1200.0,0.0,1200.0
Karnataka_Chitradurga_Holalkere_Chikkajajur_Chikkajajur,fmvm5lxs,No,Approved,Karnataka,Chitradurga,Holalkere,Chikkajajur,Chikkajajur,2025-10-14,400,40,60,Between 8 to 40 years,60, Field Bund,14.1291946,76.1522986,Entry 4,1200.0,0.0,1200.0
Karnataka_Chitradurga_Holalkere_Chithrahalli_Chiranahalli,fml64k3m,No,Approved,Karnataka,Chitradurga,Holalkere,Chithrahalli,Chiranahalli,2025-10-14,300,40,60,Between 8 to 40 years,60, Field Bund,14.0612244,76.1756633,Entry 4,900.0,0.0,900.0
Karnataka_Chitradurga_Holalkere_Chithrahalli_Chitrahalli,fmfgl77c,Yes,Audit Approved,Karnataka,Chitradurga,Holalkere,Chithrahalli,Chitrahalli,2025-10-13,1000,100,60,Between 8 to 40 years,60, Field Bund,14.1147799,76.2692483,Entry 4,3000.0,0.0,3000.0
Karnataka_Chitradurga_Holalkere_Chithrahalli_Kondapura,fm0ba9x9,Yes,Audit Approved,Karnataka,Chitradurga,Holalkere,Chithrahalli,Kondapura,2025-10-13,700,60,60,Between 8 to 40 years,60, Field Bund,14.1185062,76.2579042,Entry 4,2100.0,0.0,2100.0
Karnataka_Chitradurga_Holalkere_Gunderi_Chandragiri_Nagara,fmy9m2nf,No,Approved,Karnataka,Chitradurga,Holalkere,Gunderi,Chandragiri Nagara,2025-10-14,100,20,60,Between 8 to 40 years,60, Field Bund,14.1436309,76.1408888,Entry 4,300.0,0.0,300.0
Karnataka_Chitradurga_Holalkere_Gunderi_Chitrrahalli__Gollarahatti,fmrkpzqj,No,Approved,Karnataka,Chitradurga,Holalkere,Gunderi,Chitrrahalli  Gollarahatti,2025-10-17,800,60,60,Between 8 to 40 years,60,Riverbank,14.1002007,76.2722665,Entry 4,2400.0,0.0,2400.0
Karnataka_Chitradurga_Holalkere_Gunderi_Edehalli,fmvzzepz,No,Approved,Karnataka,Chitradurga,Holalkere,Gunderi,Edehalli,2025-10-16,200,20,60,Between 8 to 40 years,60, Field Bund,13.9745463,76.1888063,Entry 4,600.0,0.0,600.0
Karnataka_Chitradurga_Holalkere_Gunderi_Gunderi,fm9bsq3i,No,Approved,Karnataka,Chitradurga,Holalkere,Gunderi,Gunderi,2025-10-16,400,25,60,Between 8 to 40 years,60, Field Bund,13.9980832,76.1595568,Entry 4,1200.0,0.0,1200.0
Karnataka_Chitradurga_Holalkere_Gunderi_Gundimadu_Gollarahatti,fmji6hb1,Yes,Audit Approved,Karnataka,Chitradurga,Holalkere,Gunderi,Gundimadu Gollarahatti,2025-10-15,600,100,60,Between 8 to 40 years,60,Riverbank,14.0506919,76.1306796,Entry 4,1800.0,0.0,1800.0
Karnataka_Chitradurga_Holalkere_Gunderi_Holalkere,fm1am4wf,No,Approved,Karnataka,Chitradurga,Holalkere,Gunderi,Holalkere,2025-10-17,300,30,60,Between 8 to 40 years,60, Field Bund,13.9567914,76.2030035,Entry 4,900.0,0.0,900.0
Karnataka_Chitradurga_Holalkere_Gunderi_Jayanthi_Nagara,fmd75oft,No,Approved,Karnataka,Chitradurga,Holalkere,Gunderi,Jayanthi Nagara,2025-10-16,200,40,60,Between 8 to 40 years,60, Field Bund,14.0353956,76.15041,Entry 4,600.0,0.0,600.0
Karnataka_Chitradurga_Holalkere_Gunderi_Jayapura,fmi14z6q,No,Approved,Karnataka,Chitradurga,Holalkere,Gunderi,Jayapura,2025-10-16,200,20,60,Between 8 to 40 years,60, Field Bund,14.0785809,76.1667028,Entry 4,600.0,0.0,600.0
Karnataka_Chitradurga_Holalkere_Gunderi_Kelagina_Kottige,fm84zwkb,No,Approved,Karnataka,Chitradurga,Holalkere,Gunderi,Kelagina Kottige,2025-10-17,50,20,60,Between 8 to 40 years,60, Field Bund,13.9197152,76.2148645,Entry 4,150.0,0.0,150.0
Karnataka_Chitradurga_Holalkere_Gunderi_Maddainahatti,fmtci1ut,No,Approved,Karnataka,Chitradurga,Holalkere,Gunderi,Maddainahatti,2025-10-14,100,20,60,Between 8 to 40 years,60, Field Bund,14.103563,76.2047312,Entry 4,300.0,0.0,300.0
Karnataka_Chitradurga_Holalkere_Gunderi_Makenahatti,fmnw21uj,No,Approved,Karnataka,Chitradurga,Holalkere,Gunderi,Makenahatti,2025-10-14,500,80,60,Between 8 to 40 years,60,Riverbank,14.105557,76.2030077,Entry 4,1500.0,0.0,1500.0
Karnataka_Chitradurga_Holalkere_Gunderi_Malenahalli,fmebfs2y,No,Approved,Karnataka,Chitradurga,Holalkere,Gunderi,Malenahalli,2025-10-16,300,25,60,Between 8 to 40 years,60, Field Bund,14.0016138,76.1517057,Entry 4,900.0,0.0,900.0
Karnataka_Chitradurga_Holalkere_Gunderi_Malenahalli_Kaval,fm9w5hlq,No,Approved,Karnataka,Chitradurga,Holalkere,Gunderi,Malenahalli Kaval,2025-10-16,200,25,60,Between 8 to 40 years,60, Field Bund,14.0016114,76.1516847,Entry 4,600.0,0.0,600.0
Karnataka_Chitradurga_Holalkere_Gunderi_Maruti_Nagara,fmerj68a,No,Approved,Karnataka,Chitradurga,Holalkere,Gunderi,Maruti Nagara,2025-10-14,250,40,60,Between 8 to 40 years,60, Field Bund,14.1282803,76.1569128,Entry 4,750.0,0.0,750.0
Karnataka_Chitradurga_Holalkere_Gunderi_Megalkottige,fm1d60en,No,Approved,Karnataka,Chitradurga,Holalkere,Gunderi,Megalkottige,2025-10-17,80,15,60,Between 8 to 40 years,60, Field Bund,13.9195233,76.2136849,Entry 4,240.0,0.0,240.0
Karnataka_Chitradurga_Holalkere_Gunderi_Rangapura_Lambanihatti,fmtkjlqn,Yes,Audit Approved,Karnataka,Chitradurga,Holalkere,Gunderi,Rangapura Lambanihatti,2025-10-16,500,50,60,Between 8 to 40 years,60, Field Bund,13.9839356,76.1142742,Entry 4,1500.0,0.0,1500.0
Karnataka_Chitradurga_Holalkere_Gunderi_Uganekatte_Vaddarahatti,fmxb103u,No,Approved,Karnataka,Chitradurga,Holalkere,Gunderi,Uganekatte Vaddarahatti,2025-10-17,60,20,60,Between 8 to 40 years,60, Field Bund,13.9195345,76.2147633,Entry 4,180.0,0.0,180.0
Karnataka_Chitradurga_Holalkere_Gungiganur_Chikkandavadi,fmti8bja,No,Approved,Karnataka,Chitradurga,Holalkere,Gungiganur,Chikkandavadi,2025-10-14,400,30,60,Between 8 to 40 years,60, Field Bund,14.1333636,76.1943159,Entry 4,1200.0,0.0,1200.0
Karnataka_Chitradurga_Holalkere_Gungiganur_Gunjiganur,fmksllqt,No,Approved,Karnataka,Chitradurga,Holalkere,Gungiganur,Gunjiganur,2025-10-14,60,15,60,Between 8 to 40 years,60, Field Bund,14.1348688,76.1410108,Entry 4,180.0,0.0,180.0
Karnataka_Chitradurga_Holalkere_Gungiganur_Honnakaluve,fm4ntfsz,No,Approved,Karnataka,Chitradurga,Holalkere,Gungiganur,Honnakaluve,2025-10-15,60,20,60,Between 8 to 40 years,60, Field Bund,14.1434297,76.1410351,Entry 4,180.0,0.0,180.0
Karnataka_Chitradurga_Holalkere_Gungiganur_Rangavvanahalli,fm81sina,No,Approved,Karnataka,Chitradurga,Holalkere,Gungiganur,Rangavvanahalli,2025-10-15,200,20,60,Between 8 to 40 years,60, Field Bund,14.1538354,76.1371527,Entry 4,600.0,0.0,600.0
Karnataka_Chitradurga_Holalkere_Gungiganur_S.H.Halli_Gollarhatti,fm51zsum,No,Approved,Karnataka,Chitradurga,Holalkere,Gungiganur,S.H.Halli Gollarhatti,2025-10-14,100,15,60,Between 8 to 40 years,60, Field Bund,14.1433622,76.1410889,Entry 4,300.0,0.0,300.0
Karnataka_Chitradurga_Holalkere_Gungiganur_Sringeri-Hanumanahalli,fm0i45pa,No,Approved,Karnataka,Chitradurga,Holalkere,Gungiganur,Sringeri-Hanumanahalli,2025-10-15,80,20,60,Between 8 to 40 years,60, Field Bund,14.1477817,76.1208913,Entry 4,240.0,0.0,240.0
Karnataka_Chitradurga_Holalkere_Hire_Yemmiganur_Dasarahalli,fm8zf5az,No,Approved,Karnataka,Chitradurga,Holalkere,Hire Yemmiganur,Dasarahalli,2025-10-14,60,20,60,Between 8 to 40 years,60, Field Bund,14.1025991,76.188065,Entry 4,180.0,0.0,180.0
Karnataka_Chitradurga_Holalkere_Madderu_Halehalli,fmv0t55q,Yes,Audit Approved,Karnataka,Chitradurga,Holalkere,Madderu,Halehalli,2025-10-13,400,50,60,Between 8 to 40 years,60, Field Bund,14.066328,76.2389286,Entry 4,1200.0,0.0,1200.0
Karnataka_Chitradurga_Holalkere_Madderu_T.Yemmiganur,fmd7f90v,Yes,Audit Approved,Karnataka,Chitradurga,Holalkere,Madderu,T.Yemmiganur,2025-10-13,500,40,60,Between 8 to 40 years,60, Field Bund,14.0613583,76.2387903,Entry 4,1500.0,0.0,1500.0
Karnataka_Chitradurga_Holalkere_Muthugadur_Vishvanathanahalli,fm0yjieh,No,Approved,Karnataka,Chitradurga,Holalkere,Muthugadur,Vishvanathanahalli,2025-10-16,200,25,60,Between 8 to 40 years,60, Field Bund,13.9654567,76.1972169,Entry 4,600.0,0.0,600.0
Karnataka_Chitradurga_Holalkere_N.G.Halli_Narayanagondanahalli,fmiiy7h9,No,Approved,Karnataka,Chitradurga,Holalkere,N.G.Halli,Narayanagondanahalli,2025-10-17,600,80,60,Between 8 to 40 years,60,Riverbank,13.9180557,76.206401,Entry 4,1800.0,0.0,1800.0
Karnataka_Chitradurga_Holalkere_N.G.Halli_Uganekatte,fm2ubxmo,No,Approved,Karnataka,Chitradurga,Holalkere,N.G.Halli,Uganekatte,2025-10-17,200,30,60,Between 8 to 40 years,60, Field Bund,13.956179,76.2030616,Entry 4,600.0,0.0,600.0
Karnataka_Chitradurga_Holalkere_R.Nulenur_Basapura,fmcjsb37,No,Approved,Karnataka,Chitradurga,Holalkere,R.Nulenur,Basapura,2025-10-15,300,30,60,Between 8 to 40 years,60, Field Bund,14.0160156,76.1200102,Entry 4,900.0,0.0,900.0
Karnataka_Chitradurga_Holalkere_R.Nulenur_R.Nulenur,fmdynpzd,Yes,Audit Approved,Karnataka,Chitradurga,Holalkere,R.Nulenur,R.Nulenur,2025-10-16,1000,200,60,Between 8 to 40 years,60,Avenue,14.0101366,76.1215157,Entry 4,3000.0,0.0,3000.0
Karnataka_Chitradurga_Holalkere_R.Nulenur_Rangapura,fmoypai7,Yes,Audit Approved,Karnataka,Chitradurga,Holalkere,R.Nulenur,Rangapura,2025-10-16,800,80,60,Between 8 to 40 years,60, Field Bund,14.000288,76.1219646,Entry 4,2400.0,0.0,2400.0
Karnataka_Chitradurga_Holalkere_Ramagiri_Dasikatte,fmjwfbdk,Yes,Audit Approved,Karnataka,Chitradurga,Holalkere,Ramagiri,Dasikatte,2025-10-16,800,50,60,Between 8 to 40 years,60,Riverbank,13.9798235,76.1153001,Entry 4,2400.0,0.0,2400.0
Karnataka_Chitradurga_Holalkere_Ramagiri_Ramagiri,fmvb8c8z,Yes,Audit Approved,Karnataka,Chitradurga,Holalkere,Ramagiri,Ramagiri,2025-10-16,600,100,60,Between 8 to 40 years,60,Forest,13.9620436,76.1199646,Entry 4,1800.0,0.0,1800.0
Karnataka_Chitradurga_Holalkere_Ramagiri_T.Vaderahalli,fmhvlotr,No,Approved,Karnataka,Chitradurga,Holalkere,Ramagiri,T.Vaderahalli,2025-10-16,300,40,60,Between 8 to 40 years,60, Field Bund,13.9571114,76.1071895,Entry 4,900.0,0.0,900.0
Karnataka_Chitradurga_Holalkere_Shivaganga_Garaga,fm8drumh,No,Approved,Karnataka,Chitradurga,Holalkere,Shivaganga,Garaga,2025-10-17,1000,100,50,Between 8 to 40 years,60,Forest,14.0883717,76.2138565,Entry 4,3000.0,0.0,3000.0
Karnataka_Chitradurga_Holalkere_Shivaganga_Gilkenahalli,fm5knx68,No,Approved,Karnataka,Chitradurga,Holalkere,Shivaganga,Gilkenahalli,2025-10-17,300,40,60,Between 8 to 40 years,60, Field Bund,14.0604562,76.2222871,Entry 4,900.0,0.0,900.0
Karnataka_Chitradurga_Holalkere_Shivaganga_Kudineerakatti,fmigt140,Yes,Audit Approved,Karnataka,Chitradurga,Holalkere,Shivaganga,Kudineerakatti,2025-10-13,500,60,60,Between 8 to 40 years,60, Field Bund,14.0445643,76.2028867,Entry 4,1500.0,0.0,1500.0
Karnataka_Chitradurga_Holalkere_Shivaganga_Mahadevapura,fmgwnnz7,No,Approved,Karnataka,Chitradurga,Holalkere,Shivaganga,Mahadevapura,2025-10-13,500,50,60,Between 8 to 40 years,60, Field Bund,14.1050089,76.2498653,Entry 4,1500.0,0.0,1500.0
Karnataka_Chitradurga_Holalkere_Shivaganga_Shivaganga,fm8r5v27,Yes,Audit Approved,Karnataka,Chitradurga,Holalkere,Shivaganga,Shivaganga,2025-10-13,600,50,60,Between 8 to 40 years,60, Field Bund,14.0832579,76.2523453,Entry 4,1800.0,0.0,1800.0
Karnataka_Chitradurga_Holalkere_Shivapura_Agrahara,fmbt19ew,No,Approved,Karnataka,Chitradurga,Holalkere,Shivapura,Agrahara,2025-10-15,300,50,60,Between 8 to 40 years,60, Field Bund,14.0810832,76.1363529,Entry 4,900.0,0.0,900.0
Karnataka_Chitradurga_Holalkere_Shivapura_Gundimadu,fmflgf30,No,Approved,Karnataka,Chitradurga,Holalkere,Shivapura,Gundimadu,2025-10-15,200,40,60,Between 8 to 40 years,60, Field Bund,14.0507118,76.1307321,Entry 4,600.0,0.0,600.0
Karnataka_Chitradurga_Holalkere_Shivapura_Hulemalali,fmgijp2b,No,Approved,Karnataka,Chitradurga,Holalkere,Shivapura,Hulemalali,2025-10-15,300,40,60,Between 8 to 40 years,60, Field Bund,14.0815818,76.1079427,Entry 4,900.0,0.0,900.0
Karnataka_Chitradurga_Holalkere_Shivapura_Kunugali,fm0qxo21,Yes,Audit Approved,Karnataka,Chitradurga,Holalkere,Shivapura,Kunugali,2025-10-15,600,50,60,Between 8 to 40 years,60, Field Bund,14.0667119,76.1123744,Entry 4,1800.0,0.0,1800.0
Karnataka_Chitradurga_Holalkere_Shivapura_Punajur,fmtufbuj,No,Approved,Karnataka,Chitradurga,Holalkere,Shivapura,Punajur,2025-10-15,200,30,60,Between 8 to 40 years,60,Avenue,14.0532713,76.1418602,Entry 4,600.0,0.0,600.0
Karnataka_Chitradurga_Holalkere_Shivapura_Shivapura,fm69che7,Yes,Audit Approved,Karnataka,Chitradurga,Holalkere,Shivapura,Shivapura,2025-10-15,800,50,60,Between 8 to 40 years,60,Riverbank,14.0756137,76.1067217,Entry 4,2400.0,0.0,2400.0
Karnataka_Chitradurga_Holalkere_T.Nulenur_Banjagondanahalli,fm4fl3,Yes,Audit Approved,Karnataka,Chitradurga,Holalkere,T.Nulenur,Banjagondanahalli,2025-10-17,500,50,60,Between 8 to 40 years,50, Field Bund,14.1056197,76.2849777,Entry 4,1500.0,0.0,1500.0
Karnataka_Chitradurga_Holalkere_T.Nulenur_T._Nulenur,fmjcqmiy,No,Approved,Karnataka,Chitradurga,Holalkere,T.Nulenur,T. Nulenur,2025-10-13,350,40,60,Between 8 to 40 years,60, Field Bund,14.1146613,76.2894938,Entry 4,1050.0,0.0,1050.0
Karnataka_Chitradurga_Holalkere_Talya_Papenahalli,fmoexen3,No,Approved,Karnataka,Chitradurga,Holalkere,Talya,Papenahalli,2025-10-30,200,40,60,Between 8 to 40 years,60,Riverbank,13.9543536,76.2649245,Entry 4,600.0,0.0,600.0
Karnataka_Chitradurga_Holalkere_Tuppadahalli_Kanivehalli,fml4qnm1,No,Approved,Karnataka,Chitradurga,Holalkere,Tuppadahalli,Kanivehalli,2025-10-17,300,50,50,Between 8 to 40 years,60, Field Bund,14.0463217,76.2174978,Entry 4,900.0,0.0,900.0
Karnataka_Chitradurga_Holalkere_Unknown_Gollarahalli,fmjte7cd,No,Approved,Karnataka,Chitradurga,Holalkere,Unknown,Gollarahalli,2025-10-17,500,50,60,Between 8 to 40 years,60,Riverbank,13.9207976,76.1917664,Entry 4,1500.0,0.0,1500.0
Karnataka_Chitradurga_Holalkere_Viswanathanahalli_Bommanakatte,fmvkmvoy,No,Approved,Karnataka,Chitradurga,Holalkere,Viswanathanahalli,Bommanakatte,2025-10-17,200,30,60,Between 8 to 40 years,60, Field Bund,14.0117433,76.1959437,Entry 4,600.0,0.0,600.0
Karnataka_Chitradurga_Holalkere_Viswanathanahalli_Lokadolalu,fmxyxxvk,No,Approved,Karnataka,Chitradurga,Holalkere,Viswanathanahalli,Lokadolalu,2025-10-17,300,25,60,Between 8 to 40 years,60, Field Bund,13.9919315,76.2001409,Entry 4,900.0,0.0,900.0
Karnataka_Chitradurga_Holalkere_Viswanathanahalli_Thirumalapura,fm0arkzq,No,Approved,Karnataka,Chitradurga,Holalkere,Viswanathanahalli,Thirumalapura,2025-10-17,200,20,60,Between 8 to 40 years,60, Field Bund,13.9787272,76.2012644,Entry 4,600.0,0.0,600.0
Karnataka_Chitradurga_Hosdurga_Attimagge_Athimage,fm9d17md,No,Approved,Karnataka,Chitradurga,Hosdurga,Attimagge,Athimage,2025-10-22,300,20,60,Between 8 to 40 years,60,Forest,13.8502626,76.3497471,Entry 4,900.0,0.0,900.0
Karnataka_Chitradurga_Hosdurga_Attimagge_Hullukatti,fm00472t,No,Approved,Karnataka,Chitradurga,Hosdurga,Attimagge,Hullukatti,2025-10-30,100,20,60,Between 8 to 40 years,60,Riverbank,13.8626958,76.3554541,Entry 4,300.0,0.0,300.0
Karnataka_Chitradurga_Hosdurga_Baguru_Bagur,fmaqp3wf,Yes,Audit Approved,Karnataka,Chitradurga,Hosdurga,Baguru,Bagur,2025-10-22,500,60,60,Between 8 to 40 years,60, Field Bund,13.8240663,76.1969074,Entry 4,1500.0,0.0,1500.0
Karnataka_Chitradurga_Hosdurga_Baguru_Iyalapura,fmasghka,No,Approved,Karnataka,Chitradurga,Hosdurga,Baguru,Iyalapura,2025-10-22,200,20,60,Between 8 to 40 years,60, Field Bund,13.8239381,76.1969224,Entry 4,600.0,0.0,600.0
Karnataka_Chitradurga_Hosdurga_Bokikere_Adavi_Sangenahalli,fm37znic,No,Approved,Karnataka,Chitradurga,Hosdurga,Bokikere,Adavi Sangenahalli,2025-10-25,400,50,60,Between 8 to 40 years,60, Field Bund,13.7562402,76.2538572,Entry 4,1200.0,0.0,1200.0
Karnataka_Chitradurga_Hosdurga_Bokikere_Aralihalli,fmhopiz4,No,Approved,Karnataka,Chitradurga,Hosdurga,Bokikere,Aralihalli,2025-10-28,60,15,60,Between 8 to 40 years,60, Field Bund,13.7854481,76.2318568,Entry 4,180.0,0.0,180.0
Karnataka_Chitradurga_Hosdurga_Bokikere_Bokikere,fmy6qyjl,Yes,Audit Approved,Karnataka,Chitradurga,Hosdurga,Bokikere,Bokikere,2025-10-24,600,80,60,Between 8 to 40 years,60,Riverbank,13.7853411,76.2552017,Entry 4,1800.0,0.0,1800.0
Karnataka_Chitradurga_Hosdurga_Bokikere_Honnekere,fm8j4kjh,No,Approved,Karnataka,Chitradurga,Hosdurga,Bokikere,Honnekere,2025-10-28,400,50,60,Between 8 to 40 years,60, Field Bund,13.8075747,76.2321621,Entry 4,1200.0,0.0,1200.0
Karnataka_Chitradurga_Hosdurga_Bokikere_M.G.Dibba,fmseo40m,No,Approved,Karnataka,Chitradurga,Hosdurga,Bokikere,M.G.Dibba,2025-10-24,150,30,60,Between 8 to 40 years,60, Field Bund,13.764956,76.2579593,Entry 4,450.0,0.0,450.0
Karnataka_Chitradurga_Hosdurga_Bokikere_Machenahalli,fmxkw4u1,No,Approved,Karnataka,Chitradurga,Hosdurga,Bokikere,Machenahalli,2025-10-24,200,25,60,Between 8 to 40 years,60, Field Bund,13.7649307,76.2588574,Entry 4,600.0,0.0,600.0
Karnataka_Chitradurga_Hosdurga_Bokikere_Rangapura,fm6frzrn,No,Approved,Karnataka,Chitradurga,Hosdurga,Bokikere,Rangapura,2025-10-28,300,50,60,Between 8 to 40 years,60, Field Bund,13.8057687,76.2457795,Entry 4,900.0,0.0,900.0
Karnataka_Chitradurga_Hosdurga_Devapura_Akkithimmayanahatti,fmhurnj6,No,Approved,Karnataka,Chitradurga,Hosdurga,Devapura,Akkithimmayanahatti,2025-10-29,500,60,60,Below 8 years,50,Forest,13.8732612,76.2942988,Entry 4,1500.0,0.0,1500.0
Karnataka_Chitradurga_Hosdurga_Devapura_Devapura,fm3q6zql,No,Approved,Karnataka,Chitradurga,Hosdurga,Devapura,Devapura,2025-10-29,500,100,60,Between 8 to 40 years,60,Riverbank,13.8678881,76.3114932,Entry 4,1500.0,0.0,1500.0
Karnataka_Chitradurga_Hosdurga_Devapura_Devapura_Colony,fmew7a4i,No,Approved,Karnataka,Chitradurga,Hosdurga,Devapura,Devapura Colony,2025-10-29,600,100,50,Between 8 to 40 years,60,Forest,13.8856602,76.3013662,Entry 4,1800.0,0.0,1800.0
Karnataka_Chitradurga_Hosdurga_Devapura_Honnenahalli,fmkkl8lk,Yes,Audit Approved,Karnataka,Chitradurga,Hosdurga,Devapura,Honnenahalli,2025-10-29,1500,300,50,Between 8 to 40 years,60,Forest,13.8270679,76.2962347,Entry 4,4500.0,0.0,4500.0
Karnataka_Chitradurga_Hosdurga_Devapura_Narasipura,fmn8wk93,No,Approved,Karnataka,Chitradurga,Hosdurga,Devapura,Narasipura,2025-10-29,600,80,50,Between 8 to 40 years,60,Riverbank,13.8780129,76.29377,Entry 4,1800.0,0.0,1800.0
Karnataka_Chitradurga_Hosdurga_Devigere_Devigere,fm9i7eo3,Yes,Audit Approved,Karnataka,Chitradurga,Hosdurga,Devigere,Devigere,2025-10-22,500,30,60,Between 8 to 40 years,60, Field Bund,13.8717587,76.2262119,Entry 4,1500.0,0.0,1500.0
Karnataka_Chitradurga_Hosdurga_Devigere_Guthikatte,fm2e1xq4,No,Approved,Karnataka,Chitradurga,Hosdurga,Devigere,Guthikatte,2025-10-22,400,30,60,Between 8 to 40 years,60, Field Bund,13.8514904,76.2273533,Entry 4,1200.0,0.0,1200.0
Karnataka_Chitradurga_Hosdurga_Doddagatta_Banasihalli,fmh5e7r1,No,Approved,Karnataka,Chitradurga,Hosdurga,Doddagatta,Banasihalli,2025-10-29,100,20,60,Between 8 to 40 years,60, Field Bund,13.9103928,76.2923619,Entry 4,300.0,0.0,300.0
Karnataka_Chitradurga_Hosdurga_Doddagatta_Doddagatta,fm6z6kbc,No,Approved,Karnataka,Chitradurga,Hosdurga,Doddagatta,Doddagatta,2025-10-30,300,50,60,Between 8 to 40 years,60, Field Bund,13.9211919,76.2680601,Entry 4,900.0,0.0,900.0
Karnataka_Chitradurga_Hosdurga_Doddagatta_Goolihatti,fma2kwf8,No,Approved,Karnataka,Chitradurga,Hosdurga,Doddagatta,Goolihatti,2025-10-30,300,50,60,Between 8 to 40 years,60,Riverbank,13.9449521,76.2719369,Entry 4,900.0,0.0,900.0
Karnataka_Chitradurga_Hosdurga_Doddagatta_Mallapura,fm1kgzg1,No,Approved,Karnataka,Chitradurga,Hosdurga,Doddagatta,Mallapura,2025-10-30,1500,100,60,Between 8 to 40 years,60,Forest,13.9177065,76.2745192,Entry 4,4500.0,0.0,4500.0
Karnataka_Chitradurga_Hosdurga_Doddathekalavatti_Bukkasagara,fm46h9mi,Yes,Audit Approved,Karnataka,Chitradurga,Hosdurga,Doddathekalavatti,Bukkasagara,2025-10-31,800,200,60,Between 8 to 40 years,60,Avenue,13.7078324,76.4174916,Entry 4,2400.0,0.0,2400.0
Karnataka_Chitradurga_Hosdurga_Doddathekalavatti_Chikkathekalavatti,fmrmj0ht,Yes,Audit Approved,Karnataka,Chitradurga,Hosdurga,Doddathekalavatti,Chikkathekalavatti,2025-10-31,800,150,60,Between 8 to 40 years,60,Avenue,13.7395361,76.3994088,Entry 4,2400.0,0.0,2400.0
Karnataka_Chitradurga_Hosdurga_Doddathekalavatti_Doddathekalavatti,fmopm3vu,No,Approved,Karnataka,Chitradurga,Hosdurga,Doddathekalavatti,Doddathekalavatti,2025-10-24,500,100,60,Between 8 to 40 years,60, Field Bund,13.7018156,76.3601114,Entry 4,1500.0,0.0,1500.0
Karnataka_Chitradurga_Hosdurga_Guddadanerlakere_Nagathihalli,fm7bozwd,No,Approved,Karnataka,Chitradurga,Hosdurga,Guddadanerlakere,Nagathihalli,2025-10-29,600,80,50,Between 8 to 40 years,60,Riverbank,13.8618027,76.3161252,Entry 4,1800.0,0.0,1800.0
Karnataka_Chitradurga_Hosdurga_Heggere_Vengalapura,fm4ckxdj,No,Approved,Karnataka,Chitradurga,Hosdurga,Heggere,Vengalapura,2025-11-01,600,100,60,Between 8 to 40 years,60,Riverbank,13.6923375,76.4189098,Entry 4,1800.0,0.0,1800.0
Karnataka_Chitradurga_Hosdurga_Hunuvinadu_Hosahalli,fme2r7bh,Yes,Audit Approved,Karnataka,Chitradurga,Hosdurga,Hunuvinadu,Hosahalli,2025-10-28,500,100,60,Between 8 to 40 years,60,Forest,13.8232394,76.2961445,Entry 4,1500.0,0.0,1500.0
Karnataka_Chitradurga_Hosdurga_Jankal_Benakanahalli,fmy3qw03,No,Approved,Karnataka,Chitradurga,Hosdurga,Jankal,Benakanahalli,2025-10-29,350,50,50,Between 8 to 40 years,60, Field Bund,13.889225,76.3187376,Entry 4,1050.0,0.0,1050.0
Karnataka_Chitradurga_Hosdurga_Jankal_Papenahalli,fmh8qg5d,No,Approved,Karnataka,Chitradurga,Hosdurga,Jankal,Papenahalli,2025-10-30,500,50,60,Between 8 to 40 years,60,Riverbank,13.9082989,76.3146715,Entry 4,1500.0,0.0,1500.0
Karnataka_Chitradurga_Hosdurga_Kabbala_Thonechenahalli,fmtm3zik,No,Approved,Karnataka,Chitradurga,Hosdurga,Kabbala,Thonechenahalli,2025-11-01,250,40,60,Between 8 to 40 years,60,Avenue,13.6681722,76.3600623,Entry 4,750.0,0.0,750.0
Karnataka_Chitradurga_Hosdurga_Kabbala_Tumbinakere,fm6ez5hn,No,Approved,Karnataka,Chitradurga,Hosdurga,Kabbala,Tumbinakere,2025-11-01,500,80,60,Between 8 to 40 years,60,Riverbank,13.6852057,76.3615232,Entry 4,1500.0,0.0,1500.0
Karnataka_Chitradurga_Hosdurga_Kainadu_Aralahalli,fm7ab4y0,Yes,Audit Approved,Karnataka,Chitradurga,Hosdurga,Kainadu,Aralahalli,2025-10-24,600,80,60,Between 8 to 40 years,60, Field Bund,13.7282216,76.3611322,Entry 4,1800.0,0.0,1800.0
Karnataka_Chitradurga_Hosdurga_Kainadu_Kainadu,fmprere2,No,Approved,Karnataka,Chitradurga,Hosdurga,Kainadu,Kainadu,2025-11-01,400,50,60,Between 8 to 40 years,60,Riverbank,13.6884916,76.4177934,Entry 4,1200.0,0.0,1200.0
Karnataka_Chitradurga_Hosdurga_Kainadu_Malappanahalli,fm6y2rcr,Yes,Audit Approved,Karnataka,Chitradurga,Hosdurga,Kainadu,Malappanahalli,2025-10-24,800,150,60,Between 8 to 40 years,60, Field Bund,13.7017026,76.3596796,Entry 4,2400.0,0.0,2400.0
Karnataka_Chitradurga_Hosdurga_Kainadu_Mengasandra,fmi2uf01,Yes,Audit Approved,Karnataka,Chitradurga,Hosdurga,Kainadu,Mengasandra,2025-11-01,1600,200,60,Between 8 to 40 years,60,Avenue,13.6997781,76.4199609,Entry 4,4800.0,0.0,4800.0
Karnataka_Chitradurga_Hosdurga_Kainadu_Somasandra,fmm5hfs0,No,Approved,Karnataka,Chitradurga,Hosdurga,Kainadu,Somasandra,2025-11-01,400,50,60,Between 8 to 40 years,60,Riverbank,13.6893567,76.3694751,Entry 4,1200.0,0.0,1200.0
Karnataka_Chitradurga_Hosdurga_Kanchipura_Gollarahalli,fmxkp53i,Yes,Audit Approved,Karnataka,Chitradurga,Hosdurga,Kanchipura,Gollarahalli,2025-11-01,1600,200,60,Between 8 to 40 years,70,Avenue,13.7039574,76.4193536,Entry 4,4800.0,0.0,4800.0
Karnataka_Chitradurga_Hosdurga_Kanchipura_Kanchipura,fm1sh6hs,No,Approved,Karnataka,Chitradurga,Hosdurga,Kanchipura,Kanchipura,2025-10-22,400,30,60,Between 8 to 40 years,50,Riverbank,13.7270672,76.4834349,Entry 4,1200.0,0.0,1200.0
Karnataka_Chitradurga_Hosdurga_Kanchipura_Kittadal,fmd9k6mp,No,Approved,Karnataka,Chitradurga,Hosdurga,Kanchipura,Kittadal,2025-10-22,400,30,60,Between 8 to 40 years,60, Field Bund,13.7277271,76.4829343,Entry 4,1200.0,0.0,1200.0
Karnataka_Chitradurga_Hosdurga_Kanguvalli_Bagasettihalli,fmwp3kb8,No,Approved,Karnataka,Chitradurga,Hosdurga,Kanguvalli,Bagasettihalli,2025-10-25,100,30,60,Between 8 to 40 years,60, Field Bund,13.6948253,76.2220705,Entry 4,300.0,0.0,300.0
Karnataka_Chitradurga_Hosdurga_Kanguvalli_Kadadanakere,fmlz1h5q,No,Approved,Karnataka,Chitradurga,Hosdurga,Kanguvalli,Kadadanakere,2025-10-25,500,100,60,Between 8 to 40 years,60,Avenue,13.7380601,76.2631937,Entry 4,1500.0,0.0,1500.0
Karnataka_Chitradurga_Hosdurga_Kanguvalli_Kangavalli,fmqnu7k,No,Approved,Karnataka,Chitradurga,Hosdurga,Kanguvalli,Kangavalli,2025-10-25,800,50,50,Below 8 years,50,Block Plantation,13.7149616,76.2314904,Entry 4,2400.0,0.0,2400.0
Karnataka_Chitradurga_Hosdurga_Kanguvalli_Kondajji,fmw23fqg,No,Approved,Karnataka,Chitradurga,Hosdurga,Kanguvalli,Kondajji,2025-10-28,300,50,50,Between 8 to 40 years,60,Riverbank,13.7414961,76.2039164,Entry 4,900.0,0.0,900.0
Karnataka_Chitradurga_Hosdurga_Kanguvalli_Koratikere,fmzm29qd,No,Approved,Karnataka,Chitradurga,Hosdurga,Kanguvalli,Koratikere,2025-10-25,600,100,60,Between 8 to 40 years,60,Riverbank,13.7097892,76.2373974,Entry 4,1800.0,0.0,1800.0
Karnataka_Chitradurga_Hosdurga_Kanguvalli_Malali,fmdjpsfc,No,Approved,Karnataka,Chitradurga,Hosdurga,Kanguvalli,Malali,2025-10-28,600,200,60,Between 8 to 40 years,60,Avenue,13.7411076,76.206274,Entry 4,1800.0,0.0,1800.0
Karnataka_Chitradurga_Hosdurga_Karehalli_Ajjikamasagara,fmwndwiq,Yes,Audit Approved,Karnataka,Chitradurga,Hosdurga,Karehalli,Ajjikamasagara,2025-10-31,500,100,60,Between 8 to 40 years,60, Field Bund,13.764117,76.3896654,Entry 4,1500.0,0.0,1500.0
Karnataka_Chitradurga_Hosdurga_Karehalli_Ganjigere,fmbspa16,Yes,Audit Approved,Karnataka,Chitradurga,Hosdurga,Karehalli,Ganjigere,2025-10-31,600,80,60,Between 8 to 40 years,60, Field Bund,13.7437892,76.374614,Entry 4,1800.0,0.0,1800.0
Karnataka_Chitradurga_Hosdurga_Karehalli_Hagalakere,fmu776zc,Yes,Audit Approved,Karnataka,Chitradurga,Hosdurga,Karehalli,Hagalakere,2025-10-23,500,100,60,Between 8 to 40 years,60, Field Bund,13.7399628,76.3310573,Entry 4,1500.0,0.0,1500.0
Karnataka_Chitradurga_Hosdurga_Karehalli_Hottugondanahalli,fm3kljba,No,Approved,Karnataka,Chitradurga,Hosdurga,Karehalli,Hottugondanahalli,2025-10-31,600,100,60,Between 8 to 40 years,60,Avenue,13.7615165,76.4023489,Entry 4,1800.0,0.0,1800.0
Karnataka_Chitradurga_Hosdurga_Karehalli_Karehalli,fme6vt7g,No,Approved,Karnataka,Chitradurga,Hosdurga,Karehalli,Karehalli,2025-10-24,500,60,60,Between 8 to 40 years,60, Field Bund,13.7388733,76.3585968,Entry 4,1500.0,0.0,1500.0
Karnataka_Chitradurga_Hosdurga_Karehalli_Menasinadu,fmzmvxj7,No,Approved,Karnataka,Chitradurga,Hosdurga,Karehalli,Menasinadu,2025-10-24,200,30,60,Between 8 to 40 years,60, Field Bund,13.743704,76.3508419,Entry 4,600.0,0.0,600.0
Karnataka_Chitradurga_Hosdurga_Kellodu_Attigatta,fm4de3u3,Yes,Audit Approved,Karnataka,Chitradurga,Hosdurga,Kellodu,Attigatta,2025-10-23,1000,800,60,Between 8 to 40 years,70,Block Plantation,13.7733731,76.3243211,Entry 4,3000.0,0.0,3000.0
Karnataka_Chitradurga_Hosdurga_Kellodu_Bilichittyanahatti,fmnl68ez,No,Approved,Karnataka,Chitradurga,Hosdurga,Kellodu,Bilichittyanahatti,2025-10-23,300,40,60,Between 8 to 40 years,60, Field Bund,13.7711251,76.3195878,Entry 4,900.0,0.0,900.0
Karnataka_Chitradurga_Hosdurga_Kellodu_Goravigondanahalli,fm1ak7k5,No,Approved,Karnataka,Chitradurga,Hosdurga,Kellodu,Goravigondanahalli,2025-10-23,300,30,60,Between 8 to 40 years,60, Field Bund,13.7886096,76.3013211,Entry 4,900.0,0.0,900.0
Karnataka_Chitradurga_Hosdurga_Kellodu_Karalamavinahalli,fmxyuksf,No,Approved,Karnataka,Chitradurga,Hosdurga,Kellodu,Karalamavinahalli,2025-10-25,300,40,60,Between 8 to 40 years,60,Riverbank,13.7398732,76.2612352,Entry 4,900.0,0.0,900.0
Karnataka_Chitradurga_Hosdurga_Kellodu_Kellodu,fmacw49a,No,Approved,Karnataka,Chitradurga,Hosdurga,Kellodu,Kellodu,2025-10-23,400,50,60,Between 8 to 40 years,60, Field Bund,13.7587718,76.3133803,Entry 4,1200.0,0.0,1200.0
Karnataka_Chitradurga_Hosdurga_Kellodu_Muttagundi,fmflx3j0,Yes,Audit Approved,Karnataka,Chitradurga,Hosdurga,Kellodu,Muttagundi,2025-10-23,500,80,60,Between 8 to 40 years,60, Field Bund,13.7509178,76.3207616,Entry 4,1500.0,0.0,1500.0
Karnataka_Chitradurga_Hosdurga_Kurubarahalli_K._Kuruburahalli,fmxddtm3,No,Approved,Karnataka,Chitradurga,Hosdurga,Kurubarahalli,K. Kuruburahalli,2025-10-25,150,30,60,Between 8 to 40 years,60, Field Bund,13.74075,76.2056694,Entry 4,450.0,0.0,450.0
Karnataka_Chitradurga_Hosdurga_Lakkihalli_Lakkihalli,fm80vws8,No,Approved,Karnataka,Chitradurga,Hosdurga,Lakkihalli,Lakkihalli,2025-10-22,80,20,60,Between 8 to 40 years,60, Field Bund,13.9162782,76.4554216,Entry 4,240.0,0.0,240.0
Karnataka_Chitradurga_Hosdurga_Madadakere_Madadakere,fmef4x4q,No,Approved,Karnataka,Chitradurga,Hosdurga,Madadakere,Madadakere,2025-10-22,300,20,80,Between 8 to 40 years,60,Forest,13.8908345,76.3912654,Entry 4,900.0,0.0,900.0
Karnataka_Chitradurga_Hosdurga_Madadakere_Rangavvanahalli,fma57i9u,No,Approved,Karnataka,Chitradurga,Hosdurga,Madadakere,Rangavvanahalli,2025-10-30,400,80,60,Between 8 to 40 years,60, Field Bund,13.8687105,76.3571388,Entry 4,1200.0,0.0,1200.0
Karnataka_Chitradurga_Hosdurga_Madhure_Chinnapura,fmtezway,No,Approved,Karnataka,Chitradurga,Hosdurga,Madhure,Chinnapura,2025-10-22,350,20,60,Between 8 to 40 years,60, Field Bund,13.818111,76.2476931,Entry 4,1050.0,0.0,1050.0
Karnataka_Chitradurga_Hosdurga_Madhure_Lakkenahalli,fmvxow7t,No,Approved,Karnataka,Chitradurga,Hosdurga,Madhure,Lakkenahalli,2025-10-23,400,25,60,Between 8 to 40 years,60, Field Bund,13.8364233,76.2275069,Entry 4,1200.0,0.0,1200.0
Karnataka_Chitradurga_Hosdurga_Madhure_Madhure,fm5cl6mo,Yes,Audit Approved,Karnataka,Chitradurga,Hosdurga,Madhure,Madhure,2025-10-22,500,30,60,Between 8 to 40 years,60, Field Bund,13.826323,76.2401474,Entry 4,1500.0,0.0,1500.0
Karnataka_Chitradurga_Hosdurga_Madhure_Mantenahalli,fmjez76f,Yes,Audit Approved,Karnataka,Chitradurga,Hosdurga,Madhure,Mantenahalli,2025-10-22,500,30,60,Between 8 to 40 years,60, Field Bund,13.8239174,76.1969084,Entry 4,1500.0,0.0,1500.0
Karnataka_Chitradurga_Hosdurga_Madhure_Nagenahalli,fmbmtjy0,Yes,Audit Approved,Karnataka,Chitradurga,Hosdurga,Madhure,Nagenahalli,2025-10-23,500,30,60,Between 8 to 40 years,60, Field Bund,13.8087847,76.2573482,Entry 4,1500.0,0.0,1500.0
Karnataka_Chitradurga_Hosdurga_Madhure_Shivanekatte,fmkqpso0,No,Approved,Karnataka,Chitradurga,Hosdurga,Madhure,Shivanekatte,2025-10-23,500,30,60,Between 8 to 40 years,60, Field Bund,13.7269689,76.4830201,Entry 4,1500.0,0.0,1500.0
Karnataka_Chitradurga_Hosdurga_Mathodu_Mathodu,fm02o9bs,No,Approved,Karnataka,Chitradurga,Hosdurga,Mathodu,Mathodu,2025-10-31,800,200,60,Between 8 to 40 years,70,Block Plantation,,,,2400.0,0.0,2400.0
Karnataka_Chitradurga_Hosdurga_S_Nerlakere_Nagaragere,fm9kx2jl,No,Approved,Karnataka,Chitradurga,Hosdurga,S Nerlakere,Nagaragere,2025-10-31,100,25,60,Between 8 to 40 years,60,Riverbank,13.6489401,76.3858242,Entry 4,300.0,0.0,300.0
Karnataka_Chitradurga_Hosdurga_S_Nerlakere_Naigere,fmntekwr,No,Approved,Karnataka,Chitradurga,Hosdurga,S Nerlakere,Naigere,2025-11-01,250,30,60,Between 8 to 40 years,50,Riverbank,13.6650783,76.3859346,Entry 4,750.0,0.0,750.0
Karnataka_Chitradurga_Hosdurga_S_Nerlakere_Neralakere,fmtfrypr,No,Approved,Karnataka,Chitradurga,Hosdurga,S Nerlakere,Neralakere,2025-11-01,500,50,60,Between 8 to 40 years,60, Field Bund,13.6560861,76.3926078,Entry 4,1500.0,0.0,1500.0
Karnataka_Chitradurga_Hosdurga_Sanihalli_Peelapura,fmqk13rg,No,Approved,Karnataka,Chitradurga,Hosdurga,Sanihalli,Peelapura,2025-10-28,500,100,60,Between 8 to 40 years,60,Avenue,13.7424505,76.2076052,Entry 4,1500.0,0.0,1500.0
Karnataka_Chitradurga_Hosdurga_Thandaga_Kodihalli,fmy4h69v,No,Approved,Karnataka,Chitradurga,Hosdurga,Thandaga,Kodihalli,2025-10-30,200,40,60,Between 8 to 40 years,60,Riverbank,13.8572939,76.3536298,Entry 4,600.0,0.0,600.0
Karnataka_Chitradurga_Hosdurga_Unknown_Ahamednagara,fmumzoxl,No,Approved,Karnataka,Chitradurga,Hosdurga,Unknown,Ahamednagara,2025-10-23,300,18,60,Between 8 to 40 years,60, Field Bund,13.8400711,76.2119869,Entry 4,900.0,0.0,900.0
Karnataka_Chitradurga_Hosdurga_Unknown_Anchikatte_bare,fmufcqia,No,Approved,Karnataka,Chitradurga,Hosdurga,Unknown,Anchikatte bare,2025-10-22,50,10,60,Between 8 to 40 years,60, Field Bund,13.8990497,76.4398681,Entry 4,150.0,0.0,150.0
Karnataka_Chitradurga_Hosdurga_Unknown_Bevinahalli,fmc5ay5p,No,Approved,Karnataka,Chitradurga,Hosdurga,Unknown,Bevinahalli,2025-10-25,100,30,60,Between 8 to 40 years,60,Forest,13.7321989,76.2598911,Entry 4,300.0,0.0,300.0
Karnataka_Chitradurga_Hosdurga_Unknown_Bochenahalli,fm8nrvms,No,Approved,Karnataka,Chitradurga,Hosdurga,Unknown,Bochenahalli,2025-10-30,150,30,60,Between 8 to 40 years,60, Field Bund,13.8587135,76.3546435,Entry 4,450.0,0.0,450.0
Karnataka_Chitradurga_Hosdurga_Unknown_Chikkathimmanapalya,fm9jdxom,No,Approved,Karnataka,Chitradurga,Hosdurga,Unknown,Chikkathimmanapalya,2025-11-01,300,50,60,Between 8 to 40 years,60,Riverbank,13.6956858,76.3674799,Entry 4,900.0,0.0,900.0
Karnataka_Chitradurga_Hosdurga_Unknown_Goolihatti_Bhovihatti,fmbb7d92,No,Approved,Karnataka,Chitradurga,Hosdurga,Unknown,Goolihatti Bhovihatti,2025-10-30,100,20,60,Between 8 to 40 years,60,Riverbank,13.9566079,76.270042,Entry 4,300.0,0.0,300.0
Karnataka_Chitradurga_Hosdurga_Unknown_Guthikatte_Lambanihatti,fmpipbuy,No,Approved,Karnataka,Chitradurga,Hosdurga,Unknown,Guthikatte Lambanihatti,2025-10-22,150,20,60,Between 8 to 40 years,60, Field Bund,13.8280376,76.2386824,Entry 4,450.0,0.0,450.0
Karnataka_Chitradurga_Hosdurga_Unknown_H._Roppa,fmw4a7yy,No,Approved,Karnataka,Chitradurga,Hosdurga,Unknown,H. Roppa,2025-10-30,200,40,60,Between 8 to 40 years,60,Riverbank,13.9151401,76.2892707,Entry 4,600.0,0.0,600.0
Karnataka_Chitradurga_Hosdurga_Unknown_Honnekere_Gollarahatti,fm5c55o5,No,Approved,Karnataka,Chitradurga,Hosdurga,Unknown,Honnekere Gollarahatti,2025-10-28,100,20,60,Between 8 to 40 years,60, Field Bund,13.8082235,76.2335167,Entry 4,300.0,0.0,300.0
Karnataka_Chitradurga_Hosdurga_Unknown_Hosadurga,fmry3myo,Yes,Audit Approved,Karnataka,Chitradurga,Hosdurga,Unknown,Hosadurga,2025-11-01,2500,2000,60,Between 8 to 40 years,60,Block Plantation,13.9094233,76.4727488,Entry 4,7500.0,0.0,7500.0
Karnataka_Chitradurga_Hosdurga_Unknown_K._K._Hatti,fmzpovh4,No,Approved,Karnataka,Chitradurga,Hosdurga,Unknown,K. K. Hatti,2025-10-24,400,50,60,Between 8 to 40 years,60,Riverbank,13.7767003,76.2553017,Entry 4,1200.0,0.0,1200.0
Karnataka_Chitradurga_Hosdurga_Unknown_Kadadinakere_Bhovihatti,fm1ryqpg,No,Approved,Karnataka,Chitradurga,Hosdurga,Unknown,Kadadinakere Bhovihatti,2025-10-25,300,50,60,Between 8 to 40 years,60, Field Bund,13.7515755,76.257556,Entry 4,900.0,0.0,900.0
Karnataka_Chitradurga_Hosdurga_Unknown_Kantapura,fmbs72xh,No,Approved,Karnataka,Chitradurga,Hosdurga,Unknown,Kantapura,2025-10-29,200,30,60,Between 8 to 40 years,60, Field Bund,13.8941904,76.313613,Entry 4,600.0,0.0,600.0
Karnataka_Chitradurga_Hosdurga_Unknown_Kerekodi_Hatti,fm3rdnyc,No,Approved,Karnataka,Chitradurga,Hosdurga,Unknown,Kerekodi Hatti,2025-10-22,50,10,60,Between 8 to 40 years,60, Field Bund,13.8942402,76.4290255,Entry 4,150.0,0.0,150.0
Karnataka_Chitradurga_Hosdurga_Unknown_Kondajji_Lambanihatti,fmxmaqug,No,Approved,Karnataka,Chitradurga,Hosdurga,Unknown,Kondajji Lambanihatti,2025-10-25,300,60,60,Between 8 to 40 years,60,Riverbank,13.7410667,76.2049947,Entry 4,900.0,0.0,900.0
Karnataka_Chitradurga_Hosdurga_Unknown_M._Bovihatti,fm8ipy7j,No,Approved,Karnataka,Chitradurga,Hosdurga,Unknown,M. Bovihatti,2025-10-24,400,60,60,Between 8 to 40 years,60, Field Bund,13.731434,76.3601281,Entry 4,1200.0,0.0,1200.0
Karnataka_Chitradurga_Hosdurga_Unknown_Mahalkshmipura,fmkt1pde,No,Approved,Karnataka,Chitradurga,Hosdurga,Unknown,Mahalkshmipura,2025-10-31,100,30,60,Between 8 to 40 years,50,Riverbank,13.8234639,76.3161144,Entry 4,300.0,0.0,300.0
Karnataka_Chitradurga_Hosdurga_Unknown_Nagaiahnakatte,fmn2467a,No,Approved,Karnataka,Chitradurga,Hosdurga,Unknown,Nagaiahnakatte,2025-10-22,60,15,60,Between 8 to 40 years,60, Field Bund,13.8945524,76.4289945,Entry 4,180.0,0.0,180.0
Karnataka_Chitradurga_Hosdurga_Unknown_R._D._Thanda,fm4ejgf6,No,Approved,Karnataka,Chitradurga,Hosdurga,Unknown,R. D. Thanda,2025-10-31,400,80,60,Between 8 to 40 years,60, Field Bund,13.7198203,76.4079172,Entry 4,1200.0,0.0,1200.0
Karnataka_Chitradurga_Hosdurga_Unknown_R._Lambanihatti,fmdcpr7x,No,Approved,Karnataka,Chitradurga,Hosdurga,Unknown,R. Lambanihatti,2025-10-30,100,20,60,Between 8 to 40 years,60,Riverbank,13.8648673,76.3554141,Entry 4,300.0,0.0,300.0
Karnataka_Chitradurga_Hosdurga_Unknown_S._Roppa,fm5xi3hb,No,Approved,Karnataka,Chitradurga,Hosdurga,Unknown,S. Roppa,2025-10-29,60,10,60,Between 8 to 40 years,60,Riverbank,13.9116443,76.287556,Entry 4,180.0,0.0,180.0
Karnataka_Chitradurga_Hosdurga_Unknown_Valmkinagara_Devigere_Gp,fm6c6n76,No,Approved,Karnataka,Chitradurga,Hosdurga,Unknown,Valmkinagara Devigere Gp,2025-10-22,100,15,60,Between 8 to 40 years,60, Field Bund,13.8596923,76.2270565,Entry 4,300.0,0.0,300.0
Karnataka_Kolar_Kolar_Arahalli_Arahalli,fm6h3qcy,No,Approved,Karnataka,Kolar,Kolar,Arahalli,Arahalli,2025-10-24,350,50,90,Between 8 to 40 years,50, Field Bund,13.1629373,78.1216856,Entry 4,1050.0,0.0,1050.0
Karnataka_Kolar_Kolar_Arahalli_Barandahalli,fm6gggmv,No,Approved,Karnataka,Kolar,Kolar,Arahalli,Barandahalli,2025-10-22,300,50,90,Between 8 to 40 years,50, Field Bund,13.1640813,78.1404007,Entry 4,900.0,0.0,900.0
Karnataka_Kolar_Kolar_Arahalli_Hodalavadi,fmxxtykt,No,Approved,Karnataka,Kolar,Kolar,Arahalli,Hodalavadi,2025-10-22,200,50,90,Between 8 to 40 years,50, Field Bund,13.1572201,78.1441362,Entry 4,600.0,0.0,600.0
Karnataka_Kolar_Kolar_Arahalli_Hogari,fmh8kexa,No,Approved,Karnataka,Kolar,Kolar,Arahalli,Hogari,2025-10-25,100,30,90,Between 8 to 40 years,50, Field Bund,13.1606365,78.102577,Entry 4,300.0,0.0,300.0
Karnataka_Kolar_Kolar_Arahalli_Seepura,fm1ianuj,No,Approved,Karnataka,Kolar,Kolar,Arahalli,Seepura,2025-10-25,450,100,90,Between 8 to 40 years,50, Field Bund,13.1648608,78.0964905,Entry 4,1350.0,0.0,1350.0
Karnataka_Kolar_Kolar_Belamaranahalli_Belamarnahalli,fmv7cnqr,No,Approved,Karnataka,Kolar,Kolar,Belamaranahalli,Belamarnahalli,2025-11-18,250,50,90,Between 8 to 40 years,50, Field Bund,13.174843,77.9731822,Entry 4,750.0,0.0,750.0
Karnataka_Kolar_Kolar_Belamaranahalli_Bhuvanahalli,fm50ymw8,No,Approved,Karnataka,Kolar,Kolar,Belamaranahalli,Bhuvanahalli,2025-11-18,550,150,90,Below 8 years,50, Field Bund,13.1845176,77.9676106,Entry 4,1650.0,0.0,1650.0
Karnataka_Kolar_Kolar_Channasandra_Byrandahalli,fmywi15y,No,Approved,Karnataka,Kolar,Kolar,Channasandra,Byrandahalli,2025-10-21,150,50,90,Between 8 to 40 years,50, Field Bund,13.2339684,77.9863914,Entry 4,450.0,0.0,450.0
Karnataka_Kolar_Kolar_Channasandra_Kadagattur,fmo03tdh,No,Approved,Karnataka,Kolar,Kolar,Channasandra,Kadagattur,2025-10-21,58,20,90,Between 8 to 40 years,60, Field Bund,13.2365347,77.9789587,Entry 4,174.0,0.0,174.0
Karnataka_Kolar_Kolar_Channasandra_Kamandahalli,fmt74bik,No,Approved,Karnataka,Kolar,Kolar,Channasandra,Kamandahalli,2025-10-21,100,30,80,Between 8 to 40 years,50, Field Bund,13.2228018,77.9873627,Entry 4,300.0,0.0,300.0
Karnataka_Kolar_Kolar_Channasandra_Raghupathi_Hosahalli,fm9ebrh2,Yes,Audit Approved,Karnataka,Kolar,Kolar,Channasandra,Raghupathi Hosahalli,2025-10-21,1100,400,90,Between 8 to 40 years,70,Avenue,13.2232108,77.9711409,Entry 4,3300.0,0.0,3300.0
Karnataka_Kolar_Kolar_Chowdadenahalli_Doddavallabi,fmictxwm,No,Approved,Karnataka,Kolar,Kolar,Chowdadenahalli,Doddavallabi,2025-11-18,400,100,90,Between 8 to 40 years,50, Field Bund,13.1778908,77.9838838,Entry 4,1200.0,0.0,1200.0
Karnataka_Kolar_Kolar_Chowdadenahalli_Kalkere,fm4527w7,No,Approved,Karnataka,Kolar,Kolar,Chowdadenahalli,Kalkere,2025-11-18,2400,800,90,Between 8 to 40 years,60,Block Plantation,13.1918884,77.9848403,Entry 4,7200.0,0.0,7200.0
Karnataka_Kolar_Kolar_Holur_Holur,fmemft55,No,Approved,Karnataka,Kolar,Kolar,Holur,Holur,2025-10-23,450,100,90,Between 8 to 40 years,60, Field Bund,13.2393703,78.2035369,Entry 4,1350.0,0.0,1350.0
Karnataka_Kolar_Kolar_Honnenahalli_Basavanatha,fmmevzpc,No,Approved,Karnataka,Kolar,Kolar,Honnenahalli,Basavanatha,2025-10-23,350,50,90,Between 8 to 40 years,50, Field Bund,13.2536753,78.178601,Entry 4,1050.0,0.0,1050.0
Karnataka_Kolar_Kolar_Itharasanahalli_Aralimaradahosahalli,fmcplhq7,No,Approved,Karnataka,Kolar,Kolar,Itharasanahalli,Aralimaradahosahalli,2025-10-23,350,50,90,Between 8 to 40 years,50, Field Bund,13.212239,78.1839266,Entry 4,1050.0,0.0,1050.0
Karnataka_Kolar_Kolar_Itharasanahalli_Chikka_Kurubarahalli,fmumh9g6,No,Approved,Karnataka,Kolar,Kolar,Itharasanahalli,Chikka Kurubarahalli,2025-10-23,350,50,90,Between 8 to 40 years,50, Field Bund,13.2485262,78.1970978,Entry 4,1050.0,0.0,1050.0
Karnataka_Kolar_Kolar_Itharasanahalli_Dodda_Kurubarahalli,fmvq37p2,No,Approved,Karnataka,Kolar,Kolar,Itharasanahalli,Dodda Kurubarahalli,2025-10-23,150,50,90,Between 8 to 40 years,50, Field Bund,13.2253573,78.1953832,Entry 4,450.0,0.0,450.0
Karnataka_Kolar_Kolar_Itharasanahalli_Somasandra,fmj115z4,No,Approved,Karnataka,Kolar,Kolar,Itharasanahalli,Somasandra,2025-10-23,300,50,90,Between 8 to 40 years,50, Field Bund,13.2313583,78.1922773,Entry 4,900.0,0.0,900.0
Karnataka_Kolar_Kolar_Janna_Ghatta_Bommasandra,fm5i1gdw,No,Approved,Karnataka,Kolar,Kolar,Janna Ghatta,Bommasandra,2025-10-24,250,50,90,Between 8 to 40 years,50, Field Bund,13.2082273,78.1111028,Entry 4,750.0,0.0,750.0
Karnataka_Kolar_Kolar_Janna_Ghatta_Gottihalli,fm86uppt,No,Approved,Karnataka,Kolar,Kolar,Janna Ghatta,Gottihalli,2025-10-24,200,50,90,Between 8 to 40 years,50, Field Bund,13.2359461,78.128252,Entry 4,600.0,0.0,600.0
Karnataka_Kolar_Kolar_Janna_Ghatta_Jangamagurjenahalli,fmvubvrw,No,Approved,Karnataka,Kolar,Kolar,Janna Ghatta,Jangamagurjenahalli,2025-10-24,450,100,90,Between 8 to 40 years,60, Field Bund,13.1811255,78.1209677,Entry 4,1350.0,0.0,1350.0
Karnataka_Kolar_Kolar_Janna_Ghatta_Jannaghatta,fmah50vq,Yes,Audit Approved,Karnataka,Kolar,Kolar,Janna Ghatta,Jannaghatta,2025-10-23,950,250,90,Between 8 to 40 years,50,Riverbank,13.2089934,78.144667,Entry 4,2850.0,0.0,2850.0
Karnataka_Kolar_Kolar_Janna_Ghatta_Kallur,fmrx3zhe,No,Approved,Karnataka,Kolar,Kolar,Janna Ghatta,Kallur,2025-10-24,400,100,90,Between 8 to 40 years,70, Field Bund,13.1945579,78.117882,Entry 4,1200.0,0.0,1200.0
Karnataka_Kolar_Kolar_Jannaghatta_Gowdahalli,fm2dw04s,No,Approved,Karnataka,Kolar,Kolar,Jannaghatta,Gowdahalli,2025-10-25,450,100,90,Between 8 to 40 years,50, Field Bund,13.2148444,78.1120417,Entry 4,1350.0,0.0,1350.0
Karnataka_Kolar_Kolar_Muduvadi_Arinaganahalli,fmoq2yzg,No,Approved,Karnataka,Kolar,Kolar,Muduvadi,Arinaganahalli,2025-10-23,400,100,90,Between 8 to 40 years,50, Field Bund,13.2057785,78.156222,Entry 4,1200.0,0.0,1200.0
Karnataka_Kolar_Kolar_Muduvadi_Jannapalli,fmlyoi5v,No,Approved,Karnataka,Kolar,Kolar,Muduvadi,Jannapalli,2025-10-23,100,30,90,Between 8 to 40 years,50, Field Bund,13.2490375,78.1943234,Entry 4,300.0,0.0,300.0
Karnataka_Kolar_Kolar_Muduvadi_Muduvadi,fmzaytjs,No,Approved,Karnataka,Kolar,Kolar,Muduvadi,Muduvadi,2025-10-23,350,50,90,Between 8 to 40 years,60, Field Bund,13.2341788,78.1661379,Entry 4,1050.0,0.0,1050.0
Karnataka_Kolar_Kolar_Muduvadi_Thotliganahalli,fm8rd0hm,No,Approved,Karnataka,Kolar,Kolar,Muduvadi,Thotliganahalli,2025-10-23,300,50,90,Between 8 to 40 years,40, Field Bund,13.2491547,78.1885918,Entry 4,900.0,0.0,900.0
Karnataka_Kolar_Kolar_Settihalli_Dhanamatanahalli,fm24bbg8,Yes,Audit Approved,Karnataka,Kolar,Kolar,Settihalli,Dhanamatanahalli,2025-10-25,800,250,90,Between 8 to 40 years,50, Field Bund,13.1706425,78.063045,Entry 4,2400.0,0.0,2400.0
Karnataka_Kolar_Kolar_Sugatur_Sugatur,fmuc6u1q,Yes,Audit Approved,Karnataka,Kolar,Kolar,Sugatur,Sugatur,2025-10-24,650,100,90,Between 8 to 40 years,70, Field Bund,13.2072216,78.1067952,Entry 4,1950.0,0.0,1950.0
Karnataka_Kolar_Kolar_Sulur_Challahalli,fm9x4lxs,Yes,Audit Approved,Karnataka,Kolar,Kolar,Sulur,Challahalli,2025-10-25,1000,400,90,Between 8 to 40 years,60, Field Bund,13.1664274,78.0705913,Entry 4,3000.0,0.0,3000.0
Karnataka_Kolar_Kolar_Sulur_Chokkahalli,fm92fbdq,No,Approved,Karnataka,Kolar,Kolar,Sulur,Chokkahalli,2025-10-25,400,100,90,Between 8 to 40 years,60, Field Bund,13.1723228,78.0883494,Entry 4,1200.0,0.0,1200.0
Karnataka_Kolar_Kolar_Sulur_Garudanahalli,fm5l4j3g,No,Approved,Karnataka,Kolar,Kolar,Sulur,Garudanahalli,2025-10-25,500,100,90,Between 8 to 40 years,60, Field Bund,13.1630958,78.080361,Entry 4,1500.0,0.0,1500.0
Karnataka_Kolar_Kolar_Sulur_Hogari_Gollahalli,fm8npsqu,No,Approved,Karnataka,Kolar,Kolar,Sulur,Hogari Gollahalli,2025-10-25,500,100,90,Between 8 to 40 years,50, Field Bund,13.1672677,78.083777,Entry 4,1500.0,0.0,1500.0
Karnataka_Kolar_Kolar_Sulur_Talagunda,fmy0orix,No,Approved,Karnataka,Kolar,Kolar,Sulur,Talagunda,2025-10-25,550,100,90,Between 8 to 40 years,60, Field Bund,13.1703199,78.074679,Entry 4,1650.0,0.0,1650.0
Karnataka_Kolar_Kolar_Thoradevanda_Halli_Beeramanahalli,fm7wkush,No,Approved,Karnataka,Kolar,Kolar,Thoradevanda Halli,Beeramanahalli,2025-12-10,450,100,90,Between 8 to 40 years,50, Field Bund,13.1658713,78.3972058,Entry 1,1350.0,0.0,1350.0
Karnataka_Kolar_Kolar_Thoradevanda_Halli_Bellambari,fm9a9lvq,No,Approved,Karnataka,Kolar,Kolar,Thoradevanda Halli,Bellambari,2025-10-23,150,50,90,Between 8 to 40 years,40, Field Bund,13.2041361,78.1665312,Entry 4,450.0,0.0,450.0
Karnataka_Kolar_Kolar_Thoradevanda_Halli_Mallasandra,fmnpzhtv,No,Approved,Karnataka,Kolar,Kolar,Thoradevanda Halli,Mallasandra,2025-10-23,300,50,80,Between 8 to 40 years,50, Field Bund,13.2102884,78.1575183,Entry 4,900.0,0.0,900.0
Karnataka_Kolar_Kolar_Thoradevanda_Halli_Nukkanahalli,fm8wm023,No,Approved,Karnataka,Kolar,Kolar,Thoradevanda Halli,Nukkanahalli,2025-10-23,250,50,90,Between 8 to 40 years,50, Field Bund,13.2145681,78.1647465,Entry 4,750.0,0.0,750.0
Karnataka_Kolar_Kolar_Thoradevanda_Halli_Thoradevandahalli,fmwojfgf,Yes,Audit Approved,Karnataka,Kolar,Kolar,Thoradevanda Halli,Thoradevandahalli,2025-10-22,750,300,90,Between 8 to 40 years,40, Field Bund,13.1896879,78.1537301,Entry 4,2250.0,0.0,2250.0
Karnataka_Kolar_Kolar_Thoradevanda_Halli_Veerapura,fm1q52sq,Yes,Audit Approved,Karnataka,Kolar,Kolar,Thoradevanda Halli,Veerapura,2025-10-22,700,250,90,Between 8 to 40 years,60,Avenue,13.1698129,78.1420264,Entry 4,2100.0,0.0,2100.0
Karnataka_Kolar_Kolar_Thoradevanda_Halli_Yadahalli,fmf8lngu,No,Approved,Karnataka,Kolar,Kolar,Thoradevanda Halli,Yadahalli,2025-10-22,100,30,90,Between 8 to 40 years,40, Field Bund,13.1944601,78.1430898,Entry 4,300.0,0.0,300.0
Karnataka_Kolar_Kolar_Thotli_Chitnahalli,fmc6s7di,Yes,Audit Approved,Karnataka,Kolar,Kolar,Thotli,Chitnahalli,2025-10-24,550,100,90,Between 8 to 40 years,50, Field Bund,13.2197765,78.1033756,Entry 4,1650.0,0.0,1650.0
Karnataka_Kolar_Kolar_Thotli_Kakinatha,fmiy7hnz,No,Approved,Karnataka,Kolar,Kolar,Thotli,Kakinatha,2025-10-24,400,100,90,Between 8 to 40 years,50, Field Bund,13.243144,78.1101727,Entry 4,1200.0,0.0,1200.0
Karnataka_Kolar_Kolar_Thotli_Kembathanahalli,fmi708ml,No,Approved,Karnataka,Kolar,Kolar,Thotli,Kembathanahalli,2025-10-24,150,50,90,Below 8 years,40, Field Bund,13.2512523,78.1212027,Entry 4,450.0,0.0,450.0
Karnataka_Kolar_Kolar_Thotli_Kithandur,fm4r509k,No,Approved,Karnataka,Kolar,Kolar,Thotli,Kithandur,2025-10-24,200,50,90,Between 8 to 40 years,50, Field Bund,13.2424654,78.1184398,Entry 4,600.0,0.0,600.0
Karnataka_Kolar_Kolar_Thotli_Thotli,fm86jrm0,No,Approved,Karnataka,Kolar,Kolar,Thotli,Thotli,2025-10-24,100,30,90,Between 8 to 40 years,50, Field Bund,13.2414356,78.1083573,Entry 4,300.0,0.0,300.0
Karnataka_Kolar_Kolar_Thotli_Urati_Agrahara,fmdm25il,No,Approved,Karnataka,Kolar,Kolar,Thotli,Urati Agrahara,2025-10-24,150,50,90,Between 8 to 40 years,50, Field Bund,13.2363481,78.1170401,Entry 4,450.0,0.0,450.0
Karnataka_Kolar_Kolar_Unknown_Chandrasekarapura,fm72pzp5,Yes,Audit Approved,Karnataka,Kolar,Kolar,Unknown,Chandrasekarapura,2025-11-18,600,200,90,Between 8 to 40 years,50, Field Bund,13.1811824,77.9734802,Entry 4,1800.0,0.0,1800.0
Karnataka_Kolar_Kolar_Unknown_Harjenahalli,fmbn5cn6,No,Approved,Karnataka,Kolar,Kolar,Unknown,Harjenahalli,2025-10-21,200,50,80,Between 8 to 40 years,50, Field Bund,13.2198721,77.9875826,Entry 4,600.0,0.0,600.0
Karnataka_Kolar_Kolar_Unknown_Kalva,fmze3561,No,Approved,Karnataka,Kolar,Kolar,Unknown,Kalva,2025-11-18,500,100,90,Between 8 to 40 years,50, Field Bund,13.1696775,78.0019532,Entry 4,1500.0,0.0,1500.0
Karnataka_Kolar_Kolar_Unknown_Korati_Mallandahalli,fmfjm59c,No,Approved,Karnataka,Kolar,Kolar,Unknown,Korati Mallandahalli,2025-11-18,40,100,90,Between 8 to 40 years,50, Field Bund,13.1865466,77.9650367,Entry 4,120.0,0.0,120.0
Karnataka_Kolar_Kolar_Unknown_Kurugal,fm574rym,No,Approved,Karnataka,Kolar,Kolar,Unknown,Kurugal,2025-11-18,1500,600,90,Between 8 to 40 years,90,Avenue,13.2148575,77.9785433,Entry 4,4500.0,0.0,4500.0
Karnataka_Kolar_Kolar_Unknown_Madivala,fmi8cdjb,No,Approved,Karnataka,Kolar,Kolar,Unknown,Madivala,2025-11-18,350,100,90,Between 8 to 40 years,60, Field Bund,13.223098,77.9657313,Entry 4,1050.0,0.0,1050.0
Karnataka_Kolar_Kolar_Unknown_Maliyappanahalli,fmrqbnya,No,Approved,Karnataka,Kolar,Kolar,Unknown,Maliyappanahalli,2025-11-18,350,50,90,Between 8 to 40 years,50, Field Bund,13.2023574,77.9753041,Entry 4,1050.0,0.0,1050.0
Karnataka_Kolar_Kolar_Unknown_Manchandahalli,fmzvpzhy,No,Approved,Karnataka,Kolar,Kolar,Unknown,Manchandahalli,2025-12-10,300,50,90,Between 8 to 40 years,50, Field Bund,13.1659866,78.3972877,Entry 1,900.0,0.0,900.0
Karnataka_Kolar_Kolar_Uragili_Uppakunte,fmcc4prd,Yes,Audit Approved,Karnataka,Kolar,Kolar,Uragili,Uppakunte,2025-12-10,700,200,90,Between 8 to 40 years,60, Field Bund,13.1362143,78.12909859999999,Entry 4,2100.0,0.0,2100.0
Karnataka_Kolar_Kolar_Vemagal_Suladenahalli,fm25a2y1,No,Approved,Karnataka,Kolar,Kolar,Vemagal,Suladenahalli,2025-11-18,450,100,90,Between 8 to 40 years,60, Field Bund,13.2120238,77.9646937,Entry 4,1350.0,0.0,1350.0
Karnataka_Kolar_Malur_Abbenahalli_Kondarahalli,fm8wqtt7,No,Approved,Karnataka,Kolar,Malur,Abbenahalli,Kondarahalli,2025-12-15,100,30,90,Between 8 to 40 years,50, Field Bund,13.0495464,77.9324231,Entry 1,300.0,0.0,300.0
Karnataka_Kolar_Malur_Araleri_Angasettihalli,fmbo849t,No,Approved,Karnataka,Kolar,Malur,Araleri,Angasettihalli,2025-12-17,300,50,90,Between 8 to 40 years,50, Field Bund,12.9893231,77.9792112,Entry 4,900.0,0.0,900.0
Karnataka_Kolar_Malur_Araleri_Araleri,fmrsln7h,No,Approved,Karnataka,Kolar,Malur,Araleri,Araleri,2025-12-17,250,50,90,Between 8 to 40 years,50, Field Bund,12.9872122,77.9849841,Entry 4,750.0,0.0,750.0
Karnataka_Kolar_Malur_Araleri_Bingipura,fm5p5700,No,Approved,Karnataka,Kolar,Malur,Araleri,Bingipura,2025-12-17,150,50,90,Between 8 to 40 years,50, Field Bund,12.9919544,77.9750156,Entry 4,450.0,0.0,450.0
Karnataka_Kolar_Malur_Araleri_C._Upparahalli,fmykpizu,No,Approved,Karnataka,Kolar,Malur,Araleri,C. Upparahalli,2025-12-17,200,50,80,Between 8 to 40 years,50, Field Bund,12.9733109,77.9956596,Entry 4,600.0,0.0,600.0
Karnataka_Kolar_Malur_Araleri_Chakanahalli,fmm4i1w6,Yes,Audit Approved,Karnataka,Kolar,Malur,Araleri,Chakanahalli,2025-12-17,600,200,90,Between 8 to 40 years,50, Field Bund,12.9831887,78.007652,Entry 4,1800.0,0.0,1800.0
Karnataka_Kolar_Malur_Araleri_Geragadenahalli,fmrffo6a,No,Approved,Karnataka,Kolar,Malur,Araleri,Geragadenahalli,2025-12-17,400,100,90,Between 8 to 40 years,50, Field Bund,12.9774717,77.9988711,Entry 4,1200.0,0.0,1200.0
Karnataka_Kolar_Malur_Araleri_Hulkur,fm0kx9g1,Yes,Audit Approved,Karnataka,Kolar,Malur,Araleri,Hulkur,2025-12-17,1500,500,90,Between 8 to 40 years,60, Field Bund,12.9778897,78.0155677,Entry 4,4500.0,0.0,4500.0
Karnataka_Kolar_Malur_Araleri_Kundenahalli,fmywayoy,No,Approved,Karnataka,Kolar,Malur,Araleri,Kundenahalli,2025-12-17,200,50,90,Between 8 to 40 years,50, Field Bund,12.9863883,77.9982049,Entry 4,600.0,0.0,600.0
Karnataka_Kolar_Malur_Araleri_Medahatti,fmgsgd20,No,Approved,Karnataka,Kolar,Malur,Araleri,Medahatti,2025-12-17,300,50,90,Between 8 to 40 years,50, Field Bund,12.9693288,77.9872947,Entry 4,900.0,0.0,900.0
Karnataka_Kolar_Malur_Araleri_Mittiganahalli,fm460pxz,No,Approved,Karnataka,Kolar,Malur,Araleri,Mittiganahalli,2025-12-17,500,100,90,Between 8 to 40 years,50, Field Bund,12.9739041,77.9749036,Entry 4,1500.0,0.0,1500.0
Karnataka_Kolar_Malur_Araleri_Neelakanta_Agrahara,fmu5w23m,No,Approved,Karnataka,Kolar,Malur,Araleri,Neelakanta Agrahara,2025-12-17,250,50,90,Between 8 to 40 years,50, Field Bund,12.9963139,77.9543836,Entry 4,750.0,0.0,750.0
Karnataka_Kolar_Malur_Araleri_Upparahalli,fmeiu0xn,No,Approved,Karnataka,Kolar,Malur,Araleri,Upparahalli,2025-12-17,350,50,90,Between 8 to 40 years,50, Field Bund,12.9695099,77.9973781,Entry 4,1050.0,0.0,1050.0
Karnataka_Kolar_Malur_Balagenahalli_Bairagimatha,fmzy9wxi,No,Approved,Karnataka,Kolar,Malur,Balagenahalli,Bairagimatha,2025-12-21,500,100,90,Between 8 to 40 years,50,Avenue,12.9097156,77.9737716,Entry 4,1500.0,0.0,1500.0
Karnataka_Kolar_Malur_Balagenahalli_Hanumantha_nagara,fm7usqg8,No,Approved,Karnataka,Kolar,Malur,Balagenahalli,Hanumantha nagara,2025-12-21,350,50,90,Between 8 to 40 years,50, Field Bund,12.8964871,77.9830049,Entry 4,1050.0,0.0,1050.0
Karnataka_Kolar_Malur_Baliganahalli_Chikka_Iggaluru,fmd4tdu9,No,Approved,Karnataka,Kolar,Malur,Baliganahalli,Chikka Iggaluru,2025-12-21,400,100,90,Between 8 to 40 years,50, Field Bund,12.9223974,77.9683143,Entry 4,1200.0,0.0,1200.0
Karnataka_Kolar_Malur_Baliganahalli_Indumangala,fmco96h3,No,Approved,Karnataka,Kolar,Malur,Baliganahalli,Indumangala,2025-12-21,350,50,90,Between 8 to 40 years,50, Field Bund,12.9007286,77.9754285,Entry 4,1050.0,0.0,1050.0
Karnataka_Kolar_Malur_Baliganahalli_M.Upparahalli,fmvqfeta,No,Approved,Karnataka,Kolar,Malur,Baliganahalli,M.Upparahalli,2025-12-21,400,100,90,Between 8 to 40 years,50, Field Bund,12.8998551,77.9810285,Entry 4,1200.0,0.0,1200.0
Karnataka_Kolar_Malur_Baliganahalli_Mirupanahalli,fmbc3bko,No,Approved,Karnataka,Kolar,Malur,Baliganahalli,Mirupanahalli,2025-12-22,400,100,90,Between 8 to 40 years,50, Field Bund,12.865054,77.9854348,Entry 4,1200.0,0.0,1200.0
Karnataka_Kolar_Malur_Baliganahalli_Nagapura,fmyfujz7,Yes,Audit Approved,Karnataka,Kolar,Malur,Baliganahalli,Nagapura,2025-12-21,1500,500,90,Between 8 to 40 years,50,Block Plantation,12.8874387,77.981977,Entry 4,4500.0,0.0,4500.0
Karnataka_Kolar_Malur_Chickkakuntur_Chikkakunthur,fmq7czp3,No,Approved,Karnataka,Kolar,Malur,Chickkakuntur,Chikkakunthur,2025-12-16,550,150,90,Between 8 to 40 years,50, Field Bund,13.004203,78.0011077,Entry 4,1650.0,0.0,1650.0
Karnataka_Kolar_Malur_Chickkakuntur_Doddakunthur,fmxtn28m,No,Approved,Karnataka,Kolar,Malur,Chickkakuntur,Doddakunthur,2025-12-16,200,50,90,Between 8 to 40 years,50, Field Bund,13.0144447,78.0065208,Entry 4,600.0,0.0,600.0
Karnataka_Kolar_Malur_Chokkandahalli_Gangasandra,fmxz8bzh,No,Approved,Karnataka,Kolar,Malur,Chokkandahalli,Gangasandra,2025-12-22,400,100,90,Between 8 to 40 years,50, Field Bund,12.8706773,77.989341,Entry 4,1200.0,0.0,1200.0
Karnataka_Kolar_Malur_Chokkandahalli_Madivala,fmlp22ym,Yes,Audit Approved,Karnataka,Kolar,Malur,Chokkandahalli,Madivala,2025-12-15,1100,400,90,Between 8 to 40 years,50, Field Bund,13.0400532,77.9264495,Entry 4,3300.0,0.0,3300.0
Karnataka_Kolar_Malur_Dadinaikanahallidoddi_Ahanya,fmwh0dtl,No,Approved,Karnataka,Kolar,Malur,Dadinaikanahallidoddi,Ahanya,2025-12-22,350,50,90,Between 8 to 40 years,50, Field Bund,12.8620684,77.9612161,Entry 4,1050.0,0.0,1050.0
Karnataka_Kolar_Malur_Dadinaikanahallidoddi_Dadinayakanadoddi,fm43tkun,No,Approved,Karnataka,Kolar,Malur,Dadinaikanahallidoddi,Dadinayakanadoddi,2025-12-22,600,150,90,Between 8 to 40 years,50, Field Bund,12.8574356,77.9488471,Entry 4,1800.0,0.0,1800.0
Karnataka_Kolar_Malur_Dadinaikanahallidoddi_Kadadanahalli,fmu9sngg,No,Approved,Karnataka,Kolar,Malur,Dadinaikanahallidoddi,Kadadanahalli,2025-12-22,400,100,90,Between 8 to 40 years,50, Field Bund,12.8670637,77.9722807,Entry 4,1200.0,0.0,1200.0
Karnataka_Kolar_Malur_Dadinaikanahallidoddi_Padavanahalli,fm6xy3jf,No,Approved,Karnataka,Kolar,Malur,Dadinaikanahallidoddi,Padavanahalli,2025-12-22,900,300,90,Between 8 to 40 years,60, Field Bund,12.8647234,77.9450832,Entry 4,2700.0,0.0,2700.0
Karnataka_Kolar_Malur_Doddashivara_Chikkashivara,fm9mpjt6,Yes,Audit Approved,Karnataka,Kolar,Malur,Doddashivara,Chikkashivara,2025-12-16,600,200,90,Between 8 to 40 years,60, Field Bund,13.009043,77.9511173,Entry 4,1800.0,0.0,1800.0
Karnataka_Kolar_Malur_Doddashivara_Doddasabbenahalli,fmhnfcer,No,Approved,Karnataka,Kolar,Malur,Doddashivara,Doddasabbenahalli,2025-12-16,300,50,90,Between 8 to 40 years,50, Field Bund,13.0270431,78.0062825,Entry 4,900.0,0.0,900.0
Karnataka_Kolar_Malur_Doddashivara_Doddashivara,fm9immbi,No,Approved,Karnataka,Kolar,Malur,Doddashivara,Doddashivara,2025-12-16,200,50,90,Between 8 to 40 years,50, Field Bund,13.0315205,77.9877437,Entry 4,600.0,0.0,600.0
Karnataka_Kolar_Malur_Doddashivara_Guddanahalli,fm7d4awh,Yes,Audit Approved,Karnataka,Kolar,Malur,Doddashivara,Guddanahalli,2025-12-16,700,250,90,Between 8 to 40 years,60, Field Bund,13.0071775,77.9483666,Entry 4,2100.0,0.0,2100.0
Karnataka_Kolar_Malur_Doddashivara_Haripura,fmdhqquk,No,Approved,Karnataka,Kolar,Malur,Doddashivara,Haripura,2025-12-16,200,50,90,Between 8 to 40 years,50, Field Bund,13.0162864,77.9992957,Entry 4,600.0,0.0,600.0
Karnataka_Kolar_Malur_Doddashivara_Kateri,fmklm6do,No,Approved,Karnataka,Kolar,Malur,Doddashivara,Kateri,2025-12-16,250,50,90,Between 8 to 40 years,50, Field Bund,13.0011975,77.9884447,Entry 4,750.0,0.0,750.0
Karnataka_Kolar_Malur_Doddashivara_Puramakanahalli,fmnjz7ir,No,Approved,Karnataka,Kolar,Malur,Doddashivara,Puramakanahalli,2025-12-16,150,50,90,Between 8 to 40 years,50, Field Bund,13.0226069,78.0006771,Entry 4,450.0,0.0,450.0
Karnataka_Kolar_Malur_Doddashivara_Sonnahalli,fms63hfn,No,Approved,Karnataka,Kolar,Malur,Doddashivara,Sonnahalli,2025-12-16,200,50,90,Between 8 to 40 years,50, Field Bund,,,,600.0,0.0,600.0
Karnataka_Kolar_Malur_Doddashivara_Vadaganahalli,fmxg5hxr,No,Approved,Karnataka,Kolar,Malur,Doddashivara,Vadaganahalli,2025-12-16,200,50,90,Between 8 to 40 years,50, Field Bund,13.0136736,77.9891226,Entry 4,600.0,0.0,600.0
Karnataka_Kolar_Malur_Hasandahalli_Bandahatti,fms4wx8w,No,Approved,Karnataka,Kolar,Malur,Hasandahalli,Bandahatti,2025-12-21,250,50,90,Between 8 to 40 years,50, Field Bund,12.8843725,77.9937071,Entry 4,750.0,0.0,750.0
Karnataka_Kolar_Malur_Hasandahalli_Byranadoddi,fmvdkmu9,Yes,Audit Approved,Karnataka,Kolar,Malur,Hasandahalli,Byranadoddi,2025-12-21,550,100,90,Between 8 to 40 years,50, Field Bund,12.8957601,77.9949484,Entry 4,1650.0,0.0,1650.0
Karnataka_Kolar_Malur_Hasandahalli_M.Hosahalli,fmge68h2,No,Approved,Karnataka,Kolar,Malur,Hasandahalli,M.Hosahalli,2025-12-19,350,50,90,Between 8 to 40 years,50, Field Bund,12.9035186,77.9976567,Entry 4,1050.0,0.0,1050.0
Karnataka_Kolar_Malur_Hasandahalli_Varadapura,fmb7vue9,No,Approved,Karnataka,Kolar,Malur,Hasandahalli,Varadapura,2025-12-21,300,50,90,Between 8 to 40 years,50, Field Bund,12.8941638,78.0006306,Entry 4,900.0,0.0,900.0
Karnataka_Kolar_Malur_Huladenahalli_Dinneri,fm1dkask,Yes,Audit Approved,Karnataka,Kolar,Malur,Huladenahalli,Dinneri,2025-12-19,600,200,90,Between 8 to 40 years,50, Field Bund,12.9442072,77.9791482,Entry 4,1800.0,0.0,1800.0
Karnataka_Kolar_Malur_Huladenahalli_Huladenahalli,fmgslan2,Yes,Audit Approved,Karnataka,Kolar,Malur,Huladenahalli,Huladenahalli,2025-12-20,600,150,90,Between 8 to 40 years,60, Field Bund,12.9589743,78.0260781,Entry 4,1800.0,0.0,1800.0
Karnataka_Kolar_Malur_Huladenahalli_Kurnahosahalli,fmo6i691,Yes,Audit Approved,Karnataka,Kolar,Malur,Huladenahalli,Kurnahosahalli,2025-12-20,650,200,90,Between 8 to 40 years,60, Field Bund,12.9585404,78.0090709,Entry 4,1950.0,0.0,1950.0
Karnataka_Kolar_Malur_Huladenahalli_Thirumalahatti,fm87amss,Yes,Audit Approved,Karnataka,Kolar,Malur,Huladenahalli,Thirumalahatti,2025-12-20,650,200,90,Between 8 to 40 years,60, Field Bund,12.9583071,77.9981992,Entry 4,1950.0,0.0,1950.0
Karnataka_Kolar_Malur_Huladenahalli_Thorahalli,fmo9dwfj,No,Approved,Karnataka,Kolar,Malur,Huladenahalli,Thorahalli,2025-12-20,150,50,90,Between 8 to 40 years,50, Field Bund,12.9423008,78.0351026,Entry 4,450.0,0.0,450.0
Karnataka_Kolar_Malur_Hulimangala_Hosakote_Arasanahalli,fmwzxrsc,No,Approved,Karnataka,Kolar,Malur,Hulimangala Hosakote,Arasanahalli,2025-12-23,350,50,90,Between 8 to 40 years,50, Field Bund,12.9705845,77.8942416,Entry 4,1050.0,0.0,1050.0
Karnataka_Kolar_Malur_Hulimangala_Hosakote_Barugur,fm5nupkt,No,Approved,Karnataka,Kolar,Malur,Hulimangala Hosakote,Barugur,2025-12-23,200,50,90,Between 8 to 40 years,50, Field Bund,12.9533704,77.8825652,Entry 4,600.0,0.0,600.0
Karnataka_Kolar_Malur_Hulimangala_Hosakote_Hulimangalahosakote,fmyre3e2,No,Approved,Karnataka,Kolar,Malur,Hulimangala Hosakote,Hulimangalahosakote,2025-12-23,150,50,90,Between 8 to 40 years,50, Field Bund,12.9627074,77.8965678,Entry 4,450.0,0.0,450.0
Karnataka_Kolar_Malur_Hungenahalli_Chikkakadathur,fm6kjxbr,No,Approved,Karnataka,Kolar,Malur,Hungenahalli,Chikkakadathur,2025-12-16,350,50,90,Between 8 to 40 years,60, Field Bund,13.0328128,77.9774596,Entry 4,1050.0,0.0,1050.0
Karnataka_Kolar_Malur_Hungenahalli_Doddakadathur,fmlp8tbr,No,Approved,Karnataka,Kolar,Malur,Hungenahalli,Doddakadathur,2025-12-16,400,100,90,Between 8 to 40 years,50, Field Bund,13.0239337,77.9672754,Entry 4,1200.0,0.0,1200.0
Karnataka_Kolar_Malur_Hungenahalli_Obalapura,fmyztgcb,No,Approved,Karnataka,Kolar,Malur,Hungenahalli,Obalapura,2025-12-16,150,50,90,Between 8 to 40 years,50, Field Bund,13.0382606,77.9738481,Entry 4,450.0,0.0,450.0
Karnataka_Kolar_Malur_K_G_Halli_Huligutte,fmzd76rb,No,Approved,Karnataka,Kolar,Malur,K G Halli,Huligutte,2025-12-11,250,50,90,Between 8 to 40 years,50, Field Bund,13.0338287,78.0847319,Entry 4,750.0,0.0,750.0
Karnataka_Kolar_Malur_KG_halli_Ananthapur,fmjoufwh,No,Approved,Karnataka,Kolar,Malur,KG halli,Ananthapur,2025-12-11,400,100,90,Between 8 to 40 years,50, Field Bund,13.0279863,78.088066,Entry 4,1200.0,0.0,1200.0
Karnataka_Kolar_Malur_KG_halli_Aniganahalli,fmhy8vjd,No,Approved,Karnataka,Kolar,Malur,KG halli,Aniganahalli,2025-12-11,350,50,50,Between 8 to 40 years,50, Field Bund,13.0199262,78.0963808,Entry 4,1050.0,0.0,1050.0
Karnataka_Kolar_Malur_KG_halli_Kempasandra,fml6138w,No,Approved,Karnataka,Kolar,Malur,KG halli,Kempasandra,2025-12-11,700,200,90,Between 8 to 40 years,60, Field Bund,13.0134192,78.1044538,Entry 4,2100.0,0.0,2100.0
Karnataka_Kolar_Malur_Kavala_Giriyana_Halli_Balleri,fmbaki9f,No,Approved,Karnataka,Kolar,Malur,Kavala Giriyana Halli,Balleri,2025-12-11,300,50,90,Between 8 to 40 years,50, Field Bund,13.0097789,78.0837967,Entry 4,900.0,0.0,900.0
Karnataka_Kolar_Malur_Kavala_Giriyana_Halli_Basapura,fmps8pl2,No,Approved,Karnataka,Kolar,Malur,Kavala Giriyana Halli,Basapura,2025-12-11,550,150,90,Between 8 to 40 years,50, Field Bund,13.0143597,78.1150612,Entry 4,1650.0,0.0,1650.0
Karnataka_Kolar_Malur_Kavala_Giriyana_Halli_Janganahalli,fmk8hih4,No,Approved,Karnataka,Kolar,Malur,Kavala Giriyana Halli,Janganahalli,2025-12-11,300,50,90,Between 8 to 40 years,50, Field Bund,13.0094415,78.0799072,Entry 4,900.0,0.0,900.0
Karnataka_Kolar_Malur_Kavala_Giriyana_Halli_Kadirenahalli,fm7fe98v,No,Approved,Karnataka,Kolar,Malur,Kavala Giriyana Halli,Kadirenahalli,2025-12-11,300,50,90,Between 8 to 40 years,50, Field Bund,13.01111,78.0894441,Entry 4,900.0,0.0,900.0
Karnataka_Kolar_Malur_Kavala_Giriyana_Halli_Karadagurki,fmc63vtv,No,Approved,Karnataka,Kolar,Malur,Kavala Giriyana Halli,Karadagurki,2025-12-11,550,150,90,Between 8 to 40 years,50, Field Bund,13.0281034,78.0842709,Entry 4,1650.0,0.0,1650.0
Karnataka_Kolar_Malur_Kavala_Giriyana_Halli_Obatti,fmeumn2i,No,Approved,Karnataka,Kolar,Malur,Kavala Giriyana Halli,Obatti,2025-12-11,450,100,90,Between 8 to 40 years,50, Field Bund,13.017211,78.0904864,Entry 4,1350.0,0.0,1350.0
Karnataka_Kolar_Malur_Kavala_Giriyana_Halli_Ullerahalli,fmlt0wzd,No,Approved,Karnataka,Kolar,Malur,Kavala Giriyana Halli,Ullerahalli,2025-12-11,600,200,90,Between 8 to 40 years,50, Field Bund,13.0054058,78.1032633,Entry 4,1800.0,0.0,1800.0
Karnataka_Kolar_Malur_Kavala_Giriyana_Halli_Vurugurki,fmd2my2v,No,Approved,Karnataka,Kolar,Malur,Kavala Giriyana Halli,Vurugurki,2025-12-11,550,150,90,Between 8 to 40 years,60, Field Bund,13.0247219,78.0947207,Entry 4,1650.0,0.0,1650.0
Karnataka_Kolar_Malur_Kudiyanur_Byrasandra,fmebn5hi,No,Approved,Karnataka,Kolar,Malur,Kudiyanur,Byrasandra,2025-12-19,450,100,90,Between 8 to 40 years,50, Field Bund,12.9303837,77.9628581,Entry 4,1350.0,0.0,1350.0
Karnataka_Kolar_Malur_Kudiyanur_Kudiyanur,fmyui5el,Yes,Audit Approved,Karnataka,Kolar,Malur,Kudiyanur,Kudiyanur,2025-12-20,500,100,90,Between 8 to 40 years,50, Field Bund,12.9522201,77.9529856,Entry 4,1500.0,0.0,1500.0
Karnataka_Kolar_Malur_Kudiyanur_Manisettihalli,fml6cgho,No,Approved,Karnataka,Kolar,Malur,Kudiyanur,Manisettihalli,2025-12-19,450,100,90,Between 8 to 40 years,60, Field Bund,12.9416388,77.9730537,Entry 4,1350.0,0.0,1350.0
Karnataka_Kolar_Malur_Kudiyanur_Nariganahalli,fm3c4hkq,No,Approved,Karnataka,Kolar,Malur,Kudiyanur,Nariganahalli,2025-12-20,600,150,90,Between 8 to 40 years,60, Field Bund,12.9700721,77.962379,Entry 4,1800.0,0.0,1800.0
Karnataka_Kolar_Malur_Kudiyanur_Thuragalur,fm0vyj9i,No,Approved,Karnataka,Kolar,Malur,Kudiyanur,Thuragalur,2025-12-20,250,50,90,Between 8 to 40 years,50, Field Bund,12.9530317,77.966556,Entry 4,750.0,0.0,750.0
Karnataka_Kolar_Malur_Kudiyanur_Yarapasettihalli,fmti26do,No,Approved,Karnataka,Kolar,Malur,Kudiyanur,Yarapasettihalli,2025-12-20,250,50,90,Between 8 to 40 years,50, Field Bund,12.973281,77.9520815,Entry 4,750.0,0.0,750.0
Karnataka_Kolar_Malur_Kudiyanuru_Kudiyanuru_Dinne,fme3jkdm,No,Approved,Karnataka,Kolar,Malur,Kudiyanuru,Kudiyanuru Dinne,2025-12-20,350,50,90,Between 8 to 40 years,50, Field Bund,12.9470563,77.9624817,Entry 4,1050.0,0.0,1050.0
Karnataka_Kolar_Malur_Kudiyanuru_Ramanathapura,fmhlfafw,No,Approved,Karnataka,Kolar,Malur,Kudiyanuru,Ramanathapura,2025-12-19,300,50,90,Between 8 to 40 years,50, Field Bund,12.9358898,77.969952,Entry 4,900.0,0.0,900.0
Karnataka_Kolar_Malur_Lakkur_Kodur,fm930fg2,No,Approved,Karnataka,Kolar,Malur,Lakkur,Kodur,2025-12-16,300,50,90,Between 8 to 40 years,60, Field Bund,13.0036169,77.9715526,Entry 4,900.0,0.0,900.0
Karnataka_Kolar_Malur_Masthi_Masthi,fm9m5rbu,No,Approved,Karnataka,Kolar,Malur,Masthi,Masthi,2025-12-22,450,100,90,Between 8 to 40 years,50, Field Bund,12.8812988,77.9918522,Entry 4,1350.0,0.0,1350.0
Karnataka_Kolar_Malur_Nosagere_Huralagere,fmfmfp85,No,Approved,Karnataka,Kolar,Malur,Nosagere,Huralagere,2025-12-23,250,50,90,Between 8 to 40 years,50, Field Bund,12.9898935,77.9010054,Entry 4,750.0,0.0,750.0
Karnataka_Kolar_Malur_Nosagere_Kurandahalli,fmr4uo9j,No,Approved,Karnataka,Kolar,Malur,Nosagere,Kurandahalli,2025-12-23,150,50,90,Between 8 to 40 years,50, Field Bund,12.9811929,77.9094044,Entry 4,450.0,0.0,450.0
Karnataka_Kolar_Malur_Nosagere_Madanahatti,fmujkvza,No,Approved,Karnataka,Kolar,Malur,Nosagere,Madanahatti,2025-12-23,350,50,90,Between 8 to 40 years,50, Field Bund,12.9873823,77.8875026,Entry 4,1050.0,0.0,1050.0
Karnataka_Kolar_Malur_Nosagere_Nosagere,fmyyfj7e,No,Approved,Karnataka,Kolar,Malur,Nosagere,Nosagere,2025-12-23,3500,1000,90,Between 8 to 40 years,50,Block Plantation,12.9841819,77.9270907,Entry 4,10500.0,0.0,10500.0
Karnataka_Kolar_Malur_Nosagere_Upavasapura,fm241scf,No,Approved,Karnataka,Kolar,Malur,Nosagere,Upavasapura,2025-12-23,250,50,90,Between 8 to 40 years,50, Field Bund,12.9807932,77.9017297,Entry 4,750.0,0.0,750.0
Karnataka_Kolar_Malur_Nutuve_Halepalya,fmzv9cir,No,Approved,Karnataka,Kolar,Malur,Nutuve,Halepalya,2025-12-11,600,200,90,Between 8 to 40 years,60, Field Bund,13.0146595,78.0977646,Entry 4,1800.0,0.0,1800.0
Karnataka_Kolar_Malur_Rajenahalli_Chikkakallahalli,fmimw9fp,No,Approved,Karnataka,Kolar,Malur,Rajenahalli,Chikkakallahalli,2025-12-19,200,50,90,Between 8 to 40 years,50, Field Bund,12.9120329,78.0011806,Entry 4,600.0,0.0,600.0
Karnataka_Kolar_Malur_Rajenahalli_Dodda_Iggalur,fmkwxwqu,No,Approved,Karnataka,Kolar,Malur,Rajenahalli,Dodda Iggalur,2025-12-19,600,200,90,Between 8 to 40 years,50, Field Bund,12.9282735,77.972188,Entry 4,1800.0,0.0,1800.0
Karnataka_Kolar_Malur_Rajenahalli_Doddakallahalli,fmsslgwp,Yes,Audit Approved,Karnataka,Kolar,Malur,Rajenahalli,Doddakallahalli,2025-12-19,2700,700,90,Between 8 to 40 years,60,Block Plantation,12.9217554,77.9929892,Entry 4,8100.0,0.0,8100.0
Karnataka_Kolar_Malur_Rajenahalli_Sonnappanahatti,fm5sfx17,No,Approved,Karnataka,Kolar,Malur,Rajenahalli,Sonnappanahatti,2025-12-20,300,100,90,Between 8 to 40 years,50, Field Bund,12.954017,77.9514151,Entry 4,900.0,0.0,900.0
Karnataka_Kolar_Malur_Santehalli_Channakal,fm5q9uv3,Yes,Audit Approved,Karnataka,Kolar,Malur,Santehalli,Channakal,2025-12-20,500,150,90,Between 8 to 40 years,50, Field Bund,12.9815735,77.9416805,Entry 4,1500.0,0.0,1500.0
Karnataka_Kolar_Malur_Santehalli_Dyapasandra,fmdw1qcb,No,Approved,Karnataka,Kolar,Malur,Santehalli,Dyapasandra,2025-12-17,400,100,90,Between 8 to 40 years,50, Field Bund,12.9807228,77.9572592,Entry 4,1200.0,0.0,1200.0
Karnataka_Kolar_Malur_Santehalli_Mylandahalli,fmgoqkr8,No,Approved,Karnataka,Kolar,Malur,Santehalli,Mylandahalli,2025-12-20,750,250,90,Between 8 to 40 years,50, Field Bund,12.9584024,77.9601697,Entry 4,2250.0,0.0,2250.0
Karnataka_Kolar_Malur_Santehalli_Nidagatta,fmtftrek,No,Approved,Karnataka,Kolar,Malur,Santehalli,Nidagatta,2025-12-20,950,300,90,Between 8 to 40 years,60,Block Plantation,12.9549004,77.9830941,Entry 4,2850.0,0.0,2850.0
Karnataka_Kolar_Malur_Santehalli_Santhehalli,fmvdgsrr,No,Approved,Karnataka,Kolar,Malur,Santehalli,Santhehalli,2025-12-20,450,100,90,Between 8 to 40 years,50, Field Bund,12.9583078,77.9678536,Entry 4,1350.0,0.0,1350.0
Karnataka_Kolar_Malur_Santehalli_Thimmanayakanahalli,fm7ncs4o,No,Approved,Karnataka,Kolar,Malur,Santehalli,Thimmanayakanahalli,2025-12-17,200,50,80,Between 8 to 40 years,50, Field Bund,12.9760096,77.9637853,Entry 4,600.0,0.0,600.0
Karnataka_Kolar_Malur_Santehalli_Veerapura,fmcb7h2g,No,Approved,Karnataka,Kolar,Malur,Santehalli,Veerapura,2025-12-17,100,30,90,Between 8 to 40 years,50, Field Bund,12.9952161,77.9583383,Entry 1,300.0,0.0,300.0
Karnataka_Kolar_Malur_Tekal_Bandur_Agrahara,fmrltrcj,No,Approved,Karnataka,Kolar,Malur,Tekal,Bandur Agrahara,2025-12-11,350,50,90,Between 8 to 40 years,50, Field Bund,12.9944335,78.1100854,Entry 4,1050.0,0.0,1050.0
Karnataka_Kolar_Malur_Tekal_Veerakaputra,fm4v0ws4,No,Approved,Karnataka,Kolar,Malur,Tekal,Veerakaputra,2025-12-11,300,50,90,Between 8 to 40 years,50, Field Bund,13.0085586,78.1092154,Entry 4,900.0,0.0,900.0
Karnataka_Kolar_Malur_Thornahalli_Bellavi,fmelezxn,Yes,Audit Approved,Karnataka,Kolar,Malur,Thornahalli,Bellavi,2025-12-15,600,250,90,Between 8 to 40 years,50, Field Bund,13.0531012,77.923964,Entry 4,1800.0,0.0,1800.0
Karnataka_Kolar_Malur_Thornahalli_Dinnur,fmloi2gl,No,Approved,Karnataka,Kolar,Malur,Thornahalli,Dinnur,2025-12-15,50,10,90,Between 8 to 40 years,50, Field Bund,13.0615483,77.9230092,Entry 1,150.0,0.0,150.0
Karnataka_Kolar_Malur_Thornahalli_Gerupura,fmbgffzl,No,Approved,Karnataka,Kolar,Malur,Thornahalli,Gerupura,2025-12-15,150,50,80,Between 8 to 40 years,50, Field Bund,13.0762488,77.9272561,Entry 4,450.0,0.0,450.0
Karnataka_Kolar_Malur_Thornahalli_Seethanaikanahalli,fm2gkfn9,No,Approved,Karnataka,Kolar,Malur,Thornahalli,Seethanaikanahalli,2025-12-15,250,50,90,Between 8 to 40 years,50, Field Bund,13.0622936,77.927305,Entry 4,750.0,0.0,750.0
Karnataka_Kolar_Malur_Thrunasi_Krishnapura,fm4heiyo,No,Approved,Karnataka,Kolar,Malur,Thrunasi,Krishnapura,2025-12-22,400,100,90,Between 8 to 40 years,50, Field Bund,12.8677054,78.0040385,Entry 4,1200.0,0.0,1200.0
Karnataka_Kolar_Malur_Thrunasi_Pichaguntrahalli,fml1gews,No,Approved,Karnataka,Kolar,Malur,Thrunasi,Pichaguntrahalli,2025-12-22,500,100,90,Between 8 to 40 years,50, Field Bund,12.8745345,78.0135222,Entry 4,1500.0,0.0,1500.0
Karnataka_Kolar_Malur_Trunsi_Nagadenahalli,fm6gnsbh,No,Approved,Karnataka,Kolar,Malur,Trunsi,Nagadenahalli,2025-12-22,400,100,90,Between 8 to 40 years,50, Field Bund,12.8651354,78.0128385,Entry 4,1200.0,0.0,1200.0
Karnataka_Kolar_Malur_masthi_Katharahalli,fmnf9don,Yes,Audit Approved,Karnataka,Kolar,Malur,masthi,Katharahalli,2025-12-21,2200,600,90,Between 8 to 40 years,60,Block Plantation,12.8798174,77.9843988,Entry 4,6600.0,0.0,6600.0
Karnataka_Kolar_Mulbagal_Agara_Mandikal,fmw9eobb,No,Approved,Karnataka,Kolar,Mulbagal,Agara,Mandikal,2025-11-21,550,100,90,Between 8 to 40 years,60, Field Bund,13.2526103,78.3796422,Entry 4,1650.0,0.0,1650.0
Karnataka_Kolar_Mulbagal_Agara_Veerasandra,fm37c3w0,No,Approved,Karnataka,Kolar,Mulbagal,Agara,Veerasandra,2025-12-03,450,100,90,Between 8 to 40 years,50, Field Bund,13.1500084,78.4556784,Entry 4,1350.0,0.0,1350.0
Karnataka_Kolar_Mulbagal_Alangur_Alangur,fmqjdys9,No,Approved,Karnataka,Kolar,Mulbagal,Alangur,Alangur,2025-12-03,600,200,90,Between 8 to 40 years,60, Field Bund,13.1534949,78.4623657,Entry 4,1800.0,0.0,1800.0
Karnataka_Kolar_Mulbagal_Alangur_Allalasandra,fme7zeg8,Yes,Audit Approved,Karnataka,Kolar,Mulbagal,Alangur,Allalasandra,2025-12-03,1000,350,90,Between 8 to 40 years,50, Field Bund,13.1861995,78.4246989,Entry 4,3000.0,0.0,3000.0
Karnataka_Kolar_Mulbagal_Alangur_Batrahalli,fm804fxj,No,Approved,Karnataka,Kolar,Mulbagal,Alangur,Batrahalli,2025-12-03,350,50,90,Between 8 to 40 years,50, Field Bund,13.1807971,78.4503174,Entry 4,1050.0,0.0,1050.0
Karnataka_Kolar_Mulbagal_Alangur_Mannenahalli,fmihvbx8,No,Approved,Karnataka,Kolar,Mulbagal,Alangur,Mannenahalli,2025-12-03,300,50,90,Between 8 to 40 years,50, Field Bund,13.1708683,78.457232,Entry 4,900.0,0.0,900.0
Karnataka_Kolar_Mulbagal_Alangur_Matsanahalli,fmelgsg7,No,Approved,Karnataka,Kolar,Mulbagal,Alangur,Matsanahalli,2025-12-03,400,100,90,Below 8 years,50, Field Bund,13.1640224,78.469836,Entry 4,1200.0,0.0,1200.0
Karnataka_Kolar_Mulbagal_Alangur_Palurahalli,fmgj3tu2,No,Approved,Karnataka,Kolar,Mulbagal,Alangur,Palurahalli,2025-12-03,250,50,90,Between 8 to 40 years,50, Field Bund,13.1589267,78.4753269,Entry 4,750.0,0.0,750.0
Karnataka_Kolar_Mulbagal_Alangur_Tatikal,fmcjhkbj,No,Approved,Karnataka,Kolar,Mulbagal,Alangur,Tatikal,2025-12-03,500,100,90,Between 8 to 40 years,50, Field Bund,13.1993866,78.4719508,Entry 4,1500.0,0.0,1500.0
Karnataka_Kolar_Mulbagal_Alangur_Yachana_Kogileri,fmpc6tdp,No,Approved,Karnataka,Kolar,Mulbagal,Alangur,Yachana Kogileri,2025-12-03,300,50,90,Between 8 to 40 years,50, Field Bund,13.1863861,78.4769412,Entry 4,900.0,0.0,900.0
Karnataka_Kolar_Mulbagal_Alangur_Yachanahalli,fm36xfkp,No,Approved,Karnataka,Kolar,Mulbagal,Alangur,Yachanahalli,2025-12-03,400,100,90,Between 8 to 40 years,50, Field Bund,13.1914498,78.4796412,Entry 4,1200.0,0.0,1200.0
Karnataka_Kolar_Mulbagal_Amblikal_Amblikal,fmov3uwx,No,Approved,Karnataka,Kolar,Mulbagal,Amblikal,Amblikal,2025-12-04,450,100,90,Between 8 to 40 years,50, Field Bund,13.2199485,78.4567642,Entry 4,1350.0,0.0,1350.0
Karnataka_Kolar_Mulbagal_Amblikal_Balasandra,fmkjztlh,No,Approved,Karnataka,Kolar,Mulbagal,Amblikal,Balasandra,2025-11-21,400,100,90,Between 8 to 40 years,50, Field Bund,13.2136962,78.4299346,Entry 4,1200.0,0.0,1200.0
Karnataka_Kolar_Mulbagal_Amblikal_Bevahalli,fm7kgq4r,No,Approved,Karnataka,Kolar,Mulbagal,Amblikal,Bevahalli,2025-12-10,150,50,90,Between 8 to 40 years,50, Field Bund,13.1660682,78.3971642,Entry 1,450.0,0.0,450.0
Karnataka_Kolar_Mulbagal_Amblikal_Kunibande,fmn5s6nt,Yes,Audit Approved,Karnataka,Kolar,Mulbagal,Amblikal,Kunibande,2025-12-04,500,100,90,Between 8 to 40 years,50, Field Bund,13.2401611,78.4278736,Entry 4,1500.0,0.0,1500.0
Karnataka_Kolar_Mulbagal_Amblikal_Lakshmipuram,fmaefs27,No,Approved,Karnataka,Kolar,Mulbagal,Amblikal,Lakshmipuram,2025-12-04,650,200,90,Between 8 to 40 years,60, Field Bund,13.2376207,78.4285101,Entry 4,1950.0,0.0,1950.0
Karnataka_Kolar_Mulbagal_Amblikal_M_Ramapura,fmpss1bd,No,Approved,Karnataka,Kolar,Mulbagal,Amblikal,M Ramapura,2025-12-04,400,100,90,Between 8 to 40 years,50, Field Bund,13.215316,78.4393919,Entry 4,1200.0,0.0,1200.0
Karnataka_Kolar_Mulbagal_Amblikal_Maraheru,fm4e3t8r,Yes,Audit Approved,Karnataka,Kolar,Mulbagal,Amblikal,Maraheru,2025-12-04,500,100,90,Between 8 to 40 years,50, Field Bund,13.2150333,78.4483354,Entry 4,1500.0,0.0,1500.0
Karnataka_Kolar_Mulbagal_Amblikal_Marandahalli,fmjcviza,No,Approved,Karnataka,Kolar,Mulbagal,Amblikal,Marandahalli,2025-11-21,500,150,90,Between 8 to 40 years,50, Field Bund,13.2017115,78.4239973,Entry 4,1500.0,0.0,1500.0
Karnataka_Kolar_Mulbagal_Amblikal_Pujarihalli,fmlmmwrr,Yes,Audit Approved,Karnataka,Kolar,Mulbagal,Amblikal,Pujarihalli,2025-12-04,700,200,90,Between 8 to 40 years,50, Field Bund,13.2313598,78.4433608,Entry 4,2100.0,0.0,2100.0
Karnataka_Kolar_Mulbagal_Amblikal_Tathighattanadampalli,fm6tv5a4,Yes,Audit Approved,Karnataka,Kolar,Mulbagal,Amblikal,Tathighattanadampalli,2025-12-04,2000,600,90,Between 8 to 40 years,60,Block Plantation,13.2472143,78.4373806,Entry 4,6000.0,0.0,6000.0
Karnataka_Kolar_Mulbagal_Amblikal_Yaluvahalli,fmilg0dx,No,Approved,Karnataka,Kolar,Mulbagal,Amblikal,Yaluvahalli,2025-12-04,400,100,90,Between 8 to 40 years,90, Field Bund,13.2122729,78.4571573,Entry 4,1200.0,0.0,1200.0
Karnataka_Kolar_Mulbagal_Angondaballi_Gandhipura,fmo2g07y,No,Approved,Karnataka,Kolar,Mulbagal,Angondaballi,Gandhipura,2025-12-06,350,50,90,Between 8 to 40 years,50, Field Bund,13.0854003,78.3597015,Entry 4,1050.0,0.0,1050.0
Karnataka_Kolar_Mulbagal_Angondahalli_Kagganahalli,fmm5pzsq,No,Approved,Karnataka,Kolar,Mulbagal,Angondahalli,Kagganahalli,2025-12-06,450,100,90,Between 8 to 40 years,50, Field Bund,13.0943593,78.3658452,Entry 4,1350.0,0.0,1350.0
Karnataka_Kolar_Mulbagal_Avani_Avani,fm6nbeza,Yes,Audit Approved,Karnataka,Kolar,Mulbagal,Avani,Avani,2025-12-05,550,100,90,Between 8 to 40 years,50, Field Bund,13.1134516,78.3356566,Entry 4,1650.0,0.0,1650.0
Karnataka_Kolar_Mulbagal_Avani_Cholangunte,fmiw41jd,No,Approved,Karnataka,Kolar,Mulbagal,Avani,Cholangunte,2025-12-05,400,100,90,Between 8 to 40 years,50, Field Bund,13.1197381,78.336985,Entry 4,1200.0,0.0,1200.0
Karnataka_Kolar_Mulbagal_Avani_Kempapura,fmrst0n5,Yes,Audit Approved,Karnataka,Kolar,Mulbagal,Avani,Kempapura,2025-12-05,700,200,90,Between 8 to 40 years,50, Field Bund,13.1048571,78.3260128,Entry 4,2100.0,0.0,2100.0
Karnataka_Kolar_Mulbagal_Avani_Ramapura,fm6vyngn,No,Approved,Karnataka,Kolar,Mulbagal,Avani,Ramapura,2025-12-06,400,100,50,Between 8 to 40 years,60, Field Bund,13.105696,78.33539,Entry 4,1200.0,0.0,1200.0
Karnataka_Kolar_Mulbagal_Avani_Virupakshi,fm5nvdy6,No,Approved,Karnataka,Kolar,Mulbagal,Avani,Virupakshi,2025-12-05,350,50,90,Between 8 to 40 years,50, Field Bund,13.1519339,78.3765271,Entry 4,1050.0,0.0,1050.0
Karnataka_Kolar_Mulbagal_Balla_Doddamadenahalli,fm1iuhg8,No,Approved,Karnataka,Kolar,Mulbagal,Balla,Doddamadenahalli,2025-12-10,400,100,90,Between 8 to 40 years,50, Field Bund,13.1659629,78.3973078,Entry 1,1200.0,0.0,1200.0
Karnataka_Kolar_Mulbagal_Balla_Ganjigunte,fmzmyht6,Yes,Audit Approved,Karnataka,Kolar,Mulbagal,Balla,Ganjigunte,2025-12-05,500,100,90,Between 8 to 40 years,60,Avenue,13.1207605,78.3457276,Entry 4,1500.0,0.0,1500.0
Karnataka_Kolar_Mulbagal_Balla_Kasipura,fmuxqvz5,No,Approved,Karnataka,Kolar,Mulbagal,Balla,Kasipura,2025-12-06,400,100,90,Between 8 to 40 years,50, Field Bund,13.1129167,78.3622365,Entry 4,1200.0,0.0,1200.0
Karnataka_Kolar_Mulbagal_Balla_Mallakachanahalli,fmnhlh6e,No,Approved,Karnataka,Kolar,Mulbagal,Balla,Mallakachanahalli,2025-12-10,400,100,90,Between 8 to 40 years,50,Avenue,13.1136073,78.4048952,Entry 4,1200.0,0.0,1200.0
Karnataka_Kolar_Mulbagal_Balla_S.I.Ananthapura,fmwltdq4,Yes,Audit Approved,Karnataka,Kolar,Mulbagal,Balla,S.I.Ananthapura,2025-12-05,550,150,90,Between 8 to 40 years,50,Avenue,13.1309946,78.3551254,Entry 4,1650.0,0.0,1650.0
Karnataka_Kolar_Mulbagal_Balla_Settibanakanahalli,fmlfzsr7,No,Approved,Karnataka,Kolar,Mulbagal,Balla,Settibanakanahalli,2025-12-10,350,50,90,Between 8 to 40 years,50, Field Bund,13.1658292,78.3972837,Entry 1,1050.0,0.0,1050.0
Karnataka_Kolar_Mulbagal_Balla_Thoradi,fmriodg3,No,Approved,Karnataka,Kolar,Mulbagal,Balla,Thoradi,2025-12-10,400,100,90,Between 8 to 40 years,50, Field Bund,13.1303468,78.3910824,Entry 4,1200.0,0.0,1200.0
Karnataka_Kolar_Mulbagal_Balla_Vijalapura,fmgn4zl2,Yes,Audit Approved,Karnataka,Kolar,Mulbagal,Balla,Vijalapura,2025-12-05,1000,400,90,Between 8 to 40 years,60,Block Plantation,13.1286712,78.3513832,Entry 4,3000.0,0.0,3000.0
Karnataka_Kolar_Mulbagal_Devarayasamudra_Doddahonasettihalli,fm9iz325,Yes,Audit Approved,Karnataka,Kolar,Mulbagal,Devarayasamudra,Doddahonasettihalli,2025-12-05,550,100,90,Between 8 to 40 years,50, Field Bund,13.1069579,78.299566,Entry 4,1650.0,0.0,1650.0
Karnataka_Kolar_Mulbagal_Devarayasamudra_Ramanathapura,fmw8bjex,Yes,Audit Approved,Karnataka,Kolar,Mulbagal,Devarayasamudra,Ramanathapura,2025-12-05,650,200,90,Between 8 to 40 years,50, Field Bund,13.1045852,78.310137,Entry 4,1950.0,0.0,1950.0
Karnataka_Kolar_Mulbagal_Devarayasamudra_Yalagondahalli,fm1ksj8x,No,Approved,Karnataka,Kolar,Mulbagal,Devarayasamudra,Yalagondahalli,2025-12-10,300,50,90,Between 8 to 40 years,50, Field Bund,13.1660772,78.3973029,Entry 1,900.0,0.0,900.0
Karnataka_Kolar_Mulbagal_Dyawarasandra_V_Gangapura,fm0csqcm,Yes,Audit Approved,Karnataka,Kolar,Mulbagal,Dyawarasandra,V Gangapura,2025-12-05,1200,400,90,Between 8 to 40 years,50, Field Bund,13.1401135,78.3640154,Entry 4,3600.0,0.0,3600.0
Karnataka_Kolar_Mulbagal_Emmenatha_Emmenatha,fms2ctx5,No,Approved,Karnataka,Kolar,Mulbagal,Emmenatha,Emmenatha,2025-12-10,500,150,90,Between 8 to 40 years,60, Field Bund,13.0909795,78.4210373,Entry 4,1500.0,0.0,1500.0
Karnataka_Kolar_Mulbagal_Emmenatha_Gottikunte,fmbw9z8z,No,Approved,Karnataka,Kolar,Mulbagal,Emmenatha,Gottikunte,2025-12-10,150,50,90,Between 8 to 40 years,50, Field Bund,13.1019941,78.4265553,Entry 4,450.0,0.0,450.0
Karnataka_Kolar_Mulbagal_Emmenatha_Ramarayanakote,fmk96le2,No,Approved,Karnataka,Kolar,Mulbagal,Emmenatha,Ramarayanakote,2025-12-10,250,50,90,Between 8 to 40 years,50, Field Bund,13.0976884,78.4253858,Entry 4,750.0,0.0,750.0
Karnataka_Kolar_Mulbagal_H.Gollahalli_Gollahalli,fm3bzuhu,Yes,Audit Approved,Karnataka,Kolar,Mulbagal,H.Gollahalli,Gollahalli,2025-12-04,750,250,90,Between 8 to 40 years,60, Field Bund,13.2435718,78.442567,Entry 4,2250.0,0.0,2250.0
Karnataka_Kolar_Mulbagal_H.Gollahalli_Harapanayakanahalli,fmd547tw,No,Approved,Karnataka,Kolar,Mulbagal,H.Gollahalli,Harapanayakanahalli,2025-11-21,300,50,90,Between 8 to 40 years,50, Field Bund,13.2533385,78.3888671,Entry 4,900.0,0.0,900.0
Karnataka_Kolar_Mulbagal_H.Gollahalli_Kalikere,fmg4b9me,Yes,Audit Approved,Karnataka,Kolar,Mulbagal,H.Gollahalli,Kalikere,2025-12-04,700,200,90,Between 8 to 40 years,50, Field Bund,13.2419665,78.4109727,Entry 4,2100.0,0.0,2100.0
Karnataka_Kolar_Mulbagal_H.Gollahalli_Sangasandra,fm2mz034,No,Approved,Karnataka,Kolar,Mulbagal,H.Gollahalli,Sangasandra,2025-11-21,850,300,90,Between 8 to 40 years,50,Block Plantation,13.2214528,78.4189514,Entry 4,2550.0,0.0,2550.0
Karnataka_Kolar_Mulbagal_H.Gollahalli_Vommasandra,fmyrza0c,No,Approved,Karnataka,Kolar,Mulbagal,H.Gollahalli,Vommasandra,2025-11-21,450,100,90,Between 8 to 40 years,60, Field Bund,13.2205033,78.3979542,Entry 4,1350.0,0.0,1350.0
Karnataka_Kolar_Mulbagal_Hanumanahalli_Bandarahalli,fmgv7h2f,No,Approved,Karnataka,Kolar,Mulbagal,Hanumanahalli,Bandarahalli,2025-11-19,350,100,90,Between 8 to 40 years,50, Field Bund,13.179325,78.2776259,Entry 4,1050.0,0.0,1050.0
Karnataka_Kolar_Mulbagal_Hanumanahalli_K_Settihalli,fmhul3b3,No,Approved,Karnataka,Kolar,Mulbagal,Hanumanahalli,K Settihalli,2025-11-19,250,50,80,Between 8 to 40 years,50, Field Bund,13.1866848,78.2790216,Entry 4,750.0,0.0,750.0
Karnataka_Kolar_Mulbagal_Hanumanahalli_Majara_Agrahara,fmg5eps3,No,Approved,Karnataka,Kolar,Mulbagal,Hanumanahalli,Majara Agrahara,2025-11-19,250,50,90,Between 8 to 40 years,50, Field Bund,13.1725809,78.2728961,Entry 4,750.0,0.0,750.0
Karnataka_Kolar_Mulbagal_Hanumanahalli_Nalluru,fmsj4g2z,Yes,Audit Approved,Karnataka,Kolar,Mulbagal,Hanumanahalli,Nalluru,2025-11-19,750,250,90,Between 8 to 40 years,60, Field Bund,13.1529234,78.2668542,Entry 4,2250.0,0.0,2250.0
Karnataka_Kolar_Mulbagal_Hebbani_Ubbandlahalli,fm4lp0tq,No,Approved,Karnataka,Kolar,Mulbagal,Hebbani,Ubbandlahalli,2025-12-03,400,100,90,Between 8 to 40 years,50,Riverbank,13.1819404,78.4748075,Entry 4,1200.0,0.0,1200.0
Karnataka_Kolar_Mulbagal_Kappalamadugu_Anehalli,fm711zfv,No,Approved,Karnataka,Kolar,Mulbagal,Kappalamadugu,Anehalli,2025-11-21,400,100,90,Between 8 to 40 years,50, Field Bund,13.2027944,78.4253403,Entry 4,1200.0,0.0,1200.0
Karnataka_Kolar_Mulbagal_Kappalamadugu_Kappalamadagu,fm0bgj2q,No,Approved,Karnataka,Kolar,Mulbagal,Kappalamadugu,Kappalamadagu,2025-12-03,800,200,90,Between 8 to 40 years,60, Field Bund,13.186414,78.443772,Entry 4,2400.0,0.0,2400.0
Karnataka_Kolar_Mulbagal_Kappalamadugu_Mulbagal_Rural,fm1744ou,Yes,Audit Approved,Karnataka,Kolar,Mulbagal,Kappalamadugu,Mulbagal Rural,2025-12-04,1000,400,90,Between 8 to 40 years,50, Field Bund,13.2486162,78.4325633,Entry 4,3000.0,0.0,3000.0
Karnataka_Kolar_Mulbagal_Kappalamadugu_N.Vaddahalli,fmjvsnbr,No,Approved,Karnataka,Kolar,Mulbagal,Kappalamadugu,N.Vaddahalli,2025-12-03,350,50,90,Between 8 to 40 years,60, Field Bund,13.1970038,78.4538892,Entry 4,1050.0,0.0,1050.0
Karnataka_Kolar_Mulbagal_Kappalamadugu_Padmaghatta,fmk6y7b6,No,Approved,Karnataka,Kolar,Mulbagal,Kappalamadugu,Padmaghatta,2025-12-03,500,100,90,Between 8 to 40 years,50, Field Bund,13.1930054,78.4639183,Entry 4,1500.0,0.0,1500.0
Karnataka_Kolar_Mulbagal_Kappalamadugu_Srirangapura,fm085r8f,No,Approved,Karnataka,Kolar,Mulbagal,Kappalamadugu,Srirangapura,2025-12-03,300,50,90,Below 8 years,50,Avenue,13.1948955,78.4461836,Entry 4,900.0,0.0,900.0
Karnataka_Kolar_Mulbagal_Kurudamale_Chalumanayakanahalli,fm7e34vk,No,Approved,Karnataka,Kolar,Mulbagal,Kurudamale,Chalumanayakanahalli,2025-11-20,350,50,90,Between 8 to 40 years,50, Field Bund,13.1822668,78.3942821,Entry 4,1050.0,0.0,1050.0
Karnataka_Kolar_Mulbagal_Kurudamale_Jangama_Kannasandra,fmnfqujz,No,Approved,Karnataka,Kolar,Mulbagal,Kurudamale,Jangama Kannasandra,2025-11-20,400,100,90,Between 8 to 40 years,50, Field Bund,13.2139466,78.3550402,Entry 4,1200.0,0.0,1200.0
Karnataka_Kolar_Mulbagal_Kurudamale_Kurudamale,fmpno1lt,Yes,Audit Approved,Karnataka,Kolar,Mulbagal,Kurudamale,Kurudamale,2025-11-20,1000,400,90,Between 8 to 40 years,50, Field Bund,13.2173954,78.3848539,Entry 4,3000.0,0.0,3000.0
Karnataka_Kolar_Mulbagal_Kurudamale_Lingapura,fmkf4j21,Yes,Audit Approved,Karnataka,Kolar,Mulbagal,Kurudamale,Lingapura,2025-11-20,2000,500,90,Between 8 to 40 years,50, Field Bund,13.1756155,78.3671485,Entry 4,6000.0,0.0,6000.0
Karnataka_Kolar_Mulbagal_Kurudamale_Madaghatta,fmq5idw4,Yes,Audit Approved,Karnataka,Kolar,Mulbagal,Kurudamale,Madaghatta,2025-11-20,1600,400,90,Between 8 to 40 years,60,Block Plantation,13.2093087,78.3884261,Entry 4,4800.0,0.0,4800.0
Karnataka_Kolar_Mulbagal_Kurudamale_Siddaghatta,fmaooecv,No,Approved,Karnataka,Kolar,Mulbagal,Kurudamale,Siddaghatta,2025-11-20,450,100,90,Between 8 to 40 years,60, Field Bund,13.1965828,78.3945908,Entry 4,1350.0,0.0,1350.0
Karnataka_Kolar_Mulbagal_Mudigere_Seegehalli,fm8qiba7,Yes,Audit Approved,Karnataka,Kolar,Mulbagal,Mudigere,Seegehalli,2025-12-03,650,200,90,Between 8 to 40 years,50,Avenue,13.1798946,78.4160466,Entry 4,1950.0,0.0,1950.0
Karnataka_Kolar_Mulbagal_Mudigere_Venkatapura,fmmf9f6z,No,Approved,Karnataka,Kolar,Mulbagal,Mudigere,Venkatapura,2025-12-03,450,100,90,Between 8 to 40 years,50, Field Bund,13.1942999,78.4482629,Entry 4,1350.0,0.0,1350.0
Karnataka_Kolar_Mulbagal_Mudiyanur_Arahalli,fmjg15d3,No,Approved,Karnataka,Kolar,Mulbagal,Mudiyanur,Arahalli,2025-11-20,100,30,90,Between 8 to 40 years,50, Field Bund,13.2233884,78.3517234,Entry 4,300.0,0.0,300.0
Karnataka_Kolar_Mulbagal_Mudiyanur_Balasettihalli,fmk9w4pr,No,Approved,Karnataka,Kolar,Mulbagal,Mudiyanur,Balasettihalli,2025-11-20,150,50,90,Between 8 to 40 years,50, Field Bund,13.2202037,78.3258195,Entry 4,450.0,0.0,450.0
Karnataka_Kolar_Mulbagal_Mudiyanur_Bestarahalli,fmgo4voz,No,Approved,Karnataka,Kolar,Mulbagal,Mudiyanur,Bestarahalli,2025-11-20,200,50,90,Between 8 to 40 years,50, Field Bund,13.2141948,78.3247495,Entry 4,600.0,0.0,600.0
Karnataka_Kolar_Mulbagal_Mudiyanur_Chakathimmanahalli,fms9btgc,No,Approved,Karnataka,Kolar,Mulbagal,Mudiyanur,Chakathimmanahalli,2025-11-20,100,30,90,Below 8 years,50, Field Bund,13.2212631,78.3297108,Entry 4,300.0,0.0,300.0
Karnataka_Kolar_Mulbagal_Mudiyanur_Chikkanahalli,fm5lsyse,No,Approved,Karnataka,Kolar,Mulbagal,Mudiyanur,Chikkanahalli,2025-11-20,250,50,90,Between 8 to 40 years,50, Field Bund,13.2197616,78.3326474,Entry 4,750.0,0.0,750.0
Karnataka_Kolar_Mulbagal_Mudiyanur_Gopalapura,fm876pw8,No,Approved,Karnataka,Kolar,Mulbagal,Mudiyanur,Gopalapura,2025-12-10,550,150,90,Between 8 to 40 years,50, Field Bund,13.165944,78.3971904,Entry 1,1650.0,0.0,1650.0
Karnataka_Kolar_Mulbagal_Mudiyanur_Gujjamarandahalli,fmxmmm2y,No,Approved,Karnataka,Kolar,Mulbagal,Mudiyanur,Gujjamarandahalli,2025-11-20,250,50,90,Between 8 to 40 years,50, Field Bund,13.2218413,78.3441612,Entry 4,750.0,0.0,750.0
Karnataka_Kolar_Mulbagal_Mudiyanur_Kuthandahalli,fmgjj6oh,No,Approved,Karnataka,Kolar,Mulbagal,Mudiyanur,Kuthandahalli,2025-12-10,300,50,90,Between 8 to 40 years,50, Field Bund,13.1659703,78.3972596,Entry 1,900.0,0.0,900.0
Karnataka_Kolar_Mulbagal_Mudiyanur_Majara_krishnapura,fmjpnv43,No,Approved,Karnataka,Kolar,Mulbagal,Mudiyanur,Majara krishnapura,2025-12-10,300,50,90,Between 8 to 40 years,50, Field Bund,13.1659895,78.3972915,Entry 1,900.0,0.0,900.0
Karnataka_Kolar_Mulbagal_Mudiyanur_Narayanapura,fmukdn4a,No,Approved,Karnataka,Kolar,Mulbagal,Mudiyanur,Narayanapura,2025-11-20,900,300,90,Between 8 to 40 years,60,Avenue,13.2100782,78.3624631,Entry 4,2700.0,0.0,2700.0
Karnataka_Kolar_Mulbagal_Mudiyanur_Rachabandahalli,fmvkfr2w,No,Approved,Karnataka,Kolar,Mulbagal,Mudiyanur,Rachabandahalli,2025-11-20,350,50,90,Between 8 to 40 years,50, Field Bund,13.1951959,78.3504321,Entry 4,1050.0,0.0,1050.0
Karnataka_Kolar_Mulbagal_Oorukunte_Mittur_Oorukunte_/_Urakunte,fmqjsiug,No,Approved,Karnataka,Kolar,Mulbagal,Oorukunte Mittur,Oorukunte / Urakunte,2025-12-06,300,50,90,Between 8 to 40 years,50, Field Bund,13.0847208,78.3335375,Entry 4,900.0,0.0,900.0
Karnataka_Kolar_Mulbagal_Pichaguntlahalli_Challapally,fm1k9itz,No,Approved,Karnataka,Kolar,Mulbagal,Pichaguntlahalli,Challapally,2025-12-03,350,50,90,Between 8 to 40 years,50, Field Bund,13.1549644,78.4697584,Entry 4,1050.0,0.0,1050.0
Karnataka_Kolar_Mulbagal_Pichaguntlahalli_Chamareddihalli,fm47p4kk,No,Approved,Karnataka,Kolar,Mulbagal,Pichaguntlahalli,Chamareddihalli,2025-12-03,350,50,90,Between 8 to 40 years,50, Field Bund,13.1502865,78.4348997,Entry 4,1050.0,0.0,1050.0
Karnataka_Kolar_Mulbagal_Pichaguntlahalli_Chapurahalli,fmknyb89,No,Approved,Karnataka,Kolar,Mulbagal,Pichaguntlahalli,Chapurahalli,2025-12-03,500,100,90,Between 8 to 40 years,50, Field Bund,13.1380061,78.4737735,Entry 4,1500.0,0.0,1500.0
Karnataka_Kolar_Mulbagal_Pichaguntlahalli_Doddabandahalli,fmwzfqwp,No,Approved,Karnataka,Kolar,Mulbagal,Pichaguntlahalli,Doddabandahalli,2025-12-03,300,50,90,Between 8 to 40 years,50, Field Bund,13.1572809,78.426485,Entry 4,900.0,0.0,900.0
Karnataka_Kolar_Mulbagal_Pichaguntlahalli_Doddathammanahalli,fmgtu1le,No,Approved,Karnataka,Kolar,Mulbagal,Pichaguntlahalli,Doddathammanahalli,2025-12-03,250,50,90,Between 8 to 40 years,50, Field Bund,13.1497525,78.470348,Entry 4,750.0,0.0,750.0
Karnataka_Kolar_Mulbagal_Pichaguntlahalli_Kasavireddihalli,fmh35z66,No,Approved,Karnataka,Kolar,Mulbagal,Pichaguntlahalli,Kasavireddihalli,2025-12-03,350,50,90,Between 8 to 40 years,50, Field Bund,13.1500111,78.4418334,Entry 4,1050.0,0.0,1050.0
Karnataka_Kolar_Mulbagal_Pichaguntlahalli_Narasipurdinne,fm5eiqy2,No,Approved,Karnataka,Kolar,Mulbagal,Pichaguntlahalli,Narasipurdinne,2025-12-03,400,100,90,Between 8 to 40 years,50, Field Bund,13.1595198,78.4100447,Entry 4,1200.0,0.0,1200.0
Karnataka_Kolar_Mulbagal_Pitchalaguntlahalli_P_Venkatapura,fm95cd51,No,Approved,Karnataka,Kolar,Mulbagal,Pitchalaguntlahalli,P Venkatapura,2025-12-03,300,50,90,Between 8 to 40 years,50, Field Bund,13.1478542,78.4314657,Entry 4,900.0,0.0,900.0
Karnataka_Kolar_Mulbagal_Sonnavadi_Chikkabandahalli,fmyk3gyi,No,Approved,Karnataka,Kolar,Mulbagal,Sonnavadi,Chikkabandahalli,2025-12-03,500,100,90,Between 8 to 40 years,50, Field Bund,13.174193,78.4362827,Entry 4,1500.0,0.0,1500.0
Karnataka_Kolar_Mulbagal_Sonnavadi_Gumlapura,fmq9wndc,No,Approved,Karnataka,Kolar,Mulbagal,Sonnavadi,Gumlapura,2025-12-10,250,50,90,Between 8 to 40 years,50, Field Bund,13.1265632,78.4224197,Entry 4,750.0,0.0,750.0
Karnataka_Kolar_Mulbagal_Sonnavadi_Kadripura,fm5ex3j2,Yes,Audit Approved,Karnataka,Kolar,Mulbagal,Sonnavadi,Kadripura,2025-11-20,1200,400,90,Between 8 to 40 years,50, Field Bund,13.1653131,78.3727707,Entry 4,3600.0,0.0,3600.0
Karnataka_Kolar_Mulbagal_Sonnavadi_Kavathanahalli,fmn4kh3n,No,Approved,Karnataka,Kolar,Mulbagal,Sonnavadi,Kavathanahalli,2025-12-10,250,50,90,Between 8 to 40 years,60, Field Bund,13.140819,78.4103078,Entry 4,750.0,0.0,750.0
Karnataka_Kolar_Mulbagal_Sonnavadi_Keelagani,fm0xa37v,No,Approved,Karnataka,Kolar,Mulbagal,Sonnavadi,Keelagani,2025-12-10,250,50,90,Between 8 to 40 years,50, Field Bund,13.1672743,78.3947098,Entry 1,750.0,0.0,750.0
Karnataka_Kolar_Mulbagal_Sonnavadi_Sangondahalli,fmnzgytc,No,Approved,Karnataka,Kolar,Mulbagal,Sonnavadi,Sangondahalli,2025-12-10,200,50,80,Between 8 to 40 years,50, Field Bund,13.1158255,78.4276419,Entry 4,600.0,0.0,600.0
Karnataka_Kolar_Mulbagal_Sonnavadi_Sonnavadi,fmz3e8wq,No,Approved,Karnataka,Kolar,Mulbagal,Sonnavadi,Sonnavadi,2025-12-10,100,20,80,Between 8 to 40 years,50, Field Bund,13.1514538,78.4036784,Entry 1,300.0,0.0,300.0
Karnataka_Kolar_Mulbagal_Thimmaravuthanahalli_Hosahalli,fm0mh5w8,No,Approved,Karnataka,Kolar,Mulbagal,Thimmaravuthanahalli,Hosahalli,2025-11-21,250,50,80,Between 8 to 40 years,50, Field Bund,13.1977359,78.4052088,Entry 4,750.0,0.0,750.0
Karnataka_Kolar_Mulbagal_Thimmaravuthanahalli_Kothuru,fmt97a67,No,Approved,Karnataka,Kolar,Mulbagal,Thimmaravuthanahalli,Kothuru,2025-12-04,350,50,90,Between 8 to 40 years,50, Field Bund,13.2139401,78.4446638,Entry 4,1050.0,0.0,1050.0
Karnataka_Kolar_Mulbagal_Urukuntemittur_Bandahalli,fmj32pf2,No,Approved,Karnataka,Kolar,Mulbagal,Urukuntemittur,Bandahalli,2025-12-06,400,100,90,Between 8 to 40 years,50, Field Bund,13.0805563,78.3538601,Entry 4,1200.0,0.0,1200.0
Karnataka_Kolar_Mulbagal_Urukuntemittur_Chitheri,fmuy0npf,No,Approved,Karnataka,Kolar,Mulbagal,Urukuntemittur,Chitheri,2025-12-06,450,100,90,Between 8 to 40 years,60, Field Bund,13.0969614,78.3354561,Entry 4,1350.0,0.0,1350.0
Karnataka_Kolar_Mulbagal_Urukuntemittur_Oorakuntemittur,fmiz2ilz,No,Approved,Karnataka,Kolar,Mulbagal,Urukuntemittur,Oorakuntemittur,2025-12-06,300,50,90,Between 8 to 40 years,50, Field Bund,13.0768454,78.3352578,Entry 4,900.0,0.0,900.0
Karnataka_Kolar_Mulbagal_Urukuntemittur_Pichaguntlahalli,fmjl5v6m,No,Approved,Karnataka,Kolar,Mulbagal,Urukuntemittur,Pichaguntlahalli,2025-12-03,250,50,90,Between 8 to 40 years,50, Field Bund,13.1500209,78.4484907,Entry 4,750.0,0.0,750.0
Karnataka_Kolar_Mulbagal_Urukuntemittur_Veerasettihalli,fmoeckzc,No,Approved,Karnataka,Kolar,Mulbagal,Urukuntemittur,Veerasettihalli,2025-12-06,2000,500,90,Between 8 to 40 years,50,Block Plantation,13.0704567,78.3450278,Entry 4,6000.0,0.0,6000.0
Karnataka_Kolar_Mulbagal_Uthanur_/_Uttanur_Hanumanthapura,fmx3k2k2,No,Approved,Karnataka,Kolar,Mulbagal,Uthanur / Uttanur,Hanumanthapura,2025-11-19,200,50,80,Between 8 to 40 years,50, Field Bund,13.1863983,78.3223316,Entry 4,600.0,0.0,600.0
Karnataka_Kolar_Mulbagal_Uthanur_Maralamedu,fmuri4uw,No,Approved,Karnataka,Kolar,Mulbagal,Uthanur,Maralamedu,2025-11-19,300,50,90,Between 8 to 40 years,50, Field Bund,13.1922655,78.2867908,Entry 4,900.0,0.0,900.0
Karnataka_Kolar_Mulbagal_Uttanur_Alaganahalli,fmixsy5f,No,Approved,Karnataka,Kolar,Mulbagal,Uttanur,Alaganahalli,2025-11-19,250,50,90,Between 8 to 40 years,50, Field Bund,13.1931007,78.2998724,Entry 4,750.0,0.0,750.0
Karnataka_Kolar_Mulbagal_Uttanur_Banahalli,fm18d1xo,No,Approved,Karnataka,Kolar,Mulbagal,Uttanur,Banahalli,2025-11-19,450,100,90,Between 8 to 40 years,60, Field Bund,13.1814628,78.3205455,Entry 4,1350.0,0.0,1350.0
Karnataka_Kolar_Mulbagal_Uttanur_Doddagurki,fmi6acop,No,Approved,Karnataka,Kolar,Mulbagal,Uttanur,Doddagurki,2025-12-10,500,100,90,Between 8 to 40 years,50, Field Bund,13.1659385,78.3972042,Entry 1,1500.0,0.0,1500.0
Karnataka_Kolar_Mulbagal_Uttanur_K.G.Lakshmisagara,fmj2xter,No,Approved,Karnataka,Kolar,Mulbagal,Uttanur,K.G.Lakshmisagara,2025-12-10,200,50,80,Between 8 to 40 years,50, Field Bund,13.1660182,78.3973191,Entry 1,600.0,0.0,600.0
Karnataka_Kolar_Mulbagal_Uttanur_Yanadigollahalli,fmigg3po,No,Approved,Karnataka,Kolar,Mulbagal,Uttanur,Yanadigollahalli,2025-12-10,550,200,90,Between 8 to 40 years,50, Field Bund,13.16605,78.3973199,Entry 1,1650.0,0.0,1650.0
Karnataka_Kolar_Mulbagal_Uttanuru_/_Uthanur_Mallasandra,fmz3wxzz,No,Approved,Karnataka,Kolar,Mulbagal,Uttanuru / Uthanur,Mallasandra,2025-12-10,600,200,90,Between 8 to 40 years,60, Field Bund,13.1659109,78.3971558,Entry 1,1800.0,0.0,1800.0
Karnataka_Kolar_Srinivaspur_Arikunte_Arikunte,fm7j6ldc,No,Approved,Karnataka,Kolar,Srinivaspur,Arikunte,Arikunte,2025-10-18,200,50,80,Between 8 to 40 years,40, Field Bund,13.5862367,77.4362578,Entry 1,600.0,0.0,600.0
Karnataka_Kolar_Srinivaspur_Arikunte_Byapalli,fmgl1v26,No,Approved,Karnataka,Kolar,Srinivaspur,Arikunte,Byapalli,2025-10-07,100,30,80,Between 8 to 40 years,40, Field Bund,13.3746106,78.214152,Entry 4,300.0,0.0,300.0
Karnataka_Kolar_Srinivaspur_Arikunte_Doddamaladoddi,fmj6kptb,No,Approved,Karnataka,Kolar,Srinivaspur,Arikunte,Doddamaladoddi,2025-10-18,50,20,90,Below 8 years,40, Field Bund,13.5854025,77.4366704,Entry 1,150.0,0.0,150.0
Karnataka_Kolar_Srinivaspur_Arikunte_Kambalapalli,fmf1e4y6,No,Approved,Karnataka,Kolar,Srinivaspur,Arikunte,Kambalapalli,2025-10-07,350,100,90,Between 8 to 40 years,50, Field Bund,13.3844038,78.2136138,Entry 4,1050.0,0.0,1050.0
Karnataka_Kolar_Srinivaspur_Arikunte_Kothur,fmwmhhm3,No,Approved,Karnataka,Kolar,Srinivaspur,Arikunte,Kothur,2025-10-07,700,200,90,Between 8 to 40 years,50, Field Bund,13.3743363,78.2061086,Entry 4,2100.0,0.0,2100.0
Karnataka_Kolar_Srinivaspur_Arikunte_Kummakunte,fms34155,No,Approved,Karnataka,Kolar,Srinivaspur,Arikunte,Kummakunte,2025-10-07,200,50,80,Between 8 to 40 years,60, Field Bund,13.3630554,78.207053,Entry 4,600.0,0.0,600.0
Karnataka_Kolar_Srinivaspur_Arikunte_Maniganahalli,fm0ldecl,No,Approved,Karnataka,Kolar,Srinivaspur,Arikunte,Maniganahalli,2025-10-18,150,50,80,Between 8 to 40 years,40, Field Bund,13.5863228,77.4362352,Entry 1,450.0,0.0,450.0
Karnataka_Kolar_Srinivaspur_Arikunte_Nagadenahalli,fmv2ivgv,No,Approved,Karnataka,Kolar,Srinivaspur,Arikunte,Nagadenahalli,2025-10-08,250,50,90,Between 8 to 40 years,60, Field Bund,13.3613631,78.2273017,Entry 4,750.0,0.0,750.0
Karnataka_Kolar_Srinivaspur_Arikunte_Nilaturu,fm1b1b4j,No,Approved,Karnataka,Kolar,Srinivaspur,Arikunte,Nilaturu,2025-10-08,150,50,80,Between 8 to 40 years,50, Field Bund,13.3823376,78.2248864,Entry 4,450.0,0.0,450.0
Karnataka_Kolar_Srinivaspur_Arikunte_Vaddara_colony_/_Sigalahalli,fmr7rs13,No,Approved,Karnataka,Kolar,Srinivaspur,Arikunte,Vaddara colony / Sigalahalli,2025-10-18,200,50,80,Between 8 to 40 years,40, Field Bund,13.5862126,77.4362495,Entry 1,600.0,0.0,600.0
Karnataka_Kolar_Srinivaspur_Arikunte_Yanamarahalli,fmn532pj,No,Approved,Karnataka,Kolar,Srinivaspur,Arikunte,Yanamarahalli,2025-10-07,300,100,90,Between 8 to 40 years,60, Field Bund,13.364419,78.218969,Entry 4,900.0,0.0,900.0
Karnataka_Kolar_Srinivaspur_Chaldiganahalli_Ganganahalli,fm9qkx7q,No,Approved,Karnataka,Kolar,Srinivaspur,Chaldiganahalli,Ganganahalli,2025-10-07,350,100,90,Below 8 years,50, Field Bund,13.3225324,78.1764441,Entry 4,1050.0,0.0,1050.0
Karnataka_Kolar_Srinivaspur_Chaldiganahalli_Ketheganahalli,fmy3rp4f,No,Approved,Karnataka,Kolar,Srinivaspur,Chaldiganahalli,Ketheganahalli,2025-10-18,200,50,90,Below 8 years,40, Field Bund,13.3150143,78.2291445,Entry 4,600.0,0.0,600.0
Karnataka_Kolar_Srinivaspur_Chaldiganahalli_Mogilahalli,fmhfr88y,No,Approved,Karnataka,Kolar,Srinivaspur,Chaldiganahalli,Mogilahalli,2025-10-06,500,150,90,Between 8 to 40 years,60, Field Bund,13.320285,78.174633,Entry 4,1500.0,0.0,1500.0
Karnataka_Kolar_Srinivaspur_Chaldiganahalli_Palya,fmi9e789,No,Approved,Karnataka,Kolar,Srinivaspur,Chaldiganahalli,Palya,2025-10-18,200,50,80,Between 8 to 40 years,40, Field Bund,13.5860501,77.4364029,Entry 1,600.0,0.0,600.0
Karnataka_Kolar_Srinivaspur_Chaldiganahalli_Panasamakalapalli,fm2qgi5z,No,Approved,Karnataka,Kolar,Srinivaspur,Chaldiganahalli,Panasamakalapalli,2025-10-07,450,100,90,Between 8 to 40 years,60,Avenue,13.3141442,78.1982804,Entry 4,1350.0,0.0,1350.0
Karnataka_Kolar_Srinivaspur_Chaldiganahalli_Sathandahalli,fmciiyhm,No,Approved,Karnataka,Kolar,Srinivaspur,Chaldiganahalli,Sathandahalli,2025-10-01,100,20,80,Between 8 to 40 years,40, Field Bund,13.3257743,78.1679779,Entry 4,300.0,0.0,300.0
Karnataka_Kolar_Srinivaspur_Chaldiganahalli_Shivapura,fm8ccdv3,No,Approved,Karnataka,Kolar,Srinivaspur,Chaldiganahalli,Shivapura,2025-10-07,300,100,80,Between 8 to 40 years,60, Field Bund,13.3198216,78.1821238,Entry 4,900.0,0.0,900.0
Karnataka_Kolar_Srinivaspur_Chaldiganahalli_Unikili,fmq9nnw4,No,Approved,Karnataka,Kolar,Srinivaspur,Chaldiganahalli,Unikili,2025-10-07,300,50,80,Between 8 to 40 years,40, Field Bund,13.3305696,78.1915689,Entry 4,900.0,0.0,900.0
Karnataka_Kolar_Srinivaspur_Dalasanur_Dalasanur,fm67yytr,No,Approved,Karnataka,Kolar,Srinivaspur,Dalasanur,Dalasanur,2025-10-04,200,50,80,Between 8 to 40 years,60, Field Bund,13.2802002,78.1684481,Entry 4,600.0,0.0,600.0
Karnataka_Kolar_Srinivaspur_Dalasanur_Koneti_Thimmanahalli,fmomfkdp,No,Approved,Karnataka,Kolar,Srinivaspur,Dalasanur,Koneti Thimmanahalli,2025-10-04,150,50,80,Between 8 to 40 years,50, Field Bund,13.2807788,78.1622862,Entry 4,450.0,0.0,450.0
Karnataka_Kolar_Srinivaspur_Dalasanur_Kuppahalli,fmaalqfb,No,Approved,Karnataka,Kolar,Srinivaspur,Dalasanur,Kuppahalli,2025-10-04,150,50,90,Between 8 to 40 years,40, Field Bund,13.2874459,78.1464286,Entry 4,450.0,0.0,450.0
Karnataka_Kolar_Srinivaspur_Hodali_Chokkanapalli,fmdmcn5x,Yes,Audit Approved,Karnataka,Kolar,Srinivaspur,Hodali,Chokkanapalli,2025-10-12,500,100,80,Between 8 to 40 years,50, Field Bund,13.3592519,78.2717039,Entry 4,1500.0,0.0,1500.0
Karnataka_Kolar_Srinivaspur_Hodali_Dasara_Thimmanahalli,fm71tejo,No,Approved,Karnataka,Kolar,Srinivaspur,Hodali,Dasara Thimmanahalli,2025-10-12,100,20,80,Between 8 to 40 years,40, Field Bund,13.372696,78.2910215,Entry 4,300.0,0.0,300.0
Karnataka_Kolar_Srinivaspur_Hodali_Devalapalli,fm58iskf,No,Approved,Karnataka,Kolar,Srinivaspur,Hodali,Devalapalli,2025-10-12,150,50,80,Between 8 to 40 years,50, Field Bund,13.3718513,78.2721291,Entry 4,450.0,0.0,450.0
Karnataka_Kolar_Srinivaspur_Hodali_Gopalapura,fmrkjd9h,Yes,Audit Approved,Karnataka,Kolar,Srinivaspur,Hodali,Gopalapura,2025-10-12,700,200,90,Between 8 to 40 years,60, Field Bund,13.3608143,78.2873142,Entry 4,2100.0,0.0,2100.0
Karnataka_Kolar_Srinivaspur_Hodali_Hodali,fmmdl3rm,Yes,Audit Approved,Karnataka,Kolar,Srinivaspur,Hodali,Hodali,2025-10-12,650,150,90,Between 8 to 40 years,60, Field Bund,13.3601005,78.2445314,Entry 4,1950.0,0.0,1950.0
Karnataka_Kolar_Srinivaspur_Hodali_Imarakunte,fm98who9,No,Approved,Karnataka,Kolar,Srinivaspur,Hodali,Imarakunte,2025-10-12,500,100,80,Between 8 to 40 years,50, Field Bund,13.3745092,78.287299,Entry 4,1500.0,0.0,1500.0
Karnataka_Kolar_Srinivaspur_Hodali_Kotraguli,fm7wh1dw,No,Approved,Karnataka,Kolar,Srinivaspur,Hodali,Kotraguli,2025-10-12,450,100,80,Between 8 to 40 years,50, Field Bund,13.3817267,78.2622112,Entry 4,1350.0,0.0,1350.0
Karnataka_Kolar_Srinivaspur_Hodali_Thimmasandra,fmmq3zlh,No,Approved,Karnataka,Kolar,Srinivaspur,Hodali,Thimmasandra,2025-10-08,150,50,90,Between 8 to 40 years,50, Field Bund,13.366941,78.2368649,Entry 4,450.0,0.0,450.0
Karnataka_Kolar_Srinivaspur_Hodali_Thinnalli,fm8ikuoe,No,Approved,Karnataka,Kolar,Srinivaspur,Hodali,Thinnalli,2025-10-15,150,50,80,Between 8 to 40 years,40, Field Bund,13.347243,78.2853695,Entry 4,450.0,0.0,450.0
Karnataka_Kolar_Srinivaspur_Hodali_Veerthimmanahalli,fmdasirx,No,Approved,Karnataka,Kolar,Srinivaspur,Hodali,Veerthimmanahalli,2025-10-12,400,100,90,Between 8 to 40 years,50, Field Bund,13.3677231,78.298807,Entry 4,1200.0,0.0,1200.0
Karnataka_Kolar_Srinivaspur_J._Thimmasandra_Alambagiri,fm60gwzo,No,Approved,Karnataka,Kolar,Srinivaspur,J. Thimmasandra,Alambagiri,2025-09-30,200,50,80,Between 8 to 40 years,40, Field Bund,13.3816673,78.1606807,Entry 4,600.0,0.0,600.0
Karnataka_Kolar_Srinivaspur_J._Thimmasandra_Alavatta,fm18q55g,No,Approved,Karnataka,Kolar,Srinivaspur,J. Thimmasandra,Alavatta,2025-09-30,50,20,90,Between 8 to 40 years,40, Field Bund,13.3921874,78.1530859,Entry 1,150.0,0.0,150.0
Karnataka_Kolar_Srinivaspur_J._Thimmasandra_J.Thimmasandra,fmlye5px,No,Approved,Karnataka,Kolar,Srinivaspur,J. Thimmasandra,J.Thimmasandra,2025-09-30,150,50,80,Below 8 years,40, Field Bund,13.3780972,78.1486044,Entry 4,450.0,0.0,450.0
Karnataka_Kolar_Srinivaspur_J._Thimmasandra_Kallur,fmth5qsq,No,Approved,Karnataka,Kolar,Srinivaspur,J. Thimmasandra,Kallur,2025-10-18,400,100,90,Between 8 to 40 years,60, Field Bund,13.3441453,78.1897933,Entry 4,1200.0,0.0,1200.0
Karnataka_Kolar_Srinivaspur_J._Thimmasandra_Katara_Muddalahalli,fmbqhatr,No,Approved,Karnataka,Kolar,Srinivaspur,J. Thimmasandra,Katara Muddalahalli,2025-10-01,50,10,80,Between 8 to 40 years,40, Field Bund,13.3443564,78.16655,Entry 1,150.0,0.0,150.0
Karnataka_Kolar_Srinivaspur_J._Thimmasandra_Kiruvara,fmty213n,No,Approved,Karnataka,Kolar,Srinivaspur,J. Thimmasandra,Kiruvara,2025-09-30,250,50,90,Between 8 to 40 years,50, Field Bund,13.3776533,78.134312,Entry 4,750.0,0.0,750.0
Karnataka_Kolar_Srinivaspur_J._Thimmasandra_Kollur,fmpe1xyf,No,Approved,Karnataka,Kolar,Srinivaspur,J. Thimmasandra,Kollur,2025-10-18,150,50,90,Below 8 years,40, Field Bund,13.5861806,77.4362043,Entry 1,450.0,0.0,450.0
Karnataka_Kolar_Srinivaspur_J._Thimmasandra_Thupalli,fmyuptrq,No,Approved,Karnataka,Kolar,Srinivaspur,J. Thimmasandra,Thupalli,2025-09-30,100,30,90,Between 8 to 40 years,50, Field Bund,13.389003,78.1558159,Entry 4,300.0,0.0,300.0
Karnataka_Kolar_Srinivaspur_Kodipalli_Diguvamarampalli,fm2gbj3b,Yes,Audit Approved,Karnataka,Kolar,Srinivaspur,Kodipalli,Diguvamarampalli,2025-10-15,3500,800,90,Between 8 to 40 years,50, Field Bund,13.4728867,78.2497306,Entry 4,10500.0,0.0,10500.0
Karnataka_Kolar_Srinivaspur_Kodipalli_Dugganakunte,fm8z5542,No,Approved,Karnataka,Kolar,Srinivaspur,Kodipalli,Dugganakunte,2025-10-15,400,100,90,Between 8 to 40 years,50, Field Bund,13.4996732,78.2201943,Entry 4,1200.0,0.0,1200.0
Karnataka_Kolar_Srinivaspur_Kodipalli_G._Gandhinagara,fmz3atxn,Yes,Audit Approved,Karnataka,Kolar,Srinivaspur,Kodipalli,G. Gandhinagara,2025-10-15,550,100,90,Between 8 to 40 years,60, Field Bund,13.4789746,78.2182894,Entry 4,1650.0,0.0,1650.0
Karnataka_Kolar_Srinivaspur_Kodipalli_Kodipalli,fmkp35qg,Yes,Audit Approved,Karnataka,Kolar,Srinivaspur,Kodipalli,Kodipalli,2025-10-15,8000,2500,90,Between 8 to 40 years,60,Block Plantation,13.5008579,78.2337095,Entry 4,24000.0,0.0,24000.0
Karnataka_Kolar_Srinivaspur_Kodipalli_Kondamari,fms71oy0,Yes,Audit Approved,Karnataka,Kolar,Srinivaspur,Kodipalli,Kondamari,2025-10-15,900,300,90,Between 8 to 40 years,40,Block Plantation,13.4715097,78.2190444,Entry 4,2700.0,0.0,2700.0
Karnataka_Kolar_Srinivaspur_Kolathur_Achampalli,fmx5kuvo,No,Approved,Karnataka,Kolar,Srinivaspur,Kolathur,Achampalli,2025-10-16,400,100,90,Between 8 to 40 years,40, Field Bund,13.2879426,78.3133581,Entry 4,1200.0,0.0,1200.0
Karnataka_Kolar_Srinivaspur_Kolathur_Channahalli,fma57zwe,No,Approved,Karnataka,Kolar,Srinivaspur,Kolathur,Channahalli,2025-10-17,350,50,90,Between 8 to 40 years,60, Field Bund,13.2762117,78.3089626,Entry 4,1050.0,0.0,1050.0
Karnataka_Kolar_Srinivaspur_Kolathur_Harlakunte,fm5ma0qs,No,Approved,Karnataka,Kolar,Srinivaspur,Kolathur,Harlakunte,2025-10-17,250,50,90,Between 8 to 40 years,50, Field Bund,13.2682837,78.311627,Entry 4,750.0,0.0,750.0
Karnataka_Kolar_Srinivaspur_Kolathur_Kattibissanahalli,fm28rn0d,No,Approved,Karnataka,Kolar,Srinivaspur,Kolathur,Kattibissanahalli,2025-10-18,400,100,90,Below 8 years,40, Field Bund,13.2640103,78.2805749,Entry 4,1200.0,0.0,1200.0
Karnataka_Kolar_Srinivaspur_Kolathur_Kolathur,fm0cixp3,No,Approved,Karnataka,Kolar,Srinivaspur,Kolathur,Kolathur,2025-10-17,400,100,90,Between 8 to 40 years,70, Field Bund,13.2605575,78.2940053,Entry 4,1200.0,0.0,1200.0
Karnataka_Kolar_Srinivaspur_Kolathur_Mulaganagalli,fmc344rb,No,Approved,Karnataka,Kolar,Srinivaspur,Kolathur,Mulaganagalli,2025-10-16,350,100,90,Between 8 to 40 years,60, Field Bund,13.3009062,78.3133443,Entry 4,1050.0,0.0,1050.0
Karnataka_Kolar_Srinivaspur_Kolathur_Pindiganagara,fmm4ub8t,No,Approved,Karnataka,Kolar,Srinivaspur,Kolathur,Pindiganagara,2025-10-17,250,50,90,Between 8 to 40 years,40, Field Bund,13.2566986,78.3064366,Entry 4,750.0,0.0,750.0
Karnataka_Kolar_Srinivaspur_Kolathur_Seethareddihalli,fmc2oz58,No,Approved,Karnataka,Kolar,Srinivaspur,Kolathur,Seethareddihalli,2025-10-17,350,50,90,Between 8 to 40 years,60, Field Bund,13.2553073,78.2831861,Entry 4,1050.0,0.0,1050.0
Karnataka_Kolar_Srinivaspur_Kolathur_Uppakunte,fmsud54w,No,Approved,Karnataka,Kolar,Srinivaspur,Kolathur,Uppakunte,2025-10-17,400,100,90,Between 8 to 40 years,60, Field Bund,13.2450774,78.3029623,Entry 4,1200.0,0.0,1200.0
Karnataka_Kolar_Srinivaspur_Kolathur_Venkateshapura,fmoiemv5,No,Approved,Karnataka,Kolar,Srinivaspur,Kolathur,Venkateshapura,2025-10-17,300,50,90,Between 8 to 40 years,50, Field Bund,13.2637905,78.3095243,Entry 4,900.0,0.0,900.0
Karnataka_Kolar_Srinivaspur_Lakshmipur_Yadarur,fmprov9g,No,Approved,Karnataka,Kolar,Srinivaspur,Lakshmipur,Yadarur,2025-10-18,150,50,90,Between 8 to 40 years,50, Field Bund,13.2502506,78.2744315,Entry 4,450.0,0.0,450.0
Karnataka_Kolar_Srinivaspur_Lakshmisagara_Arikere,fma9152k,No,Approved,Karnataka,Kolar,Srinivaspur,Lakshmisagara,Arikere,2025-10-18,250,50,90,Between 8 to 40 years,60, Field Bund,13.2865477,78.2536418,Entry 4,750.0,0.0,750.0
Karnataka_Kolar_Srinivaspur_Lakshmisagara_Havalegowdana_Hosur,fma4cls3,No,Approved,Karnataka,Kolar,Srinivaspur,Lakshmisagara,Havalegowdana Hosur,2025-10-18,250,50,90,Below 8 years,40, Field Bund,13.2966873,78.2458283,Entry 4,750.0,0.0,750.0
Karnataka_Kolar_Srinivaspur_Lakshmisagara_Lalapur_or_Lalapete,fm1all5a,No,Approved,Karnataka,Kolar,Srinivaspur,Lakshmisagara,Lalapur or Lalapete,2025-10-18,300,50,80,Between 8 to 40 years,50, Field Bund,13.2613438,78.2715508,Entry 4,900.0,0.0,900.0
Karnataka_Kolar_Srinivaspur_Lakshmisagara_Narayanapura,fmsfyz8e,No,Approved,Karnataka,Kolar,Srinivaspur,Lakshmisagara,Narayanapura,2025-10-17,400,50,90,Between 8 to 40 years,70, Field Bund,13.2336111,78.3001111,Entry 4,1200.0,0.0,1200.0
Karnataka_Kolar_Srinivaspur_Mastenahalli_Kaadu_Devandlahalli,fmlmrrwo,No,Approved,Karnataka,Kolar,Srinivaspur,Mastenahalli,Kaadu Devandlahalli,2025-10-04,600,200,90,Between 8 to 40 years,50,Riverbank,13.2905714,78.1386706,Entry 4,1800.0,0.0,1800.0
Karnataka_Kolar_Srinivaspur_Muthakapalli_Attikunte,fmy5bbnt,No,Approved,Karnataka,Kolar,Srinivaspur,Muthakapalli,Attikunte,2025-10-15,250,50,90,Between 8 to 40 years,50, Field Bund,13.3228067,78.3212106,Entry 4,750.0,0.0,750.0
Karnataka_Kolar_Srinivaspur_Muthakapalli_Bommanur,fm0949ox,No,Approved,Karnataka,Kolar,Srinivaspur,Muthakapalli,Bommanur,2025-10-16,500,100,90,Between 8 to 40 years,70, Field Bund,13.3143619,78.329912,Entry 4,1500.0,0.0,1500.0
Karnataka_Kolar_Srinivaspur_Muthakapalli_Gandhinagar,fmgm338c,No,Approved,Karnataka,Kolar,Srinivaspur,Muthakapalli,Gandhinagar,2025-10-16,900,250,90,Between 8 to 40 years,50, Field Bund,13.3297009,78.3085645,Entry 4,2700.0,0.0,2700.0
Karnataka_Kolar_Srinivaspur_Muthakapalli_Kallukunte,fmlnvqmm,No,Approved,Karnataka,Kolar,Srinivaspur,Muthakapalli,Kallukunte,2025-10-15,3200,700,90,Between 8 to 40 years,50,Block Plantation,13.3403767,78.2934012,Entry 4,9600.0,0.0,9600.0
Karnataka_Kolar_Srinivaspur_Muthakapalli_Kodipalli_or_Kodihalli,fm24r56t,No,Approved,Karnataka,Kolar,Srinivaspur,Muthakapalli,Kodipalli or Kodihalli,2025-10-16,450,100,90,Between 8 to 40 years,60, Field Bund,13.3080629,78.3209751,Entry 4,1350.0,0.0,1350.0
Karnataka_Kolar_Srinivaspur_Muthakapalli_Muthakapalli,fm3kcf00,No,Approved,Karnataka,Kolar,Srinivaspur,Muthakapalli,Muthakapalli,2025-10-15,300,50,80,Between 8 to 40 years,40, Field Bund,13.3252837,78.3287127,Entry 4,900.0,0.0,900.0
Karnataka_Kolar_Srinivaspur_Muthakapalli_Pathamuthakapalli,fmv0my8i,No,Approved,Karnataka,Kolar,Srinivaspur,Muthakapalli,Pathamuthakapalli,2025-10-15,550,100,90,Between 8 to 40 years,60, Field Bund,13.3373737,78.3365394,Entry 4,1650.0,0.0,1650.0
Karnataka_Kolar_Srinivaspur_Muthakapalli_Peddapalli,fm3h60hv,No,Approved,Karnataka,Kolar,Srinivaspur,Muthakapalli,Peddapalli,2025-10-16,400,100,80,Between 8 to 40 years,40, Field Bund,13.3276074,78.3140469,Entry 4,1200.0,0.0,1200.0
Karnataka_Kolar_Srinivaspur_Muttakapali_Gijiganahalli,fmqp1kvp,No,Approved,Karnataka,Kolar,Srinivaspur,Muttakapali,Gijiganahalli,2025-10-15,550,100,90,Below 8 years,50, Field Bund,13.3493596,78.3007549,Entry 4,1650.0,0.0,1650.0
Karnataka_Kolar_Srinivaspur_Nanbihalli_Agrahara,fmrzq967,No,Approved,Karnataka,Kolar,Srinivaspur,Nanbihalli,Agrahara,2025-10-03,350,100,90,Between 8 to 40 years,50,Riverbank,13.3149468,78.1298218,Entry 4,1050.0,0.0,1050.0
Karnataka_Kolar_Srinivaspur_Nanbihalli_Aramakalahalli,fmvom6n1,No,Approved,Karnataka,Kolar,Srinivaspur,Nanbihalli,Aramakalahalli,2025-10-01,50,20,90,Between 8 to 40 years,40, Field Bund,13.3278,78.1485012,Entry 4,150.0,0.0,150.0
Karnataka_Kolar_Srinivaspur_Nanbihalli_C._Hosuru,fm16j34x,No,Approved,Karnataka,Kolar,Srinivaspur,Nanbihalli,C. Hosuru,2025-10-03,300,50,90,Between 8 to 40 years,40, Field Bund,13.3097631,78.148829,Entry 4,900.0,0.0,900.0
Karnataka_Kolar_Srinivaspur_Nanbihalli_Chiruvanahalli,fmakqle3,No,Approved,Karnataka,Kolar,Srinivaspur,Nanbihalli,Chiruvanahalli,2025-10-03,150,50,90,Between 8 to 40 years,40, Field Bund,13.301784,78.1562581,Entry 4,450.0,0.0,450.0
Karnataka_Kolar_Srinivaspur_Nanbihalli_Chowdanahalli,fmnfteqe,No,Approved,Karnataka,Kolar,Srinivaspur,Nanbihalli,Chowdanahalli,2025-10-01,100,30,80,Between 8 to 40 years,40, Field Bund,13.3580851,78.1432375,Entry 4,300.0,0.0,300.0
Karnataka_Kolar_Srinivaspur_Nanbihalli_Dwarasandra,fme2xxdh,No,Approved,Karnataka,Kolar,Srinivaspur,Nanbihalli,Dwarasandra,2025-10-01,450,100,80,Between 8 to 40 years,50,Riverbank,13.3537284,78.1648384,Entry 4,1350.0,0.0,1350.0
Karnataka_Kolar_Srinivaspur_Nanbihalli_Nambihalli,fmjqetbd,No,Approved,Karnataka,Kolar,Srinivaspur,Nanbihalli,Nambihalli,2025-10-01,400,100,80,Between 8 to 40 years,60, Field Bund,13.3211877,78.1655208,Entry 4,1200.0,0.0,1200.0
Karnataka_Kolar_Srinivaspur_Nanbihalli_Settihalli,fmhhyf41,Yes,Audit Approved,Karnataka,Kolar,Srinivaspur,Nanbihalli,Settihalli,2025-10-01,2300,1000,90,Below 8 years,40,Riverbank,13.3276889,78.1399766,Entry 4,6900.0,0.0,6900.0
Karnataka_Kolar_Srinivaspur_Nanbihalli_Y.Hosakote,fm9w7n16,Yes,Audit Approved,Karnataka,Kolar,Srinivaspur,Nanbihalli,Y.Hosakote,2025-10-03,7500,2000,90,Below 8 years,40,Block Plantation,13.3255129,78.1320522,Entry 4,22500.0,0.0,22500.0
Karnataka_Kolar_Srinivaspur_Nelavanki_Chinna_Bandarlahalli,fmstcuiq,Yes,Audit Approved,Karnataka,Kolar,Srinivaspur,Nelavanki,Chinna Bandarlahalli,2025-10-15,1100,400,90,Between 8 to 40 years,60, Field Bund,13.4586605,78.2448786,Entry 4,3300.0,0.0,3300.0
Karnataka_Kolar_Srinivaspur_Nelavanki_Doddabandarlahalli,fmz72qlj,No,Approved,Karnataka,Kolar,Srinivaspur,Nelavanki,Doddabandarlahalli,2025-10-15,400,100,90,Between 8 to 40 years,60,,13.4519476,78.2416128,Entry 4,1200.0,0.0,1200.0
Karnataka_Kolar_Srinivaspur_Nelavanki_Lakshmisagara,fmu8aps5,No,Approved,Karnataka,Kolar,Srinivaspur,Nelavanki,Lakshmisagara,2025-10-17,250,50,90,Between 8 to 40 years,60, Field Bund,13.2390634,78.2863011,Entry 4,750.0,0.0,750.0
Karnataka_Kolar_Srinivaspur_Nelavanki_Sonnapalli,fm6pftq3,No,Approved,Karnataka,Kolar,Srinivaspur,Nelavanki,Sonnapalli,2025-10-15,600,200,90,Between 8 to 40 years,60, Field Bund,13.462335,78.2503172,Entry 4,1800.0,0.0,1800.0
Karnataka_Kolar_Srinivaspur_Pulagorukote_Dasarlapalli,fm7fhtzg,No,Approved,Karnataka,Kolar,Srinivaspur,Pulagorukote,Dasarlapalli,2025-10-13,450,150,90,Below 8 years,40, Field Bund,13.4291136,78.3200996,Entry 4,1350.0,0.0,1350.0
Karnataka_Kolar_Srinivaspur_Pulagurkota_Bachuvaripalli,fmzp1dx1,Yes,Audit Approved,Karnataka,Kolar,Srinivaspur,Pulagurkota,Bachuvaripalli,2025-10-13,1100,400,90,Below 8 years,40, Field Bund,13.4080019,78.3390027,Entry 4,3300.0,0.0,3300.0
Karnataka_Kolar_Srinivaspur_Pulagurkota_Iladoni,fmqreauv,Yes,Audit Approved,Karnataka,Kolar,Srinivaspur,Pulagurkota,Iladoni,2025-10-13,800,300,90,Below 8 years,40, Field Bund,13.4204606,78.3201287,Entry 4,2400.0,0.0,2400.0
Karnataka_Kolar_Srinivaspur_Pulagurkota_Jannapalli,fm8h6pc7,No,Approved,Karnataka,Kolar,Srinivaspur,Pulagurkota,Jannapalli,2025-10-08,450,100,90,Between 8 to 40 years,50, Field Bund,13.3957811,78.2862606,Entry 4,1350.0,0.0,1350.0
Karnataka_Kolar_Srinivaspur_Pulagurkota_Kotaballapalli,fmcawurz,Yes,Audit Approved,Karnataka,Kolar,Srinivaspur,Pulagurkota,Kotaballapalli,2025-10-13,700,200,90,Below 8 years,40, Field Bund,13.415967,78.3179705,Entry 4,2100.0,0.0,2100.0
Karnataka_Kolar_Srinivaspur_Pulagurkota_Lingapura,fmvd23rd,No,Approved,Karnataka,Kolar,Srinivaspur,Pulagurkota,Lingapura,2025-10-08,150,50,80,Between 8 to 40 years,60, Field Bund,13.4111966,78.3194832,Entry 4,450.0,0.0,450.0
Karnataka_Kolar_Srinivaspur_Pulagurkota_Thanterlapalli,fmouho00,Yes,Audit Approved,Karnataka,Kolar,Srinivaspur,Pulagurkota,Thanterlapalli,2025-10-13,3000,1000,90,Between 8 to 40 years,50,Block Plantation,13.4067424,78.3296329,Entry 4,9000.0,0.0,9000.0
Karnataka_Kolar_Srinivaspur_Ronur_Champalli,fmd540dp,No,Approved,Karnataka,Kolar,Srinivaspur,Ronur,Champalli,2025-10-08,200,50,80,Between 8 to 40 years,60, Field Bund,13.3928564,78.263323,Entry 4,600.0,0.0,600.0
Karnataka_Kolar_Srinivaspur_Ronur_Chikkathimmanahalli,fmiplvtr,No,Approved,Karnataka,Kolar,Srinivaspur,Ronur,Chikkathimmanahalli,2025-10-12,400,100,90,Between 8 to 40 years,50, Field Bund,13.400174,78.244007,Entry 4,1200.0,0.0,1200.0
Karnataka_Kolar_Srinivaspur_Ronur_Diguvapalli,fm0zq77a,No,Approved,Karnataka,Kolar,Srinivaspur,Ronur,Diguvapalli,2025-10-12,500,100,90,Between 8 to 40 years,50, Field Bund,13.3919393,78.3179041,Entry 4,1500.0,0.0,1500.0
Karnataka_Kolar_Srinivaspur_Ronur_Dimbala,fmfengdr,No,Approved,Karnataka,Kolar,Srinivaspur,Ronur,Dimbala,2025-10-08,150,50,90,Between 8 to 40 years,70, Field Bund,13.3894567,78.2565581,Entry 4,450.0,0.0,450.0
Karnataka_Kolar_Srinivaspur_Ronur_Doddapalli,fmizvvgl,No,Approved,Karnataka,Kolar,Srinivaspur,Ronur,Doddapalli,2025-10-12,350,100,90,Between 8 to 40 years,50, Field Bund,13.3948306,78.2403199,Entry 4,1050.0,0.0,1050.0
Karnataka_Kolar_Srinivaspur_Ronur_Kaniganapalli,fm6houe0,No,Approved,Karnataka,Kolar,Srinivaspur,Ronur,Kaniganapalli,2025-10-08,250,50,80,Between 8 to 40 years,40, Field Bund,13.3822594,78.2324267,Entry 4,750.0,0.0,750.0
Karnataka_Kolar_Srinivaspur_Ronur_Naruvamakalapalli,fmvu809x,No,Approved,Karnataka,Kolar,Srinivaspur,Ronur,Naruvamakalapalli,2025-10-08,1600,400,90,Below 8 years,40,Block Plantation,13.4027923,78.2766541,Entry 4,4800.0,0.0,4800.0
Karnataka_Kolar_Srinivaspur_Ronur_Ronur,fmumszx5,No,Approved,Karnataka,Kolar,Srinivaspur,Ronur,Ronur,2025-10-08,50,20,80,Between 8 to 40 years,40, Field Bund,13.3935575,78.2448368,Entry 4,150.0,0.0,150.0
Karnataka_Kolar_Srinivaspur_Ronur_Seegahalli,fm0b9wcq,No,Approved,Karnataka,Kolar,Srinivaspur,Ronur,Seegahalli,2025-10-14,450,100,90,Between 8 to 40 years,50, Field Bund,13.3950301,78.2269373,Entry 4,1350.0,0.0,1350.0
Karnataka_Kolar_Srinivaspur_Seegehalli_Seegehalli,fmxy6kc8,No,Approved,Karnataka,Kolar,Srinivaspur,Seegehalli,Seegehalli,2025-10-16,400,100,90,Between 8 to 40 years,50, Field Bund,13.2933351,78.2966369,Entry 4,1200.0,0.0,1200.0
Karnataka_Kolar_Srinivaspur_Somajalahalli_Maladepalli,fmxxap88,Yes,Audit Approved,Karnataka,Kolar,Srinivaspur,Somajalahalli,Maladepalli,2025-10-12,1200,400,90,Below 8 years,40, Field Bund,13.3678047,78.3101913,Entry 4,3600.0,0.0,3600.0
Karnataka_Kolar_Srinivaspur_Somayajalapalli_Adavichambakur,fm51t4bx,No,Approved,Karnataka,Kolar,Srinivaspur,Somayajalapalli,Adavichambakur,2025-10-18,200,50,80,Between 8 to 40 years,60, Field Bund,13.5861868,77.4359909,Entry 1,600.0,0.0,600.0
Karnataka_Kolar_Srinivaspur_Somayajalapalli_Bandarlapalli,fmksc22y,No,Approved,Karnataka,Kolar,Srinivaspur,Somayajalapalli,Bandarlapalli,2025-10-15,2800,800,90,Between 8 to 40 years,50,Block Plantation,13.3566444,78.3301876,Entry 4,8400.0,0.0,8400.0
Karnataka_Kolar_Srinivaspur_Somayajalapalli_Brahmanapalli,fm7ttb3t,Yes,Audit Approved,Karnataka,Kolar,Srinivaspur,Somayajalapalli,Brahmanapalli,2025-10-13,750,300,90,Between 8 to 40 years,70,Riverbank,13.4058731,78.3400346,Entry 4,2250.0,0.0,2250.0
Karnataka_Kolar_Srinivaspur_Somayajalapalli_Chinnepalli,fm01bco0,Yes,Audit Approved,Karnataka,Kolar,Srinivaspur,Somayajalapalli,Chinnepalli,2025-10-13,1900,600,90,Between 8 to 40 years,40,Block Plantation,13.4108582,78.3334451,Entry 4,5700.0,0.0,5700.0
Karnataka_Kolar_Srinivaspur_Somayajalapalli_Guntavaripalli,fmm4zqpf,No,Approved,Karnataka,Kolar,Srinivaspur,Somayajalapalli,Guntavaripalli,2025-10-13,950,400,90,Between 8 to 40 years,50, Field Bund,13.3953531,78.3351132,Entry 4,2850.0,0.0,2850.0
Karnataka_Kolar_Srinivaspur_Somayajalapalli_Kornalli,fm9cuxc9,Yes,Audit Approved,Karnataka,Kolar,Srinivaspur,Somayajalapalli,Kornalli,2025-10-12,5000,1000,90,Between 8 to 40 years,50,Block Plantation,13.3742038,78.3198706,Entry 4,15000.0,0.0,15000.0
Karnataka_Kolar_Srinivaspur_Somayajalapalli_Narayanapura,fmq0v7ql,No,Approved,Karnataka,Kolar,Srinivaspur,Somayajalapalli,Narayanapura,2025-10-15,800,200,90,Between 8 to 40 years,50, Field Bund,13.3545579,78.3393522,Entry 4,2400.0,0.0,2400.0
Karnataka_Kolar_Srinivaspur_Somayajalapalli_Nernahalli,fmojmobo,No,Approved,Karnataka,Kolar,Srinivaspur,Somayajalapalli,Nernahalli,2025-10-15,350,50,90,Between 8 to 40 years,50, Field Bund,13.3415854,78.330819,Entry 4,1050.0,0.0,1050.0
Karnataka_Kolar_Srinivaspur_Somayajalapalli_Ojalapalli,fmjj8fmq,No,Approved,Karnataka,Kolar,Srinivaspur,Somayajalapalli,Ojalapalli,2025-10-18,1000,400,90,Between 8 to 40 years,50,Block Plantation,13.5861375,77.4361336,Entry 1,3000.0,0.0,3000.0
Karnataka_Kolar_Srinivaspur_Somayajalapalli_Pathaballapalli,fmx1b1gc,No,Approved,Karnataka,Kolar,Srinivaspur,Somayajalapalli,Pathaballapalli,2025-10-12,300,50,80,Between 8 to 40 years,40, Field Bund,13.3857129,78.3180738,Entry 4,900.0,0.0,900.0
Karnataka_Kolar_Srinivaspur_Somayajalapalli_Pegalapalli,fm6u7kog,No,Approved,Karnataka,Kolar,Srinivaspur,Somayajalapalli,Pegalapalli,2025-10-13,350,100,90,Between 8 to 40 years,50, Field Bund,13.375741,78.3335124,Entry 4,1050.0,0.0,1050.0
Karnataka_Kolar_Srinivaspur_Somayajalapalli_Purnapalli,fm2ilkxz,No,Approved,Karnataka,Kolar,Srinivaspur,Somayajalapalli,Purnapalli,2025-10-13,300,100,90,Between 8 to 40 years,50, Field Bund,13.3902221,78.3408582,Entry 4,900.0,0.0,900.0
Karnataka_Kolar_Srinivaspur_Somayajalapalli_Somayajilapalli,fmedrl37,No,Approved,Karnataka,Kolar,Srinivaspur,Somayajalapalli,Somayajilapalli,2025-10-18,400,100,90,Between 8 to 40 years,50, Field Bund,13.5859986,77.4359264,Entry 1,1200.0,0.0,1200.0
Karnataka_Kolar_Srinivaspur_Thadigal_Kadiroligadde,fm99chb6,Yes,Audit Approved,Karnataka,Kolar,Srinivaspur,Thadigal,Kadiroligadde,2025-10-14,550,100,90,Between 8 to 40 years,50,Avenue,13.4226541,78.2253597,Entry 4,1650.0,0.0,1650.0
Karnataka_Kolar_Srinivaspur_Thadigal_Myakalagadde,fmaofu1k,No,Approved,Karnataka,Kolar,Srinivaspur,Thadigal,Myakalagadde,2025-10-14,400,100,90,Between 8 to 40 years,40, Field Bund,13.4080056,78.2260561,Entry 4,1200.0,0.0,1200.0
Karnataka_Kolar_Srinivaspur_Thadigol_Kamalavaripalli,fmobjdlk,No,Approved,Karnataka,Kolar,Srinivaspur,Thadigol,Kamalavaripalli,2025-10-15,350,50,80,Between 8 to 40 years,50, Field Bund,13.4381534,78.2124002,Entry 4,1050.0,0.0,1050.0
Karnataka_Kolar_Srinivaspur_Thadigol_Kappalli,fm110gwk,No,Approved,Karnataka,Kolar,Srinivaspur,Thadigol,Kappalli,2025-10-15,450,100,90,Between 8 to 40 years,70,Riverbank,13.4597127,78.2131177,Entry 4,1350.0,0.0,1350.0
Karnataka_Kolar_Srinivaspur_Thadigol_Kasettipalli,fm2j7o9k,No,Approved,Karnataka,Kolar,Srinivaspur,Thadigol,Kasettipalli,2025-10-15,300,50,90,Between 8 to 40 years,50, Field Bund,13.4456419,78.2344907,Entry 4,900.0,0.0,900.0
Karnataka_Kolar_Srinivaspur_Thadigol_Kurupalli,fmdfbhrq,Yes,Audit Approved,Karnataka,Kolar,Srinivaspur,Thadigol,Kurupalli,2025-10-15,2000,500,90,Between 8 to 40 years,50, Field Bund,13.45602,78.2322324,Entry 4,6000.0,0.0,6000.0
Karnataka_Kolar_Srinivaspur_Thadigol_Marepalli,fmk48q2d,Yes,Audit Approved,Karnataka,Kolar,Srinivaspur,Thadigol,Marepalli,2025-10-15,950,300,90,Between 8 to 40 years,60, Field Bund,13.4344871,78.2254688,Entry 4,2850.0,0.0,2850.0
Karnataka_Kolar_Srinivaspur_Unknown_Byrapalli,fmxs0v2y,No,Approved,Karnataka,Kolar,Srinivaspur,Unknown,Byrapalli,2025-10-07,450,100,90,Between 8 to 40 years,70, Field Bund,13.3518153,78.214953,Entry 4,1350.0,0.0,1350.0
Karnataka_Kolar_Srinivaspur_Yaldur_Gottikunte,fmyoaou5,No,Approved,Karnataka,Kolar,Srinivaspur,Yaldur,Gottikunte,2025-10-16,300,50,90,Between 8 to 40 years,50, Field Bund,13.3055899,78.2977258,Entry 4,900.0,0.0,900.0
Karnataka_Kolar_Srinivaspur_Yaldur_Hosahalli,fm5uhims,No,Approved,Karnataka,Kolar,Srinivaspur,Yaldur,Hosahalli,2025-10-16,550,100,90,Between 8 to 40 years,50, Field Bund,13.3161158,78.2978648,Entry 4,1650.0,0.0,1650.0
Karnataka_Kolar_Srinivaspur_Yaldur_Neelatur,fms0zrla,No,Approved,Karnataka,Kolar,Srinivaspur,Yaldur,Neelatur,2025-10-16,350,50,90,Between 8 to 40 years,60, Field Bund,13.3251398,78.2970606,Entry 4,1050.0,0.0,1050.0
Karnataka_Kolar_Srinivaspur_Yaldur_Veerasandra,fmly9dyi,No,Approved,Karnataka,Kolar,Srinivaspur,Yaldur,Veerasandra,2025-10-18,200,50,90,Below 8 years,60, Field Bund,13.2700882,78.2939066,Entry 4,600.0,0.0,600.0
Karnataka_Kolar_Srinivaspur_Yeldur_Hogalagere,fmqi1xdb,No,Approved,Karnataka,Kolar,Srinivaspur,Yeldur,Hogalagere,2025-10-15,1100,400,90,Between 8 to 40 years,40, Field Bund,13.3396234,78.2913145,Entry 4,3300.0,0.0,3300.0
Karnataka_Kolar_Srinivaspur_Yeldur_Hosahalli,fmhywa71,No,Approved,Karnataka,Kolar,Srinivaspur,Yeldur,Hosahalli,2025-10-04,200,50,90,Between 8 to 40 years,40, Field Bund,13.2793027,78.1832774,Entry 4,600.0,0.0,600.0
Karnataka_Kolar_Srinivaspur_Yeldur_Muhammadpura,fmvg0h0l,No,Approved,Karnataka,Kolar,Srinivaspur,Yeldur,Muhammadpura,2025-10-16,150,50,90,Between 8 to 40 years,40, Field Bund,,,,450.0,0.0,450.0
Karnataka_Kolar_Srinivaspur_Yeldur_Pathapalli,fmty8lq3,No,Approved,Karnataka,Kolar,Srinivaspur,Yeldur,Pathapalli,2025-09-30,300,50,80,Between 8 to 40 years,40, Field Bund,13.3582541,78.1618804,Entry 4,900.0,0.0,900.0
Karnataka_Kolar_Srinivaspur_Yeldur_Yeldur,fmbwxpc3,No,Approved,Karnataka,Kolar,Srinivaspur,Yeldur,Yeldur,2025-10-16,450,100,90,Between 8 to 40 years,40, Field Bund,13.2837378,78.2849261,Entry 4,1350.0,0.0,1350.0
Karnataka_Kolar_Srinivaspur_Yerramvariapalli_Jeedimakalapalli,fmwdflsj,Yes,Audit Approved,Karnataka,Kolar,Srinivaspur,Yerramvariapalli,Jeedimakalapalli,2025-10-13,600,150,90,Between 8 to 40 years,50, Field Bund,13.4384934,78.3226854,Entry 4,1800.0,0.0,1800.0
Karnataka_Tumakuru_Chiknayakanhalli_Baraguru_Yarakatte,fmqkxo0z,No,Approved,Karnataka,Tumakuru,Chiknayakanhalli,Baraguru,Yarakatte,2024-11-29,200,30,80,Below 8 years,50,Avenue,13.5086146,76.5361903,Entry 4,600.0,0.0,600.0
Karnataka_Tumakuru_Chiknayakanhalli_Barakanallu_Barakanahalu,fmvsclm8,Yes,Audit Approved,Karnataka,Tumakuru,Chiknayakanhalli,Barakanallu,Barakanahalu,2024-11-29,100,20,80,Between 8 to 40 years,60, Field Bund,13.5747633,76.5874917,Entry 4,300.0,0.0,300.0
Karnataka_Tumakuru_Chiknayakanhalli_Barakanallu_Handiganadu,fm2cg83v,No,Approved,Karnataka,Tumakuru,Chiknayakanhalli,Barakanallu,Handiganadu,2024-11-29,50,15,80,Between 8 to 40 years,60, Field Bund,13.5641995,76.6137074,Entry 4,150.0,0.0,150.0
Karnataka_Tumakuru_Chiknayakanhalli_Barakanallu_Sangenahalli,fmd1yn8l,No,Approved,Karnataka,Tumakuru,Chiknayakanhalli,Barakanallu,Sangenahalli,2024-11-29,100,20,80,Between 8 to 40 years,60, Field Bund,13.5673801,76.5951523,Entry 4,300.0,0.0,300.0
Karnataka_Tumakuru_Chiknayakanhalli_Barakanallu_Siddalakatte,fmges42q,No,Approved,Karnataka,Tumakuru,Chiknayakanhalli,Barakanallu,Siddalakatte,2024-11-29,100,20,80,Between 8 to 40 years,60, Field Bund,13.5652641,76.5799129,Entry 4,300.0,0.0,300.0
Karnataka_Tumakuru_Chiknayakanhalli_Bellagulla_Belaguli,fm6i9mm8,No,Approved,Karnataka,Tumakuru,Chiknayakanhalli,Bellagulla,Belaguli,2024-11-29,100,20,80,Between 8 to 40 years,60,Riverbank,13.5183304,76.5389415,Entry 4,300.0,0.0,300.0
Karnataka_Tumakuru_Chiknayakanhalli_Bellagulla_Niruvagal,fmu9lowv,No,Approved,Karnataka,Tumakuru,Chiknayakanhalli,Bellagulla,Niruvagal,2024-11-29,400,80,60,Between 8 to 40 years,60,Riverbank,13.537154,76.5233832,Entry 4,1200.0,0.0,1200.0
Karnataka_Tumakuru_Chiknayakanhalli_Chowlakatte_Chowlakatte,fmdlrb7b,No,Approved,Karnataka,Tumakuru,Chiknayakanhalli,Chowlakatte,Chowlakatte,2024-12-01,50,10,80,Between 8 to 40 years,60, Field Bund,13.51111,76.485455,Entry 4,150.0,0.0,150.0
Karnataka_Tumakuru_Chiknayakanhalli_Chowlakatte_Gopalapura,fmvbot9d,No,Approved,Karnataka,Tumakuru,Chiknayakanhalli,Chowlakatte,Gopalapura,2024-12-01,50,10,80,Between 8 to 40 years,50,Riverbank,13.5076083,76.4945624,Entry 4,150.0,0.0,150.0
Karnataka_Tumakuru_Chiknayakanhalli_Chowlakatte_Harenahalli,fmsjudvc,No,Approved,Karnataka,Tumakuru,Chiknayakanhalli,Chowlakatte,Harenahalli,2024-12-01,100,20,80,Between 8 to 40 years,60, Field Bund,13.5080787,76.4946165,Entry 4,300.0,0.0,300.0
Karnataka_Tumakuru_Chiknayakanhalli_Chowlakatte_Honnasettihalli,fmfn7abc,No,Approved,Karnataka,Tumakuru,Chiknayakanhalli,Chowlakatte,Honnasettihalli,2024-12-01,50,10,80,Between 8 to 40 years,50, Field Bund,13.5197347,76.4689614,Entry 4,150.0,0.0,150.0
Karnataka_Tumakuru_Chiknayakanhalli_Chowlakatte_Lakshmipura,fm853ex5,No,Approved,Karnataka,Tumakuru,Chiknayakanhalli,Chowlakatte,Lakshmipura,2024-12-01,80,15,80,Between 8 to 40 years,50,Riverbank,13.5074296,76.4945887,Entry 4,240.0,0.0,240.0
Karnataka_Tumakuru_Chiknayakanhalli_Chowlakatte_Sabbenahalli,fmbq9hk6,No,Approved,Karnataka,Tumakuru,Chiknayakanhalli,Chowlakatte,Sabbenahalli,2024-12-01,200,80,80,Between 8 to 40 years,60,Avenue,13.5200356,76.4677521,Entry 4,600.0,0.0,600.0
Karnataka_Tumakuru_Chiknayakanhalli_Doddabidre_Avalagere,fmky6uei,Yes,Audit Approved,Karnataka,Tumakuru,Chiknayakanhalli,Doddabidre,Avalagere,2024-12-18,200,25,80,Between 8 to 40 years,60,Riverbank,13.5269176,76.5714918,Entry 4,600.0,0.0,600.0
Karnataka_Tumakuru_Chiknayakanhalli_Doddabidre_Ballekatte,fmxajcie,Yes,Audit Approved,Karnataka,Tumakuru,Chiknayakanhalli,Doddabidre,Ballekatte,2024-11-29,100,30,60,Between 8 to 40 years,60,Riverbank,13.5789969,76.5661481,Entry 4,300.0,0.0,300.0
Karnataka_Tumakuru_Chiknayakanhalli_Doddabidre_Byrapura,fm1pbw2p,No,Approved,Karnataka,Tumakuru,Chiknayakanhalli,Doddabidre,Byrapura,2024-12-18,200,30,80,Between 8 to 40 years,60, Field Bund,13.5462608,76.5621744,Entry 4,600.0,0.0,600.0
Karnataka_Tumakuru_Chiknayakanhalli_Doddabidre_Chikkabidare,fm6onfp8,No,Approved,Karnataka,Tumakuru,Chiknayakanhalli,Doddabidre,Chikkabidare,2024-12-18,300,40,80,Between 8 to 40 years,60,Riverbank,13.5633975,76.5584773,Entry 4,900.0,0.0,900.0
Karnataka_Tumakuru_Chiknayakanhalli_Doddabidre_Doddabidare,fmxehznc,No,Approved,Karnataka,Tumakuru,Chiknayakanhalli,Doddabidre,Doddabidare,2024-12-18,100,40,80,Between 8 to 40 years,60,Riverbank,13.5638523,76.5583137,Entry 4,300.0,0.0,300.0
Karnataka_Tumakuru_Chiknayakanhalli_Doddabidre_Kallahalli,fmm8q7vq,No,Approved,Karnataka,Tumakuru,Chiknayakanhalli,Doddabidre,Kallahalli,2024-12-18,200,30,80,Between 8 to 40 years,60, Field Bund,13.5577111,76.5575763,Entry 4,600.0,0.0,600.0
Karnataka_Tumakuru_Chiknayakanhalli_Doddabidre_Pochkatte,fmr0vyos,No,Approved,Karnataka,Tumakuru,Chiknayakanhalli,Doddabidre,Pochkatte,2024-11-29,50,10,80,Between 8 to 40 years,60, Field Bund,13.5755137,76.5837761,Entry 4,150.0,0.0,150.0
Karnataka_Tumakuru_Chiknayakanhalli_Doddayenegere_Bommenahalli,fmpcu2o9,No,Approved,Karnataka,Tumakuru,Chiknayakanhalli,Doddayenegere,Bommenahalli,2024-11-29,80,15,80,Between 8 to 40 years,60, Field Bund,13.5564516,76.4022463,Entry 4,240.0,0.0,240.0
Karnataka_Tumakuru_Chiknayakanhalli_Doddayenegere_Chikkayannegere,fmdvipqm,No,Approved,Karnataka,Tumakuru,Chiknayakanhalli,Doddayenegere,Chikkayannegere,2024-11-29,100,20,80,Between 8 to 40 years,60,Riverbank,13.5462198,76.4301266,Entry 4,300.0,0.0,300.0
Karnataka_Tumakuru_Chiknayakanhalli_Doddayenegere_Choragondanahalli,fmw0a0m3,No,Approved,Karnataka,Tumakuru,Chiknayakanhalli,Doddayenegere,Choragondanahalli,2024-11-29,50,10,80,Between 8 to 40 years,60,Riverbank,13.5812416,76.4291657,Entry 4,150.0,0.0,150.0
Karnataka_Tumakuru_Chiknayakanhalli_Doddayenegere_Doddahullenahalli,fmoc2jst,No,Approved,Karnataka,Tumakuru,Chiknayakanhalli,Doddayenegere,Doddahullenahalli,2024-11-29,50,12,80,Between 8 to 40 years,60, Field Bund,13.56511,76.37449,Entry 4,150.0,0.0,150.0
Karnataka_Tumakuru_Chiknayakanhalli_Doddayenegere_Doddayannegere,fm2arhpo,No,Approved,Karnataka,Tumakuru,Chiknayakanhalli,Doddayenegere,Doddayannegere,2024-11-29,60,15,80,Between 8 to 40 years,60,Riverbank,13.5631261,76.4234776,Entry 4,180.0,0.0,180.0
Karnataka_Tumakuru_Chiknayakanhalli_Doddayenegere_Kidukanahalli,fmddl6j7,No,Approved,Karnataka,Tumakuru,Chiknayakanhalli,Doddayenegere,Kidukanahalli,2024-11-29,50,10,80,Between 8 to 40 years,60, Field Bund,13.569648,76.3582494,Entry 4,150.0,0.0,150.0
Karnataka_Tumakuru_Chiknayakanhalli_Dugudihalli_Bachihalli,fmq6b54d,No,Approved,Karnataka,Tumakuru,Chiknayakanhalli,Dugudihalli,Bachihalli,2024-12-25,200,50,60,Between 8 to 40 years,50, Field Bund,13.3869346,76.5800407,Entry 4,600.0,0.0,600.0
Karnataka_Tumakuru_Chiknayakanhalli_Dugudihalli_Balenahalli,fmvkekfl,No,Approved,Karnataka,Tumakuru,Chiknayakanhalli,Dugudihalli,Balenahalli,2024-12-26,100,30,60,Between 8 to 40 years,50, Field Bund,13.3991347,76.571148,Entry 4,300.0,0.0,300.0
Karnataka_Tumakuru_Chiknayakanhalli_Dugudihalli_Chunganahalli,fmun2e8x,No,Approved,Karnataka,Tumakuru,Chiknayakanhalli,Dugudihalli,Chunganahalli,2024-12-25,100,15,60,Between 8 to 40 years,50, Field Bund,13.3798398,76.5947271,Entry 4,300.0,0.0,300.0
Karnataka_Tumakuru_Chiknayakanhalli_Dugudihalli_Dugadihalli,fme7sich,No,Approved,Karnataka,Tumakuru,Chiknayakanhalli,Dugudihalli,Dugadihalli,2024-12-25,200,30,60,Between 8 to 40 years,50,Riverbank,13.3799361,76.5953295,Entry 4,600.0,0.0,600.0
Karnataka_Tumakuru_Chiknayakanhalli_Dugudihalli_Gowdanahalli,fm5egzq1,No,Approved,Karnataka,Tumakuru,Chiknayakanhalli,Dugudihalli,Gowdanahalli,2024-12-25,50,15,60,Between 8 to 40 years,50, Field Bund,13.3942926,76.5825677,Entry 4,150.0,0.0,150.0
Karnataka_Tumakuru_Chiknayakanhalli_Dugudihalli_Hesarahalli,fmo9wmks,No,Approved,Karnataka,Tumakuru,Chiknayakanhalli,Dugudihalli,Hesarahalli,2024-12-26,100,15,60,Between 8 to 40 years,50, Field Bund,13.4071063,76.5534341,Entry 4,300.0,0.0,300.0
Karnataka_Tumakuru_Chiknayakanhalli_Dugudihalli_Kodalagara,fm4gcd8f,No,Approved,Karnataka,Tumakuru,Chiknayakanhalli,Dugudihalli,Kodalagara,2024-12-25,100,20,60,Between 8 to 40 years,60, Field Bund,13.3665423,76.6368235,Entry 4,300.0,0.0,300.0
Karnataka_Tumakuru_Chiknayakanhalli_Dugudihalli_Siddaramanagara,fmo382hg,No,Approved,Karnataka,Tumakuru,Chiknayakanhalli,Dugudihalli,Siddaramanagara,2024-12-25,100,30,60,Between 8 to 40 years,60, Field Bund,13.3791624,76.5857961,Entry 4,300.0,0.0,300.0
Karnataka_Tumakuru_Chiknayakanhalli_Dugudihalli_Vaderahalli,fmyc58uo,No,Approved,Karnataka,Tumakuru,Chiknayakanhalli,Dugudihalli,Vaderahalli,2024-12-26,50,10,60,Below 8 years,50, Field Bund,13.3948888,76.5799212,Entry 4,150.0,0.0,150.0
Karnataka_Tumakuru_Chiknayakanhalli_Ganadallu_Gandalu,fmg3hkbs,Yes,Audit Approved,Karnataka,Tumakuru,Chiknayakanhalli,Ganadallu,Gandalu,2024-11-29,150,30,80,Between 8 to 40 years,60,Riverbank,13.6307796,76.5985914,Entry 4,450.0,0.0,450.0
Karnataka_Tumakuru_Chiknayakanhalli_Ganadallu_Kampanahalli,fmc42xe4,No,Approved,Karnataka,Tumakuru,Chiknayakanhalli,Ganadallu,Kampanahalli,2024-12-01,50,10,80,Between 8 to 40 years,60, Field Bund,13.6040691,76.5520253,Entry 4,150.0,0.0,150.0
Karnataka_Tumakuru_Chiknayakanhalli_Ganadallu_Karehalli,fmv9vkoj,Yes,Audit Approved,Karnataka,Tumakuru,Chiknayakanhalli,Ganadallu,Karehalli,2024-11-29,500,100,80,Between 8 to 40 years,60,Riverbank,13.608342,76.590418,Entry 4,1500.0,0.0,1500.0
Karnataka_Tumakuru_Chiknayakanhalli_Ganadallu_Kurihatti,fmelkw1z,No,Approved,Karnataka,Tumakuru,Chiknayakanhalli,Ganadallu,Kurihatti,2024-12-01,30,8,80,Between 8 to 40 years,60, Field Bund,13.6081287,76.5489263,Entry 4,90.0,0.0,90.0
Karnataka_Tumakuru_Chiknayakanhalli_Ganadallu_Yagachihalli,fmyjkzvv,No,Approved,Karnataka,Tumakuru,Chiknayakanhalli,Ganadallu,Yagachihalli,2024-11-29,100,20,80,Between 8 to 40 years,60,Riverbank,13.6029641,76.5925535,Entry 4,300.0,0.0,300.0
Karnataka_Tumakuru_Chiknayakanhalli_Godekere_Naduvanahalli,fm30c6yh,No,Approved,Karnataka,Tumakuru,Chiknayakanhalli,Godekere,Naduvanahalli,2024-11-29,50,10,80,Between 8 to 40 years,60, Field Bund,13.5771701,76.394265,Entry 4,150.0,0.0,150.0
Karnataka_Tumakuru_Chiknayakanhalli_Godekere_Somanahalli,fmc3pbb1,Yes,Audit Approved,Karnataka,Tumakuru,Chiknayakanhalli,Godekere,Somanahalli,2024-11-29,100,30,80,Between 8 to 40 years,60,Riverbank,13.6437849,76.5935805,Entry 4,300.0,0.0,300.0
Karnataka_Tumakuru_Chiknayakanhalli_Handanakere_Handanakere,fm5bi59a,No,Approved,Karnataka,Tumakuru,Chiknayakanhalli,Handanakere,Handanakere,2024-12-01,300,80,80,Between 8 to 40 years,60,Avenue,13.5192738,76.4578073,Entry 4,900.0,0.0,900.0
Karnataka_Tumakuru_Chiknayakanhalli_Handanakere_Kengalapura,fmde9b0k,No,Approved,Karnataka,Tumakuru,Chiknayakanhalli,Handanakere,Kengalapura,2024-12-01,300,50,80,Between 8 to 40 years,60,Avenue,13.5185146,76.4568814,Entry 4,900.0,0.0,900.0
Karnataka_Tumakuru_Chiknayakanhalli_Honnebagi_Hosahalli,fm3b9q56,No,Approved,Karnataka,Tumakuru,Chiknayakanhalli,Honnebagi,Hosahalli,2024-11-29,400,50,80,Between 8 to 40 years,60, Field Bund,13.5799307,76.5109939,Entry 4,1200.0,0.0,1200.0
Karnataka_Tumakuru_Chiknayakanhalli_Honnebagi_Kadenahalli,fmwpcyhw,Yes,Audit Approved,Karnataka,Tumakuru,Chiknayakanhalli,Honnebagi,Kadenahalli,2024-12-25,200,50,60,Between 8 to 40 years,60,Riverbank,13.3871534,76.630435,Entry 4,600.0,0.0,600.0
Karnataka_Tumakuru_Chiknayakanhalli_Honnebagi_Melanahalli,fmqn6rei,Yes,Audit Approved,Karnataka,Tumakuru,Chiknayakanhalli,Honnebagi,Melanahalli,2024-12-26,150,50,50,Below 8 years,50,Riverbank,13.4208337,76.6036268,Entry 4,450.0,0.0,450.0
Karnataka_Tumakuru_Chiknayakanhalli_Hoysalakatte_Bellara,fmm4i6s2,Yes,Audit Approved,Karnataka,Tumakuru,Chiknayakanhalli,Hoysalakatte,Bellara,2024-11-29,400,60,80,Between 8 to 40 years,60,Riverbank,13.6179443,76.6766337,Entry 4,1200.0,0.0,1200.0
Karnataka_Tumakuru_Chiknayakanhalli_Hoysalakatte_Hoisalakatte,fmgshz7g,No,Approved,Karnataka,Tumakuru,Chiknayakanhalli,Hoysalakatte,Hoisalakatte,2024-11-29,400,60,80,Between 8 to 40 years,60,Riverbank,13.6241218,76.6433208,Entry 4,1200.0,0.0,1200.0
Karnataka_Tumakuru_Chiknayakanhalli_Hoysalakatte_Kallenahalli,fm73q0h6,No,Approved,Karnataka,Tumakuru,Chiknayakanhalli,Hoysalakatte,Kallenahalli,2024-11-29,150,30,80,Between 8 to 40 years,60,Riverbank,13.6308461,76.6424076,Entry 4,450.0,0.0,450.0
Karnataka_Tumakuru_Chiknayakanhalli_Hoysalakatte_Lakkenahalli,fme7a15b,Yes,Audit Approved,Karnataka,Tumakuru,Chiknayakanhalli,Hoysalakatte,Lakkenahalli,2024-11-29,500,80,80,Between 8 to 40 years,60,Riverbank,13.6110286,76.6477937,Entry 4,1500.0,0.0,1500.0
Karnataka_Tumakuru_Chiknayakanhalli_Hoysalakatte_Nulenoor,fmb05a3z,No,Approved,Karnataka,Tumakuru,Chiknayakanhalli,Hoysalakatte,Nulenoor,2024-11-29,500,80,80,Between 8 to 40 years,60,Riverbank,13.6438329,76.6277177,Entry 4,1500.0,0.0,1500.0
Karnataka_Tumakuru_Chiknayakanhalli_J.C.Pura_Halgona,fm9o75s2,No,Approved,Karnataka,Tumakuru,Chiknayakanhalli,J.C.Pura,Halgona,2024-12-27,50,15,70,Between 8 to 40 years,50, Field Bund,13.3271615,76.6465638,Entry 4,150.0,0.0,150.0
Karnataka_Tumakuru_Chiknayakanhalli_J.C.Pura_Jayachamarajapura,fm0m3vqq,No,Approved,Karnataka,Tumakuru,Chiknayakanhalli,J.C.Pura,Jayachamarajapura,2024-12-27,100,20,60,Between 8 to 40 years,50, Field Bund,13.3270579,76.656586,Entry 4,300.0,0.0,300.0
Karnataka_Tumakuru_Chiknayakanhalli_Kandikere_Balenahalli,fm4gp6tf,No,Approved,Karnataka,Tumakuru,Chiknayakanhalli,Kandikere,Balenahalli,2024-12-25,50,20,50,Between 8 to 40 years,50, Field Bund,13.3946173,76.5800703,Entry 4,150.0,0.0,150.0
Karnataka_Tumakuru_Chiknayakanhalli_Kandikere_Gowrasagara,fmxrqck1,Yes,Audit Approved,Karnataka,Tumakuru,Chiknayakanhalli,Kandikere,Gowrasagara,2024-12-18,300,40,80,Between 8 to 40 years,60,Riverbank,13.5129385,76.5781874,Entry 4,900.0,0.0,900.0
Karnataka_Tumakuru_Chiknayakanhalli_Kandikere_Kandikere,fmoqe53q,No,Approved,Karnataka,Tumakuru,Chiknayakanhalli,Kandikere,Kandikere,2024-12-18,500,60,80,Between 8 to 40 years,50,Riverbank,13.7103005,76.9798656,Entry 4,1500.0,0.0,1500.0
Karnataka_Tumakuru_Chiknayakanhalli_Kandikere_Sadarahalli,fmxrasxp,Yes,Audit Approved,Karnataka,Tumakuru,Chiknayakanhalli,Kandikere,Sadarahalli,2024-12-18,400,50,70,Between 8 to 40 years,60,Riverbank,13.5127216,76.6107743,Entry 4,1200.0,0.0,1200.0
Karnataka_Tumakuru_Chiknayakanhalli_Kenkere_Gowdagere,fml37iv1,No,Approved,Karnataka,Tumakuru,Chiknayakanhalli,Kenkere,Gowdagere,2024-12-01,40,8,80,Between 8 to 40 years,60, Field Bund,13.60804,76.5488965,Entry 4,120.0,0.0,120.0
Karnataka_Tumakuru_Chiknayakanhalli_Kenkere_Kenkere,fmx4ici7,No,Approved,Karnataka,Tumakuru,Chiknayakanhalli,Kenkere,Kenkere,2024-12-01,200,50,80,Between 8 to 40 years,60, Field Bund,13.6052811,76.5659506,Entry 4,600.0,0.0,600.0
Karnataka_Tumakuru_Chiknayakanhalli_Koragere_Dinkanahalli,fms99lw8,No,Approved,Karnataka,Tumakuru,Chiknayakanhalli,Koragere,Dinkanahalli,2024-11-29,100,20,80,Between 8 to 40 years,60,Riverbank,13.5697939,76.4525747,Entry 4,300.0,0.0,300.0
Karnataka_Tumakuru_Chiknayakanhalli_Koragere_Koragere,fm6i4zhj,No,Approved,Karnataka,Tumakuru,Chiknayakanhalli,Koragere,Koragere,2024-11-29,400,50,80,Between 8 to 40 years,60, Field Bund,13.5757102,76.4969543,Entry 4,1200.0,0.0,1200.0
Karnataka_Tumakuru_Chiknayakanhalli_Koragere_Motihalli,fm4srux3,No,Approved,Karnataka,Tumakuru,Chiknayakanhalli,Koragere,Motihalli,2024-11-29,200,30,80,Between 8 to 40 years,60,Riverbank,13.5996502,76.4320853,Entry 4,600.0,0.0,600.0
Karnataka_Tumakuru_Chiknayakanhalli_Kuppur_Anekatte,fm8unye8,No,Approved,Karnataka,Tumakuru,Chiknayakanhalli,Kuppur,Anekatte,2024-12-26,100,15,50,Below 8 years,50, Field Bund,13.4349583,76.554328,Entry 4,300.0,0.0,300.0
Karnataka_Tumakuru_Chiknayakanhalli_Kuppur_Aralikere,fmf3wons,No,Approved,Karnataka,Tumakuru,Chiknayakanhalli,Kuppur,Aralikere,2024-12-26,200,30,50,Below 8 years,50, Field Bund,13.4466325,76.5548014,Entry 4,600.0,0.0,600.0
Karnataka_Tumakuru_Chiknayakanhalli_Kuppur_Navile,fmm60i5y,No,Approved,Karnataka,Tumakuru,Chiknayakanhalli,Kuppur,Navile,2024-12-26,150,50,50,Below 8 years,50,Riverbank,13.4235955,76.5622061,Entry 4,450.0,0.0,450.0
Karnataka_Tumakuru_Chiknayakanhalli_Malligere_Bheemasandra,fmot8mds,No,Approved,Karnataka,Tumakuru,Chiknayakanhalli,Malligere,Bheemasandra,2024-12-01,50,10,80,Between 8 to 40 years,60, Field Bund,13.5170534,76.4561605,Entry 4,150.0,0.0,150.0
Karnataka_Tumakuru_Chiknayakanhalli_Malligere_Kanakere,fmtuz3ee,No,Approved,Karnataka,Tumakuru,Chiknayakanhalli,Malligere,Kanakere,2024-12-01,30,8,80,Between 8 to 40 years,60, Field Bund,13.4899766,76.4524486,Entry 4,90.0,0.0,90.0
Karnataka_Tumakuru_Chiknayakanhalli_Ramanahalli_Hanumanthanahalli,fm329bct,No,Approved,Karnataka,Tumakuru,Chiknayakanhalli,Ramanahalli,Hanumanthanahalli,2024-12-25,200,40,50,Between 8 to 40 years,50, Field Bund,13.5031847,76.6859966,Entry 4,600.0,0.0,600.0
Karnataka_Tumakuru_Chiknayakanhalli_Ramanahalli_Ramanahalli,fmmncb0r,No,Approved,Karnataka,Tumakuru,Chiknayakanhalli,Ramanahalli,Ramanahalli,2024-12-25,200,30,50,Between 8 to 40 years,50, Field Bund,13.5073858,76.681224,Entry 4,600.0,0.0,600.0
Karnataka_Tumakuru_Chiknayakanhalli_Ramanahalli_Siddanakatte,fmn3kyqm,No,Approved,Karnataka,Tumakuru,Chiknayakanhalli,Ramanahalli,Siddanakatte,2024-12-25,200,30,60,Between 8 to 40 years,50, Field Bund,13.5298664,76.6693993,Entry 4,600.0,0.0,600.0
Karnataka_Tumakuru_Chiknayakanhalli_Timmalaapura_Nandihalli,fmm8vcs5,No,Approved,Karnataka,Tumakuru,Chiknayakanhalli,Timmalaapura,Nandihalli,2024-11-29,200,30,80,Between 8 to 40 years,60,Avenue,13.5076506,76.536292,Entry 4,600.0,0.0,600.0
Karnataka_Tumakuru_Chiknayakanhalli_Timmalaapura_Shegebagi,fmq0e2cn,No,Approved,Karnataka,Tumakuru,Chiknayakanhalli,Timmalaapura,Shegebagi,2024-11-29,50,10,80,Between 8 to 40 years,60, Field Bund,13.5399209,76.5240543,Entry 4,150.0,0.0,150.0
Karnataka_Tumakuru_Chiknayakanhalli_Timmalaapura_Thimmalapura,fmz9v0dn,No,Approved,Karnataka,Tumakuru,Chiknayakanhalli,Timmalaapura,Thimmalapura,2024-11-29,100,20,80,Between 8 to 40 years,60,Riverbank,13.5617563,76.5390822,Entry 4,300.0,0.0,300.0
Karnataka_Tumakuru_Chiknayakanhalli_Timmalaapura_Thoresuragondanahalli,fm16vgq7,No,Approved,Karnataka,Tumakuru,Chiknayakanhalli,Timmalaapura,Thoresuragondanahalli,2024-11-29,400,80,80,Between 8 to 40 years,60,Avenue,13.5709902,76.5398775,Entry 4,1200.0,0.0,1200.0
Karnataka_Tumakuru_Chiknayakanhalli_Timmanahalli_Badakegudlu,fmlu8720,No,Approved,Karnataka,Tumakuru,Chiknayakanhalli,Timmanahalli,Badakegudlu,2024-12-25,100,20,60,Between 8 to 40 years,50, Field Bund,13.5748798,76.6707525,Entry 4,300.0,0.0,300.0
Karnataka_Tumakuru_Chiknayakanhalli_Timmanahalli_Chikkabelavadi,fmzi357e,No,Approved,Karnataka,Tumakuru,Chiknayakanhalli,Timmanahalli,Chikkabelavadi,2024-12-25,100,20,60,Between 8 to 40 years,50, Field Bund,13.5404002,76.6547012,Entry 4,300.0,0.0,300.0
Karnataka_Tumakuru_Chiknayakanhalli_Timmanahalli_Myllukabbe,fmcy5iwm,No,Approved,Karnataka,Tumakuru,Chiknayakanhalli,Timmanahalli,Myllukabbe,2024-12-25,200,30,60,Between 8 to 40 years,50, Field Bund,13.5778802,76.6675939,Entry 4,600.0,0.0,600.0
Karnataka_Tumakuru_Chiknayakanhalli_Timmanahalli_Thimmanahalli,fmgsfilq,No,Approved,Karnataka,Tumakuru,Chiknayakanhalli,Timmanahalli,Thimmanahalli,2024-11-29,500,80,80,Between 8 to 40 years,60, Field Bund,13.5542103,76.6244006,Entry 4,1500.0,0.0,1500.0
Karnataka_Tumakuru_Chiknayakanhalli_Unknown_Chiknayakanahalli,fmdzika3,No,Approved,Karnataka,Tumakuru,Chiknayakanhalli,Unknown,Chiknayakanahalli,2024-12-25,200,100,80,Between 8 to 40 years,60, Field Bund,13.3625591,76.6221146,Entry 4,600.0,0.0,600.0
Karnataka_Tumakuru_Chiknayakanhalli_Unknown_Dabbeghatta,fmwoqird,No,Approved,Karnataka,Tumakuru,Chiknayakanhalli,Unknown,Dabbeghatta,2024-12-25,50,10,60,Between 8 to 40 years,50, Field Bund,13.3956406,76.6228821,Entry 4,150.0,0.0,150.0
Karnataka_Tumakuru_Chiknayakanhalli_Unknown_Hullenahalli,fmm5dmtp,No,Approved,Karnataka,Tumakuru,Chiknayakanhalli,Unknown,Hullenahalli,2024-12-25,200,30,60,Between 8 to 40 years,50, Field Bund,13.6000083,76.6668913,Entry 4,600.0,0.0,600.0
Karnataka_Tumakuru_Chiknayakanhalli_Unknown_Kodihalli,fm8c83v8,No,Approved,Karnataka,Tumakuru,Chiknayakanhalli,Unknown,Kodihalli,2024-12-18,200,30,80,Between 8 to 40 years,60,Riverbank,13.5636444,76.5585286,Entry 4,600.0,0.0,600.0
Karnataka_Tumakuru_Koratagere_Agrahaara_Jampenahalli,fm84a8s1,No,Approved,Karnataka,Tumakuru,Koratagere,Agrahaara,Jampenahalli,2024-10-23,100,20,80,Between 8 to 40 years,60, Field Bund,13.5040425,77.2095992,Entry 4,300.0,0.0,300.0
Karnataka_Tumakuru_Koratagere_Agrahaara_Kalluguttarahalli,fm8cil1v,No,Approved,Karnataka,Tumakuru,Koratagere,Agrahaara,Kalluguttarahalli,2024-10-23,300,80,80,Between 8 to 40 years,60,Riverbank,13.5106714,77.2340665,Entry 4,900.0,0.0,900.0
Karnataka_Tumakuru_Koratagere_Agrahaara_Navilakurike,fm5g2qmu,No,Approved,Karnataka,Tumakuru,Koratagere,Agrahaara,Navilakurike,2024-10-20,800,200,80,Between 8 to 40 years,60, Field Bund,13.4870476,77.2188288,Entry 4,2400.0,0.0,2400.0
Karnataka_Tumakuru_Koratagere_Agrahaara_This_is_Jatti_Agrahara,fm5nkuei,No,Approved,Karnataka,Tumakuru,Koratagere,Agrahaara,This is Jatti Agrahara,2024-10-01,500,200,40,Between 8 to 40 years,50,Riverbank,13.4880936,77.1929303,Entry 4,1500.0,0.0,1500.0
Karnataka_Tumakuru_Koratagere_Akkirampura_Akkirampura,fm36x3ty,Yes,Audit Approved,Karnataka,Tumakuru,Koratagere,Akkirampura,Akkirampura,2024-09-10,1500,500,80,Between 8 to 40 years,70,Riverbank,13.57219,77.3000159,Entry 4,4500.0,0.0,4500.0
Karnataka_Tumakuru_Koratagere_Akkirampura_Kathinagenahalli,fmijsl1a,Yes,Audit Approved,Karnataka,Tumakuru,Koratagere,Akkirampura,Kathinagenahalli,2024-11-05,600,150,80,Between 8 to 40 years,50,Riverbank,13.5431305,77.2796195,Entry 4,1800.0,0.0,1800.0
Karnataka_Tumakuru_Koratagere_Akkirampura_Reddihalli_Venkatapura,fmwhv1n2,Yes,Audit Approved,Karnataka,Tumakuru,Koratagere,Akkirampura,Reddihalli Venkatapura,2024-09-10,1000,300,80,Between 8 to 40 years,70,Riverbank,13.582692,77.3018923,Entry 4,3000.0,0.0,3000.0
Karnataka_Tumakuru_Koratagere_Akkirampura_Sompura,fmu0441q,No,Approved,Karnataka,Tumakuru,Koratagere,Akkirampura,Sompura,2024-11-05,600,200,80,Between 8 to 40 years,60,Riverbank,13.553471,77.2942854,Entry 4,1800.0,0.0,1800.0
Karnataka_Tumakuru_Koratagere_Arasapura_Arasapura,fms64ln2,No,Approved,Karnataka,Tumakuru,Koratagere,Arasapura,Arasapura,2024-09-12,500,100,90,Between 8 to 40 years,70, Field Bund,13.5987693,77.3349175,Entry 4,1500.0,0.0,1500.0
Karnataka_Tumakuru_Koratagere_Arasapura_Byrenahalli,fm3lhiw6,Yes,Audit Approved,Karnataka,Tumakuru,Koratagere,Arasapura,Byrenahalli,2024-09-12,500,100,80,Between 8 to 40 years,50,Riverbank,13.5954541,77.3276754,Entry 4,1500.0,0.0,1500.0
Karnataka_Tumakuru_Koratagere_Arasapura_Kasapura,fmverx9h,No,Approved,Karnataka,Tumakuru,Koratagere,Arasapura,Kasapura,2024-09-12,600,100,80,Between 8 to 40 years,60, Field Bund,13.5730945,77.359591,Entry 4,1800.0,0.0,1800.0
Karnataka_Tumakuru_Koratagere_Arasapura_Madenahalli,fmgey5oo,No,Approved,Karnataka,Tumakuru,Koratagere,Arasapura,Madenahalli,2024-09-12,800,150,80,Between 8 to 40 years,70,Riverbank,13.5802952,77.3578178,Entry 4,2400.0,0.0,2400.0
Karnataka_Tumakuru_Koratagere_B._D._Pura_This_is_Avalaianapalya,fmtt3lgo,No,Approved,Karnataka,Tumakuru,Koratagere,B. D. Pura,This is Avalaianapalya,2024-11-05,300,50,80,Between 8 to 40 years,60,Riverbank,13.5096148,77.3267694,Entry 4,900.0,0.0,900.0
Karnataka_Tumakuru_Koratagere_Bichapura_Buddenahalli,fm8kq5y8,No,Approved,Karnataka,Tumakuru,Koratagere,Bichapura,Buddenahalli,2024-09-12,300,50,90,Between 8 to 40 years,70,Riverbank,13.5664235,77.3338205,Entry 4,900.0,0.0,900.0
Karnataka_Tumakuru_Koratagere_Bichapura_Bychapura,fmor43r2,Yes,Audit Approved,Karnataka,Tumakuru,Koratagere,Bichapura,Bychapura,2024-09-10,600,150,80,Between 8 to 40 years,50,Riverbank,13.5838025,77.3299381,Entry 4,1800.0,0.0,1800.0
Karnataka_Tumakuru_Koratagere_Bichapura_Chikkanahalli,fmd0etgl,No,Approved,Karnataka,Tumakuru,Koratagere,Bichapura,Chikkanahalli,2024-09-12,800,150,80,Between 8 to 40 years,60, Field Bund,13.575577,77.3326127,Entry 4,2400.0,0.0,2400.0
Karnataka_Tumakuru_Koratagere_Bichapura_Godrahalli,fm5zj6lq,No,Approved,Karnataka,Tumakuru,Koratagere,Bichapura,Godrahalli,2024-11-05,400,80,80,Between 8 to 40 years,50,Riverbank,13.54602,77.3298706,Entry 4,1200.0,0.0,1200.0
Karnataka_Tumakuru_Koratagere_Bichapura_Kyashavara,fmp8kcrt,Yes,Audit Approved,Karnataka,Tumakuru,Koratagere,Bichapura,Kyashavara,2024-09-10,500,150,80,Between 8 to 40 years,70,Riverbank,13.6134655,77.304338,Entry 4,1500.0,0.0,1500.0
Karnataka_Tumakuru_Koratagere_Bichapura_Rayavara,fm4cxzjj,No,Approved,Karnataka,Tumakuru,Koratagere,Bichapura,Rayavara,2024-09-26,800,200,80,Between 8 to 40 years,60, Field Bund,13.5110719,77.3686747,Entry 1,2400.0,0.0,2400.0
Karnataka_Tumakuru_Koratagere_Bommaladevipura_Akkajihalli,fmo6zn20,No,Approved,Karnataka,Tumakuru,Koratagere,Bommaladevipura,Akkajihalli,2024-09-24,500,100,80,Between 8 to 40 years,60,Riverbank,13.502814,77.3780083,Entry 4,1500.0,0.0,1500.0
Karnataka_Tumakuru_Koratagere_Bommaladevipura_Bommaladevipura,fmf0asyf,No,Approved,Karnataka,Tumakuru,Koratagere,Bommaladevipura,Bommaladevipura,2024-11-05,200,40,80,Between 8 to 40 years,60,Riverbank,13.5302818,77.3523311,Entry 4,600.0,0.0,600.0
Karnataka_Tumakuru_Koratagere_Bommaladevipura_Thogarigatta,fmxpseya,No,Approved,Karnataka,Tumakuru,Koratagere,Bommaladevipura,Thogarigatta,2024-11-05,400,50,80,Between 8 to 40 years,60,Riverbank,13.5437531,77.3247503,Entry 4,1200.0,0.0,1200.0
Karnataka_Tumakuru_Koratagere_Budagavi_Bendoni,fmi4duv6,Yes,Audit Approved,Karnataka,Tumakuru,Koratagere,Budagavi,Bendoni,2024-09-19,800,150,80,Between 8 to 40 years,50,Riverbank,13.5680452,77.1686755,Entry 4,2400.0,0.0,2400.0
Karnataka_Tumakuru_Koratagere_Budagavi_Channarayanadurga,fmbaq144,No,Approved,Karnataka,Tumakuru,Koratagere,Budagavi,Channarayanadurga,2024-09-19,600,80,80,Below 8 years,60, Field Bund,13.598246,77.2030551,Entry 4,1800.0,0.0,1800.0
Karnataka_Tumakuru_Koratagere_Budagavi_Dogganahalli,fmdzf86c,No,Approved,Karnataka,Tumakuru,Koratagere,Budagavi,Dogganahalli,2024-09-19,800,100,80,Between 8 to 40 years,60, Field Bund,13.5751197,77.2074384,Entry 4,2400.0,0.0,2400.0
Karnataka_Tumakuru_Koratagere_Budagavi_Gowjagal,fmctebm0,No,Approved,Karnataka,Tumakuru,Koratagere,Budagavi,Gowjagal,2024-09-19,600,80,80,Between 8 to 40 years,60,Riverbank,13.5714668,77.1885063,Entry 4,1800.0,0.0,1800.0
Karnataka_Tumakuru_Koratagere_Budagavi_Gowrikallu,fm9etqll,No,Approved,Karnataka,Tumakuru,Koratagere,Budagavi,Gowrikallu,2024-10-18,150,40,50,Between 8 to 40 years,60,Riverbank,13.5621032,77.1981115,Entry 4,450.0,0.0,450.0
Karnataka_Tumakuru_Koratagere_Budagavi_Mallekavu,fmdlhdab,No,Approved,Karnataka,Tumakuru,Koratagere,Budagavi,Mallekavu,2024-09-19,400,60,80,Between 8 to 40 years,60,Riverbank,13.5676965,77.2012084,Entry 4,1200.0,0.0,1200.0
Karnataka_Tumakuru_Koratagere_Budagavi_Marenayakanahalli,fm16onyv,Yes,Audit Approved,Karnataka,Tumakuru,Koratagere,Budagavi,Marenayakanahalli,2024-10-21,1500,500,80,Between 8 to 40 years,60, Field Bund,13.5702155,77.1217106,Entry 4,4500.0,0.0,4500.0
Karnataka_Tumakuru_Koratagere_Budagavi_Negilala,fmf1xsh5,Yes,Audit Approved,Karnataka,Tumakuru,Koratagere,Budagavi,Negilala,2024-10-21,800,200,80,Between 8 to 40 years,60,Riverbank,13.571456,77.1334492,Entry 4,2400.0,0.0,2400.0
Karnataka_Tumakuru_Koratagere_Bukkapatanna_Baraka,fmbxef74,No,Approved,Karnataka,Tumakuru,Koratagere,Bukkapatanna,Baraka,2024-10-22,800,150,80,Between 8 to 40 years,60,Riverbank,13.5141223,77.1854477,Entry 4,2400.0,0.0,2400.0
Karnataka_Tumakuru_Koratagere_Bukkapatanna_Bukkapatna,fmmm0mfe,No,Approved,Karnataka,Tumakuru,Koratagere,Bukkapatanna,Bukkapatna,2024-10-18,200,50,60,Between 8 to 40 years,60, Field Bund,13.5202089,77.191416,Entry 4,600.0,0.0,600.0
Karnataka_Tumakuru_Koratagere_Bukkapatanna_Gatlagollahalli,fmc2gb4d,Yes,Audit Approved,Karnataka,Tumakuru,Koratagere,Bukkapatanna,Gatlagollahalli,2024-10-22,1000,200,80,Between 8 to 40 years,60,Avenue,13.5156831,77.1840017,Entry 4,3000.0,0.0,3000.0
Karnataka_Tumakuru_Koratagere_Bukkapatanna_Gattalahalli,fmyujrfv,Yes,Audit Approved,Karnataka,Tumakuru,Koratagere,Bukkapatanna,Gattalahalli,2024-10-22,1600,300,80,Between 8 to 40 years,50,Avenue,13.5171679,77.1691579,Entry 4,4800.0,0.0,4800.0
Karnataka_Tumakuru_Koratagere_Bukkapatanna_Gondihalli,fmombolc,No,Approved,Karnataka,Tumakuru,Koratagere,Bukkapatanna,Gondihalli,2024-10-18,300,50,60,Between 8 to 40 years,50,Riverbank,13.5335548,77.1945481,Entry 4,900.0,0.0,900.0
Karnataka_Tumakuru_Koratagere_Bukkapatanna_Venkannanahalli,fmjmget1,No,Approved,Karnataka,Tumakuru,Koratagere,Bukkapatanna,Venkannanahalli,2024-10-22,800,100,80,Between 8 to 40 years,50,Avenue,13.5174641,77.1632698,Entry 4,2400.0,0.0,2400.0
Karnataka_Tumakuru_Koratagere_Doddasaagere_Bhaktarahalli,fmhhttsb,No,Approved,Karnataka,Tumakuru,Koratagere,Doddasaagere,Bhaktarahalli,2024-09-13,1000,200,80,Between 8 to 40 years,60,Riverbank,13.6099356,77.2285911,Entry 4,3000.0,0.0,3000.0
Karnataka_Tumakuru_Koratagere_Doddasaagere_Obaladevarahalli,fmxpxn7w,Yes,Audit Approved,Karnataka,Tumakuru,Koratagere,Doddasaagere,Obaladevarahalli,2024-10-18,600,200,80,Between 8 to 40 years,60, Field Bund,13.5488573,77.2654489,Entry 4,1800.0,0.0,1800.0
Karnataka_Tumakuru_Koratagere_Hanchihalli_Bodabandenahalli,fm7yeo9s,No,Approved,Karnataka,Tumakuru,Koratagere,Hanchihalli,Bodabandenahalli,2024-10-18,800,100,80,Between 8 to 40 years,60, Field Bund,13.4930819,77.245889,Entry 4,2400.0,0.0,2400.0
Karnataka_Tumakuru_Koratagere_Hanchihalli_Hanchihalli,fm00kyzy,No,Approved,Karnataka,Tumakuru,Koratagere,Hanchihalli,Hanchihalli,2024-10-18,1500,200,80,Between 8 to 40 years,60,Riverbank,13.4857037,77.2452759,Entry 4,4500.0,0.0,4500.0
Karnataka_Tumakuru_Koratagere_Hanchihalli_Kereyagalahalli,fmuag306,No,Approved,Karnataka,Tumakuru,Koratagere,Hanchihalli,Kereyagalahalli,2024-10-18,800,150,80,Between 8 to 40 years,60,Riverbank,13.4787629,77.2476573,Entry 4,2400.0,0.0,2400.0
Karnataka_Tumakuru_Koratagere_Hanchihalli_Malleshapura,fm7aubuo,No,Approved,Karnataka,Tumakuru,Koratagere,Hanchihalli,Malleshapura,2024-10-20,800,200,80,Between 8 to 40 years,60, Field Bund,13.510074,77.2354412,Entry 4,2400.0,0.0,2400.0
Karnataka_Tumakuru_Koratagere_Hanchihalli_Nagenhalli_G.,fmd9dmvg,No,Approved,Karnataka,Tumakuru,Koratagere,Hanchihalli,Nagenhalli G.,2024-10-20,800,150,80,Between 8 to 40 years,60,Riverbank,13.484605,77.2216916,Entry 4,2400.0,0.0,2400.0
Karnataka_Tumakuru_Koratagere_Hanchihalli_Tannenahalli,fm3zc2eo,No,Approved,Karnataka,Tumakuru,Koratagere,Hanchihalli,Tannenahalli,2024-10-26,80,30,70,Between 8 to 40 years,50,Riverbank,13.4530189,77.2339136,Entry 4,240.0,0.0,240.0
Karnataka_Tumakuru_Koratagere_Hollavannahalli_Holavanahalli,fmqpzs9o,No,Approved,Karnataka,Tumakuru,Koratagere,Hollavannahalli,Holavanahalli,2024-10-18,500,80,80,Between 8 to 40 years,60,Riverbank,13.5219546,77.3026721,Entry 4,1500.0,0.0,1500.0
Karnataka_Tumakuru_Koratagere_Hullikunte_Devarahalli,fm328cji,No,Approved,Karnataka,Tumakuru,Koratagere,Hullikunte,Devarahalli,2024-10-30,400,100,80,Between 8 to 40 years,50, Field Bund,13.5869016,77.0827124,Entry 4,1200.0,0.0,1200.0
Karnataka_Tumakuru_Koratagere_Hullikunte_Gantiganahalli,fm9felg4,No,Approved,Karnataka,Tumakuru,Koratagere,Hullikunte,Gantiganahalli,2024-10-18,600,80,80,Between 8 to 40 years,60, Field Bund,13.5161304,77.2730285,Entry 4,1800.0,0.0,1800.0
Karnataka_Tumakuru_Koratagere_Hullikunte_Gowraganahalli,fmzsg45k,Yes,Audit Approved,Karnataka,Tumakuru,Koratagere,Hullikunte,Gowraganahalli,2024-11-05,800,150,80,Between 8 to 40 years,60,Riverbank,13.5364914,77.2706739,Entry 4,2400.0,0.0,2400.0
Karnataka_Tumakuru_Koratagere_Hullikunte_Hosahalli,fmsy1eor,Yes,Audit Approved,Karnataka,Tumakuru,Koratagere,Hullikunte,Hosahalli,2024-09-10,500,150,80,Between 8 to 40 years,50,Riverbank,13.5739601,77.3128965,Entry 4,1500.0,0.0,1500.0
Karnataka_Tumakuru_Koratagere_Hullikunte_Hulikunte,fm6mpklb,Yes,Audit Approved,Karnataka,Tumakuru,Koratagere,Hullikunte,Hulikunte,2024-10-18,800,200,50,Between 8 to 40 years,60,Riverbank,13.5324204,77.2565222,Entry 4,2400.0,0.0,2400.0
Karnataka_Tumakuru_Koratagere_Hullikunte_Hulugonahalli,fmmsm32x,No,Approved,Karnataka,Tumakuru,Koratagere,Hullikunte,Hulugonahalli,2024-10-23,400,80,80,Between 8 to 40 years,60,Riverbank,13.5155049,77.2590359,Entry 4,1200.0,0.0,1200.0
Karnataka_Tumakuru_Koratagere_Hullikunte_Kamarajanahalli,fmyrxsw6,No,Approved,Karnataka,Tumakuru,Koratagere,Hullikunte,Kamarajanahalli,2024-10-23,500,80,80,Between 8 to 40 years,60,Riverbank,13.5136494,77.2559819,Entry 4,1500.0,0.0,1500.0
Karnataka_Tumakuru_Koratagere_Hullikunte_Kamenahalli,fm1fe704,No,Approved,Karnataka,Tumakuru,Koratagere,Hullikunte,Kamenahalli,2024-10-01,50,15,80,Between 8 to 40 years,50, Field Bund,13.5419865,77.2438733,Entry 4,150.0,0.0,150.0
Karnataka_Tumakuru_Koratagere_Hullikunte_Koratagere,fmp1au1h,No,Approved,Karnataka,Tumakuru,Koratagere,Hullikunte,Koratagere,2024-12-02,200,40,80,Between 8 to 40 years,60, Field Bund,13.6631561,77.2109535,Entry 1,600.0,0.0,600.0
Karnataka_Tumakuru_Koratagere_Hullikunte_Sonnenahalli,fm7ukv68,Yes,Audit Approved,Karnataka,Tumakuru,Koratagere,Hullikunte,Sonnenahalli,2024-10-18,1000,300,80,Between 8 to 40 years,60, Field Bund,13.5272788,77.262238,Entry 4,3000.0,0.0,3000.0
Karnataka_Tumakuru_Koratagere_Hullikunte_This_is_Allalasandra,fmvq2kgd,No,Approved,Karnataka,Tumakuru,Koratagere,Hullikunte,This is Allalasandra,2024-10-26,100,30,80,Between 8 to 40 years,50,Riverbank,13.4436218,77.2448117,Entry 4,300.0,0.0,300.0
Karnataka_Tumakuru_Koratagere_Hullikunte_This_is_Anupalu,fmhk5qnr,No,Approved,Karnataka,Tumakuru,Koratagere,Hullikunte,This is Anupalu,2024-10-21,600,80,80,Between 8 to 40 years,60,,13.5891119,77.141255,Entry 4,1800.0,0.0,1800.0
Karnataka_Tumakuru_Koratagere_Hullikunte_This_is_Bandehalli,fmylpi1i,No,Approved,Karnataka,Tumakuru,Koratagere,Hullikunte,This is Bandehalli,2024-10-21,300,50,80,Between 8 to 40 years,60,Riverbank,13.5378353,77.1086105,Entry 4,900.0,0.0,900.0
Karnataka_Tumakuru_Koratagere_Hullikunte_This_is_Bandrehalli,fmzoqi6e,No,Approved,Karnataka,Tumakuru,Koratagere,Hullikunte,This is Bandrehalli,2024-10-18,400,60,80,Between 8 to 40 years,50,Riverbank,13.4544864,77.3252372,Entry 4,1200.0,0.0,1200.0
Karnataka_Tumakuru_Koratagere_Hullikunte_This_is_Bikke_Gutte,fmpb33pi,No,Approved,Karnataka,Tumakuru,Koratagere,Hullikunte,This is Bikke Gutte,2024-10-22,1000,250,80,Between 8 to 40 years,60,Riverbank,13.5179698,77.146858,Entry 4,3000.0,0.0,3000.0
Karnataka_Tumakuru_Koratagere_Hullikunte_This_is_Chinivaranahalli,fm3hlzxh,No,Approved,Karnataka,Tumakuru,Koratagere,Hullikunte,This is Chinivaranahalli,2024-10-26,80,30,80,Below 8 years,40,Riverbank,13.4449516,77.2364731,Entry 4,240.0,0.0,240.0
Karnataka_Tumakuru_Koratagere_Hullikunte_This_is_Chollarapalya,fm0n5or4,No,Approved,Karnataka,Tumakuru,Koratagere,Hullikunte,This is Chollarapalya,2024-10-01,100,50,80,Between 8 to 40 years,50, Field Bund,13.5755239,77.2461665,Entry 4,300.0,0.0,300.0
Karnataka_Tumakuru_Koratagere_Hullikunte_This_is_Damagalaianapalya,fmls4rx3,No,Approved,Karnataka,Tumakuru,Koratagere,Hullikunte,This is Damagalaianapalya,2024-10-20,1500,400,80,Between 8 to 40 years,60, Field Bund,13.4988023,77.2240647,Entry 4,4500.0,0.0,4500.0
Karnataka_Tumakuru_Koratagere_Hullikunte_This_is_Doddaianpalya,fm246oju,No,Approved,Karnataka,Tumakuru,Koratagere,Hullikunte,This is Doddaianpalya,2024-10-24,500,100,80,Between 8 to 40 years,60, Field Bund,13.4954268,77.2503968,Entry 4,1500.0,0.0,1500.0
Karnataka_Tumakuru_Koratagere_Hullikunte_This_is_Doddamalaianapalya,fm08nbuj,No,Approved,Karnataka,Tumakuru,Koratagere,Hullikunte,This is Doddamalaianapalya,2024-10-18,500,150,80,Between 8 to 40 years,50,Riverbank,13.5087304,77.2431953,Entry 4,1500.0,0.0,1500.0
Karnataka_Tumakuru_Koratagere_Hullikunte_This_is_Gandinagara,fmkgppof,No,Approved,Karnataka,Tumakuru,Koratagere,Hullikunte,This is Gandinagara,2024-10-22,800,200,80,Between 8 to 40 years,60,Riverbank,13.5090817,77.1653508,Entry 4,2400.0,0.0,2400.0
Karnataka_Tumakuru_Koratagere_Hullikunte_This_is_Gudi_Bevinahalli,fm10nul0,No,Approved,Karnataka,Tumakuru,Koratagere,Hullikunte,This is Gudi Bevinahalli,2024-10-24,500,100,80,Between 8 to 40 years,60, Field Bund,13.44258,77.2753062,Entry 4,1500.0,0.0,1500.0
Karnataka_Tumakuru_Koratagere_Hullikunte_This_is_Gundlhalli,fmj5dpwn,No,Approved,Karnataka,Tumakuru,Koratagere,Hullikunte,This is Gundlhalli,2024-10-24,80,30,70,Between 8 to 40 years,60,Riverbank,13.4603492,77.2777874,Entry 4,240.0,0.0,240.0
Karnataka_Tumakuru_Koratagere_Hullikunte_This_is_Hariharappanapalya,fmnmcezf,No,Approved,Karnataka,Tumakuru,Koratagere,Hullikunte,This is Hariharappanapalya,2024-10-23,300,60,80,Between 8 to 40 years,60,Riverbank,13.5136727,77.2559256,Entry 4,900.0,0.0,900.0
Karnataka_Tumakuru_Koratagere_Hullikunte_This_is_Holathal_Gollarahatti,fm4giizr,No,Approved,Karnataka,Tumakuru,Koratagere,Hullikunte,This is Holathal Gollarahatti,2024-10-22,400,80,80,Between 8 to 40 years,80,Riverbank,13.5243724,77.1366547,Entry 4,1200.0,0.0,1200.0
Karnataka_Tumakuru_Koratagere_Hullikunte_This_is_Hosahalli,fmmeivvb,No,Approved,Karnataka,Tumakuru,Koratagere,Hullikunte,This is Hosahalli,2024-10-30,50,20,80,Between 8 to 40 years,50,Riverbank,13.4417888,77.2127153,Entry 4,150.0,0.0,150.0
Karnataka_Tumakuru_Koratagere_Hullikunte_This_is_Hosapalya,fmkx3bmz,No,Approved,Karnataka,Tumakuru,Koratagere,Hullikunte,This is Hosapalya,2024-10-18,100,30,50,Between 8 to 40 years,50,Riverbank,13.5565177,77.199135,Entry 4,300.0,0.0,300.0
Karnataka_Tumakuru_Koratagere_Hullikunte_This_is_Huchveerayanapalya,fm79ppmn,No,Approved,Karnataka,Tumakuru,Koratagere,Hullikunte,This is Huchveerayanapalya,2024-11-05,300,60,80,Between 8 to 40 years,60,Riverbank,13.5142373,77.3030903,Entry 4,900.0,0.0,900.0
Karnataka_Tumakuru_Koratagere_Hullikunte_This_is_Hunjanahalla,fmi2kgrr,No,Approved,Karnataka,Tumakuru,Koratagere,Hullikunte,This is Hunjanahalla,2024-10-18,150,40,70,Between 8 to 40 years,60, Field Bund,13.5265944,77.1921539,Entry 4,450.0,0.0,450.0
Karnataka_Tumakuru_Koratagere_Hullikunte_This_is_Irakasandra_Colony,fmeqd1ze,No,Approved,Karnataka,Tumakuru,Koratagere,Hullikunte,This is Irakasandra Colony,2024-10-30,200,30,80,Between 8 to 40 years,50,Riverbank,13.4261071,77.2374427,Entry 4,600.0,0.0,600.0
Karnataka_Tumakuru_Koratagere_Hullikunte_This_is_Kallaganahalli,fmpu2wng,No,Approved,Karnataka,Tumakuru,Koratagere,Hullikunte,This is Kallaganahalli,2024-10-24,300,50,80,Between 8 to 40 years,60, Field Bund,13.4446988,77.3056347,Entry 4,900.0,0.0,900.0
Karnataka_Tumakuru_Koratagere_Hullikunte_This_is_Kallipalya,fm2bprql,No,Approved,Karnataka,Tumakuru,Koratagere,Hullikunte,This is Kallipalya,2024-11-05,300,40,70,Between 8 to 40 years,60,Riverbank,13.5176059,77.3109344,Entry 4,900.0,0.0,900.0
Karnataka_Tumakuru_Koratagere_Hullikunte_This_is_Krishnarajapura,fmwso1yu,No,Approved,Karnataka,Tumakuru,Koratagere,Hullikunte,This is Krishnarajapura,2024-10-23,300,60,80,Between 8 to 40 years,60,Riverbank,13.5033252,77.2143211,Entry 4,900.0,0.0,900.0
Karnataka_Tumakuru_Koratagere_Hullikunte_This_is_Kymara,fm0yif05,No,Approved,Karnataka,Tumakuru,Koratagere,Hullikunte,This is Kymara,2024-10-22,200,40,80,Between 8 to 40 years,50,Riverbank,13.5039141,77.2045165,Entry 4,600.0,0.0,600.0
Karnataka_Tumakuru_Koratagere_Hullikunte_This_is_Maripalya,fmv4v2oo,No,Approved,Karnataka,Tumakuru,Koratagere,Hullikunte,This is Maripalya,2024-10-21,400,80,80,Between 8 to 40 years,60, Field Bund,13.5875382,77.139012,Entry 4,1200.0,0.0,1200.0
Karnataka_Tumakuru_Koratagere_Hullikunte_This_is_Maruthi_Nagara,fmsaapwu,No,Approved,Karnataka,Tumakuru,Koratagere,Hullikunte,This is Maruthi Nagara,2024-10-24,400,80,80,Between 8 to 40 years,60, Field Bund,13.4429943,77.2933053,Entry 4,1200.0,0.0,1200.0
Karnataka_Tumakuru_Koratagere_Hullikunte_This_is_Mellehalli,fmcvt1lu,No,Approved,Karnataka,Tumakuru,Koratagere,Hullikunte,This is Mellehalli,2024-10-18,400,80,80,Between 8 to 40 years,50, Field Bund,13.4681708,77.2972576,Entry 4,1200.0,0.0,1200.0
Karnataka_Tumakuru_Koratagere_Hullikunte_This_is_Pakirappanapalya,fmh0f7o0,No,Approved,Karnataka,Tumakuru,Koratagere,Hullikunte,This is Pakirappanapalya,2024-10-01,100,50,80,Between 8 to 40 years,60, Field Bund,13.5596424,77.2455837,Entry 4,300.0,0.0,300.0
Karnataka_Tumakuru_Koratagere_Hullikunte_This_is_Rambasaiahnapalya,fmovwenk,No,Approved,Karnataka,Tumakuru,Koratagere,Hullikunte,This is Rambasaiahnapalya,2024-11-05,100,20,80,Between 8 to 40 years,50,Avenue,13.5165196,77.0993941,Entry 4,300.0,0.0,300.0
Karnataka_Tumakuru_Koratagere_Hullikunte_This_is_Sadalingaianapalya,fmjbwak2,No,Approved,Karnataka,Tumakuru,Koratagere,Hullikunte,This is Sadalingaianapalya,2024-10-18,1500,200,80,Below 8 years,50,Block Plantation,13.5300757,77.2820503,Entry 4,4500.0,0.0,4500.0
Karnataka_Tumakuru_Koratagere_Hullikunte_This_is_Segepalya,fmgpoeli,No,Approved,Karnataka,Tumakuru,Koratagere,Hullikunte,This is Segepalya,2024-11-05,60,15,80,Between 8 to 40 years,60,Riverbank,13.4413553,77.2247329,Entry 4,180.0,0.0,180.0
Karnataka_Tumakuru_Koratagere_Hullikunte_This_is_Siddarabetta,fmhh1j3k,Yes,Audit Approved,Karnataka,Tumakuru,Koratagere,Hullikunte,This is Siddarabetta,2024-10-21,600,150,80,Between 8 to 40 years,60,Block Plantation,13.566588,77.1596521,Entry 4,1800.0,0.0,1800.0
Karnataka_Tumakuru_Koratagere_Hullikunte_This_is_Sunnakallarapalya,fmggg0i0,No,Approved,Karnataka,Tumakuru,Koratagere,Hullikunte,This is Sunnakallarapalya,2024-10-01,100,20,50,Between 8 to 40 years,50,Riverbank,13.5639357,77.2505507,Entry 4,300.0,0.0,300.0
Karnataka_Tumakuru_Koratagere_Hullikunte_This_is_Tumbaganahalli,fmhuvlvw,No,Approved,Karnataka,Tumakuru,Koratagere,Hullikunte,This is Tumbaganahalli,2024-10-24,100,40,60,Between 8 to 40 years,60,Riverbank,13.4521064,77.2744667,Entry 4,300.0,0.0,300.0
Karnataka_Tumakuru_Koratagere_Hullikunte_This_is_Veeranagara,fmoolkxl,No,Approved,Karnataka,Tumakuru,Koratagere,Hullikunte,This is Veeranagara,2024-10-01,50,20,80,Below 8 years,50, Field Bund,13.5848326,77.2385405,Entry 4,150.0,0.0,150.0
Karnataka_Tumakuru_Koratagere_Hullikunte_This_is_Virobhanahalli,fmff4g7w,No,Approved,Karnataka,Tumakuru,Koratagere,Hullikunte,This is Virobhanahalli,2024-10-18,300,50,60,Between 8 to 40 years,60,Riverbank,13.5383144,77.1941701,Entry 4,900.0,0.0,900.0
Karnataka_Tumakuru_Koratagere_Kuramkotte_Dasalakunte,fmoqciuc,No,Approved,Karnataka,Tumakuru,Koratagere,Kuramkotte,Dasalakunte,2024-10-30,80,20,80,Between 8 to 40 years,60, Field Bund,13.5168674,77.0994161,Entry 4,240.0,0.0,240.0
Karnataka_Tumakuru_Koratagere_Kuramkotte_Holathalu,fm1wbh6d,Yes,Audit Approved,Karnataka,Tumakuru,Koratagere,Kuramkotte,Holathalu,2024-10-22,1000,200,80,Between 8 to 40 years,50,Avenue,13.5193546,77.1511933,Entry 4,3000.0,0.0,3000.0
Karnataka_Tumakuru_Koratagere_Kuramkotte_Jonigarahalli,fmi9y8ui,No,Approved,Karnataka,Tumakuru,Koratagere,Kuramkotte,Jonigarahalli,2024-10-21,1600,300,80,Below 8 years,60,Avenue,13.5596315,77.1108173,Entry 4,4800.0,0.0,4800.0
Karnataka_Tumakuru_Koratagere_Kuramkotte_Junjuramanahalli,fmpizuaq,Yes,Audit Approved,Karnataka,Tumakuru,Koratagere,Kuramkotte,Junjuramanahalli,2024-10-21,1500,400,80,Between 8 to 40 years,60,Riverbank,13.5377438,77.1149913,Entry 4,4500.0,0.0,4500.0
Karnataka_Tumakuru_Koratagere_Kuramkotte_Kuramkote,fm4csavq,Yes,Audit Approved,Karnataka,Tumakuru,Koratagere,Kuramkotte,Kuramkote,2024-10-21,800,150,80,Between 8 to 40 years,60,Riverbank,13.533824,77.1243317,Entry 4,2400.0,0.0,2400.0
Karnataka_Tumakuru_Koratagere_Kuramkotte_Manuvinakurike,fmk5i1ph,No,Approved,Karnataka,Tumakuru,Koratagere,Kuramkotte,Manuvinakurike,2024-10-21,600,100,80,Between 8 to 40 years,60,Riverbank,13.5362151,77.1106974,Entry 4,1800.0,0.0,1800.0
Karnataka_Tumakuru_Koratagere_Kyamenahalli_Bidaloti,fmucf8iz,No,Approved,Karnataka,Tumakuru,Koratagere,Kyamenahalli,Bidaloti,2024-10-18,1000,200,80,Between 8 to 40 years,60, Field Bund,13.5199419,77.2827187,Entry 4,3000.0,0.0,3000.0
Karnataka_Tumakuru_Koratagere_Kyamenahalli_Kodlahalli,fmsbliqo,No,Approved,Karnataka,Tumakuru,Koratagere,Kyamenahalli,Kodlahalli,2024-11-05,200,50,80,Between 8 to 40 years,60,Riverbank,13.5084415,77.3027318,Entry 4,600.0,0.0,600.0
Karnataka_Tumakuru_Koratagere_Kyamenahalli_Kyamenahalli,fm0rq9r1,No,Approved,Karnataka,Tumakuru,Koratagere,Kyamenahalli,Kyamenahalli,2024-10-18,800,150,80,Between 8 to 40 years,60, Field Bund,13.5192848,77.2866002,Entry 4,2400.0,0.0,2400.0
Karnataka_Tumakuru_Koratagere_Kyamenahalli_Shakuni_Thimmanahalli,fm8v1dew,No,Approved,Karnataka,Tumakuru,Koratagere,Kyamenahalli,Shakuni Thimmanahalli,2024-11-05,400,60,80,Between 8 to 40 years,60,Riverbank,13.5148308,77.3155827,Entry 4,1200.0,0.0,1200.0
Karnataka_Tumakuru_Koratagere_Kyamenahalli_Sirigonahalli,fm90swwj,No,Approved,Karnataka,Tumakuru,Koratagere,Kyamenahalli,Sirigonahalli,2024-11-05,600,100,80,Between 8 to 40 years,60,Riverbank,13.509519,77.3270359,Entry 4,1800.0,0.0,1800.0
Karnataka_Tumakuru_Koratagere_Mavathuru_Lingapura,fmncu4o5,No,Approved,Karnataka,Tumakuru,Koratagere,Mavathuru,Lingapura,2024-10-18,1000,150,80,Between 8 to 40 years,60, Field Bund,13.4561449,77.3180656,Entry 4,3000.0,0.0,3000.0
Karnataka_Tumakuru_Koratagere_Mavathuru_Mavattur,fmmu0qd4,No,Approved,Karnataka,Tumakuru,Koratagere,Mavathuru,Mavattur,2024-10-20,400,60,60,Between 8 to 40 years,60,Riverbank,13.4514954,77.326702,Entry 4,1200.0,0.0,1200.0
Karnataka_Tumakuru_Koratagere_Nilagondanahalli_A.Venkatapura,fmjvlc3x,No,Approved,Karnataka,Tumakuru,Koratagere,Nilagondanahalli,A.Venkatapura,2024-10-26,100,30,50,Between 8 to 40 years,50,Riverbank,13.4530609,77.2389835,Entry 4,300.0,0.0,300.0
Karnataka_Tumakuru_Koratagere_Nilagondanahalli_Chikkapalanahalli,fm6vnaim,No,Approved,Karnataka,Tumakuru,Koratagere,Nilagondanahalli,Chikkapalanahalli,2024-10-26,60,20,80,Between 8 to 40 years,50,Riverbank,13.4453825,77.2367999,Entry 4,180.0,0.0,180.0
Karnataka_Tumakuru_Koratagere_Nilagondanahalli_Doddapalanahalli,fmn34drh,No,Approved,Karnataka,Tumakuru,Koratagere,Nilagondanahalli,Doddapalanahalli,2024-10-30,80,25,80,Between 8 to 40 years,60,Riverbank,13.4412002,77.2168289,Entry 4,240.0,0.0,240.0
Karnataka_Tumakuru_Koratagere_Nilagondanahalli_Honnenahalli,fmrovrx0,No,Approved,Karnataka,Tumakuru,Koratagere,Nilagondanahalli,Honnenahalli,2024-10-26,600,100,80,Between 8 to 40 years,50,Riverbank,13.4574601,77.2204452,Entry 4,1800.0,0.0,1800.0
Karnataka_Tumakuru_Koratagere_Nilagondanahalli_Neelagondanahalli,fmckhxap,No,Approved,Karnataka,Tumakuru,Koratagere,Nilagondanahalli,Neelagondanahalli,2024-10-30,60,20,80,Between 8 to 40 years,60, Field Bund,13.4282504,77.240293,Entry 4,180.0,0.0,180.0
Karnataka_Tumakuru_Koratagere_Nilagondanahalli_Sankenahalli,fm9ybbwg,No,Approved,Karnataka,Tumakuru,Koratagere,Nilagondanahalli,Sankenahalli,2024-10-30,100,25,80,Between 8 to 40 years,60, Field Bund,13.4362289,77.2365537,Entry 4,300.0,0.0,300.0
Karnataka_Tumakuru_Koratagere_Nilagondanahalli_This_is_Hullisoppanahalli,fmrzni7j,No,Approved,Karnataka,Tumakuru,Koratagere,Nilagondanahalli,This is Hullisoppanahalli,2024-10-26,200,40,60,Between 8 to 40 years,50, Field Bund,13.4512246,77.2526201,Entry 4,600.0,0.0,600.0
Karnataka_Tumakuru_Koratagere_Pathaganahalli_Puttasandra,fmu51vz8,No,Approved,Karnataka,Tumakuru,Koratagere,Pathaganahalli,Puttasandra,2024-10-24,300,50,80,Between 8 to 40 years,60,Riverbank,13.4439173,77.29052,Entry 4,900.0,0.0,900.0
Karnataka_Tumakuru_Koratagere_Teeta_Gaddobanahalli,fmw45nr1,No,Approved,Karnataka,Tumakuru,Koratagere,Teeta,Gaddobanahalli,2024-10-18,200,50,80,Between 8 to 40 years,60, Field Bund,13.4678868,77.2980834,Entry 4,600.0,0.0,600.0
Karnataka_Tumakuru_Koratagere_Teeta_Goravanahalli,fmnu4ab3,No,Approved,Karnataka,Tumakuru,Koratagere,Teeta,Goravanahalli,2024-10-18,500,100,80,Between 8 to 40 years,60,Riverbank,13.4759763,77.2753517,Entry 4,1500.0,0.0,1500.0
Karnataka_Tumakuru_Koratagere_Teeta_Kambadahalli,fmw5h1o8,No,Approved,Karnataka,Tumakuru,Koratagere,Teeta,Kambadahalli,2024-10-01,100,50,50,Between 8 to 40 years,50,Riverbank,13.549976,77.2420998,Entry 4,300.0,0.0,300.0
Karnataka_Tumakuru_Koratagere_Teeta_Kenganapalya,fmhn21lh,No,Approved,Karnataka,Tumakuru,Koratagere,Teeta,Kenganapalya,2024-10-24,200,50,70,Between 8 to 40 years,60,Riverbank,13.459885,77.2776136,Entry 4,600.0,0.0,600.0
Karnataka_Tumakuru_Koratagere_Teeta_Madavara,fm4g0xbd,No,Approved,Karnataka,Tumakuru,Koratagere,Teeta,Madavara,2024-10-18,800,200,80,Between 8 to 40 years,60,Riverbank,13.476986,77.2593159,Entry 4,2400.0,0.0,2400.0
Karnataka_Tumakuru_Koratagere_Teeta_Theetha,fm73prny,No,Approved,Karnataka,Tumakuru,Koratagere,Teeta,Theetha,2024-10-18,500,80,80,Between 8 to 40 years,60,Riverbank,13.4681134,77.2981477,Entry 4,1500.0,0.0,1500.0
Karnataka_Tumakuru_Koratagere_Teeta_Veerapura,fmwi0yf1,No,Approved,Karnataka,Tumakuru,Koratagere,Teeta,Veerapura,2024-10-24,400,80,80,Between 8 to 40 years,60,Riverbank,13.4492664,77.3050558,Entry 4,1200.0,0.0,1200.0
Karnataka_Tumakuru_Koratagere_Thovinakere_Chikkasanjevegowdanapalya,fm4qfix0,No,Approved,Karnataka,Tumakuru,Koratagere,Thovinakere,Chikkasanjevegowdanapalya,2024-10-30,100,20,80,Between 8 to 40 years,60, Field Bund,13.5498489,77.0867233,Entry 4,300.0,0.0,300.0
Karnataka_Tumakuru_Koratagere_Thovinakere_Kanive_Hosahalli,fmi7vwbm,No,Approved,Karnataka,Tumakuru,Koratagere,Thovinakere,Kanive Hosahalli,2024-10-30,150,40,80,Between 8 to 40 years,60,Riverbank,13.5344218,77.0983177,Entry 4,450.0,0.0,450.0
Karnataka_Tumakuru_Koratagere_Thovinakere_Kurihalli,fmr4w1l4,No,Approved,Karnataka,Tumakuru,Koratagere,Thovinakere,Kurihalli,2024-10-30,100,20,80,Between 8 to 40 years,60,Riverbank,13.5260429,77.0928748,Entry 4,300.0,0.0,300.0
Karnataka_Tumakuru_Koratagere_Thovinakere_Obanahalli,fmm5ao9u,No,Approved,Karnataka,Tumakuru,Koratagere,Thovinakere,Obanahalli,2024-11-12,1000,100,80,Between 8 to 40 years,50,Avenue,13.5726454,77.0466139,Entry 4,3000.0,0.0,3000.0
Karnataka_Tumakuru_Koratagere_Thovinakere_Thovinakere,fm46bnqw,No,Approved,Karnataka,Tumakuru,Koratagere,Thovinakere,Thovinakere,2024-10-30,100,20,80,Between 8 to 40 years,60, Field Bund,13.5498713,77.0868344,Entry 4,300.0,0.0,300.0
Karnataka_Tumakuru_Koratagere_Thovinakere_Venkataramanahalli,fmlzt2lk,No,Approved,Karnataka,Tumakuru,Koratagere,Thovinakere,Venkataramanahalli,2024-10-30,200,40,80,Between 8 to 40 years,50,Riverbank,13.5706463,77.0790388,Entry 4,600.0,0.0,600.0
Karnataka_Tumakuru_Koratagere_Tumbadi_Biradenahalli,fmytzhh5,No,Approved,Karnataka,Tumakuru,Koratagere,Tumbadi,Biradenahalli,2024-10-18,200,50,80,Between 8 to 40 years,50, Field Bund,13.5697069,77.2301368,Entry 4,600.0,0.0,600.0
Karnataka_Tumakuru_Koratagere_Tumbadi_Dasarahalli,fmnb6v5q,No,Approved,Karnataka,Tumakuru,Koratagere,Tumbadi,Dasarahalli,2024-09-13,800,200,80,Between 8 to 40 years,60,Riverbank,13.5970512,77.2336034,Entry 4,2400.0,0.0,2400.0
Karnataka_Tumakuru_Koratagere_Tumbadi_Muggondanahalli,fm60pwk3,No,Approved,Karnataka,Tumakuru,Koratagere,Tumbadi,Muggondanahalli,2024-10-01,80,30,60,Between 8 to 40 years,50, Field Bund,13.5607936,77.2398099,Entry 4,240.0,0.0,240.0
Karnataka_Tumakuru_Koratagere_Tumbadi_Pemmedevarahalli,fmd2478c,No,Approved,Karnataka,Tumakuru,Koratagere,Tumbadi,Pemmedevarahalli,2024-10-01,80,50,80,Between 8 to 40 years,40, Field Bund,13.5823127,77.2436219,Entry 4,240.0,0.0,240.0
Karnataka_Tumakuru_Koratagere_Tumbadi_Tumbadi,fmsy8zcr,No,Approved,Karnataka,Tumakuru,Koratagere,Tumbadi,Tumbadi,2024-10-01,300,100,50,Between 8 to 40 years,50,Riverbank,13.5697327,77.2407422,Entry 4,900.0,0.0,900.0
Karnataka_Tumakuru_Koratagere_Tumbadi_Tumbadi_Gollahalli,fmz5b6a1,Yes,Audit Approved,Karnataka,Tumakuru,Koratagere,Tumbadi,Tumbadi Gollahalli,2024-09-14,600,100,80,Between 8 to 40 years,60,Riverbank,13.5683339,77.2508539,Entry 4,1800.0,0.0,1800.0
Karnataka_Tumakuru_Koratagere_Vaddagere_Buruganahalli,fmld3toc,No,Approved,Karnataka,Tumakuru,Koratagere,Vaddagere,Buruganahalli,2024-10-18,500,150,80,Between 8 to 40 years,60,Riverbank,13.5520598,77.2676559,Entry 4,1500.0,0.0,1500.0
Karnataka_Tumakuru_Koratagere_Vaddagere_Garaga_Doddi,fmmqg3b4,Yes,Audit Approved,Karnataka,Tumakuru,Koratagere,Vaddagere,Garaga Doddi,2024-09-13,1000,200,80,Between 8 to 40 years,60, Field Bund,13.5978187,77.251459,Entry 4,3000.0,0.0,3000.0
Karnataka_Tumakuru_Koratagere_Vaddagere_Kalkere,fmlfxszo,Yes,Audit Approved,Karnataka,Tumakuru,Koratagere,Vaddagere,Kalkere,2024-09-13,800,100,80,Between 8 to 40 years,60,Riverbank,13.5899498,77.2637358,Entry 4,2400.0,0.0,2400.0
Karnataka_Tumakuru_Koratagere_Vaddagere_Kurudugonahalli,fmrwjd4z,No,Approved,Karnataka,Tumakuru,Koratagere,Vaddagere,Kurudugonahalli,2024-09-13,500,100,80,Between 8 to 40 years,60,Riverbank,13.566988,77.2689237,Entry 4,1500.0,0.0,1500.0
Karnataka_Tumakuru_Koratagere_Vaddagere_Malapanahalli,fmg53v1p,No,Approved,Karnataka,Tumakuru,Koratagere,Vaddagere,Malapanahalli,2024-10-18,500,100,60,Between 8 to 40 years,60, Field Bund,13.5620386,77.2714704,Entry 4,1500.0,0.0,1500.0
Karnataka_Tumakuru_Koratagere_Vajjanakurike_Duddanahalli,fm07bubg,No,Approved,Karnataka,Tumakuru,Koratagere,Vajjanakurike,Duddanahalli,2024-10-24,400,80,80,Between 8 to 40 years,60, Field Bund,13.4414989,77.2878897,Entry 4,1200.0,0.0,1200.0
Karnataka_Tumakuru_Koratagere_Vajjanakurike_Maragonahalli,fmtx9qr9,No,Approved,Karnataka,Tumakuru,Koratagere,Vajjanakurike,Maragonahalli,2024-10-24,400,80,80,Between 8 to 40 years,60,Riverbank,13.4518106,77.274116,Entry 4,1200.0,0.0,1200.0
Karnataka_Tumakuru_Koratagere_Vajjanakurike_Thigalarahalli,fmx98w9t,No,Approved,Karnataka,Tumakuru,Koratagere,Vajjanakurike,Thigalarahalli,2024-11-05,300,60,80,Between 8 to 40 years,60,Riverbank,13.5092564,77.327412,Entry 4,900.0,0.0,900.0
Karnataka_Tumakuru_Koratagere_Yelerampura_Hanumanthapura,fm0lh0te,No,Approved,Karnataka,Tumakuru,Koratagere,Yelerampura,Hanumanthapura,2024-10-26,100,40,60,Between 8 to 40 years,50,Riverbank,13.4432077,77.2414819,Entry 4,300.0,0.0,300.0
Karnataka_Tumakuru_Kunigal_Begur_Begur,fmnr238i,No,Approved,Karnataka,Tumakuru,Kunigal,Begur,Begur,2025-11-14,500,100,60,Between 8 to 40 years,60,Riverbank,13.0158861,77.0473491,Entry 4,1500.0,0.0,1500.0
Karnataka_Tumakuru_Kunigal_Begur_Byaranayakanahalli,fm8wance,No,Approved,Karnataka,Tumakuru,Kunigal,Begur,Byaranayakanahalli,2025-11-14,200,50,60,Between 8 to 40 years,60, Field Bund,13.0015246,77.0510539,Entry 4,600.0,0.0,600.0
Karnataka_Tumakuru_Kunigal_Begur_Mallagatta,fm4cop5b,No,Approved,Karnataka,Tumakuru,Kunigal,Begur,Mallagatta,2025-11-14,200,80,60,Between 8 to 40 years,60, Field Bund,13.0213309,77.0431332,Entry 4,600.0,0.0,600.0
Karnataka_Tumakuru_Kunigal_Bilidevalaya_Belidevalaya,fmhiea78,No,Approved,Karnataka,Tumakuru,Kunigal,Bilidevalaya,Belidevalaya,2025-11-04,500,100,50,Between 8 to 40 years,60,Riverbank,13.0162542,77.0051922,Entry 4,1500.0,0.0,1500.0
Karnataka_Tumakuru_Kunigal_Bilidevalaya_Boralinganapalya,fmal9sbb,No,Approved,Karnataka,Tumakuru,Kunigal,Bilidevalaya,Boralinganapalya,2025-11-04,800,300,50,Between 8 to 40 years,60,Riverbank,13.016288,76.9850708,Entry 4,2400.0,0.0,2400.0
Karnataka_Tumakuru_Kunigal_Bilidevalaya_Muthugadahalli,fmodmdid,No,Approved,Karnataka,Tumakuru,Kunigal,Bilidevalaya,Muthugadahalli,2025-11-05,800,300,60,Between 8 to 40 years,60,Riverbank,13.0209987,76.9973205,Entry 4,2400.0,0.0,2400.0
Karnataka_Tumakuru_Kunigal_Hallevur_Lakshmipura,fmx0paze,Yes,Audit Approved,Karnataka,Tumakuru,Kunigal,Hallevur,Lakshmipura,2025-11-15,500,100,60,Between 8 to 40 years,60, Field Bund,12.9874573,77.0892552,Entry 4,1500.0,0.0,1500.0
Karnataka_Tumakuru_Kunigal_Herur_Agrahara,fmaqa9fn,No,Approved,Karnataka,Tumakuru,Kunigal,Herur,Agrahara,2025-11-13,300,50,60,Between 8 to 40 years,60, Field Bund,12.9923416,76.9175287,Entry 4,900.0,0.0,900.0
Karnataka_Tumakuru_Kunigal_Herur_Ajjegowdanapalya,fmx87tr0,No,Approved,Karnataka,Tumakuru,Kunigal,Herur,Ajjegowdanapalya,2025-11-06,300,50,60,Between 8 to 40 years,60, Field Bund,,,,900.0,0.0,900.0
Karnataka_Tumakuru_Kunigal_Herur_Ankanapalya,fmdbqzee,No,Approved,Karnataka,Tumakuru,Kunigal,Herur,Ankanapalya,2025-11-06,400,50,60,Between 8 to 40 years,60,Riverbank,13.0526301,77.0631018,Entry 4,1200.0,0.0,1200.0
Karnataka_Tumakuru_Kunigal_Herur_Bhemaiahnapura,fm6ajnyg,No,Approved,Karnataka,Tumakuru,Kunigal,Herur,Bhemaiahnapura,2025-11-14,600,150,60,Between 8 to 40 years,60,Avenue,12.9641455,77.1145211,Entry 4,1800.0,0.0,1800.0
Karnataka_Tumakuru_Kunigal_Herur_Bhubanapalya,fmywld19,No,Approved,Karnataka,Tumakuru,Kunigal,Herur,Bhubanapalya,2025-11-07,600,60,60,Between 8 to 40 years,60,Forest,12.9593946,76.9627473,Entry 4,1800.0,0.0,1800.0
Karnataka_Tumakuru_Kunigal_Herur_Boregowdanapalya,fmae9myn,No,Approved,Karnataka,Tumakuru,Kunigal,Herur,Boregowdanapalya,2025-11-05,800,200,60,Between 8 to 40 years,60,Riverbank,13.0335486,76.9904285,Entry 4,2400.0,0.0,2400.0
Karnataka_Tumakuru_Kunigal_Herur_Chikkakalya,fmc65shq,No,Approved,Karnataka,Tumakuru,Kunigal,Herur,Chikkakalya,2025-11-06,400,60,60,Between 8 to 40 years,60, Field Bund,13.0492999,77.080725,Entry 4,1200.0,0.0,1200.0
Karnataka_Tumakuru_Kunigal_Herur_Chikkathimmanapalya,fml7znah,No,Approved,Karnataka,Tumakuru,Kunigal,Herur,Chikkathimmanapalya,2025-11-06,300,80,60,Between 8 to 40 years,60,Riverbank,13.0276367,77.063874,Entry 4,900.0,0.0,900.0
Karnataka_Tumakuru_Kunigal_Herur_Chowdanayakanapalya,fmtmoek5,No,Approved,Karnataka,Tumakuru,Kunigal,Herur,Chowdanayakanapalya,2025-11-13,600,100,60,Between 8 to 40 years,60,Riverbank,12.9785926,77.1107437,Entry 4,1800.0,0.0,1800.0
Karnataka_Tumakuru_Kunigal_Herur_Dombrahatti,fmi1o495,No,Approved,Karnataka,Tumakuru,Kunigal,Herur,Dombrahatti,2025-11-07,250,50,60,Between 8 to 40 years,60,Riverbank,13.0034667,76.9752873,Entry 4,750.0,0.0,750.0
Karnataka_Tumakuru_Kunigal_Herur_Eachalupalya,fmktoo9p,Yes,Audit Approved,Karnataka,Tumakuru,Kunigal,Herur,Eachalupalya,2025-11-04,500,150,60,Between 8 to 40 years,60, Field Bund,13.0018976,77.0063314,Entry 4,1500.0,0.0,1500.0
Karnataka_Tumakuru_Kunigal_Herur_Ganimastipalya,fmck54mt,No,Approved,Karnataka,Tumakuru,Kunigal,Herur,Ganimastipalya,2025-11-14,500,100,60,Between 8 to 40 years,60,Riverbank,12.9692225,77.1112379,Entry 4,1500.0,0.0,1500.0
Karnataka_Tumakuru_Kunigal_Herur_Giregowdanapalya,fmih7kx0,Yes,Audit Approved,Karnataka,Tumakuru,Kunigal,Herur,Giregowdanapalya,2025-11-15,600,200,60,Between 8 to 40 years,60, Field Bund,12.9699809,77.0225655,Entry 4,1800.0,0.0,1800.0
Karnataka_Tumakuru_Kunigal_Herur_Girinagara,fmoxxbb6,Yes,Audit Approved,Karnataka,Tumakuru,Kunigal,Herur,Girinagara,2025-11-15,800,200,60,Between 8 to 40 years,60,Riverbank,12.9769429,77.0018426,Entry 4,2400.0,0.0,2400.0
Karnataka_Tumakuru_Kunigal_Herur_Gollarahatti,fmijvkai,Yes,Audit Approved,Karnataka,Tumakuru,Kunigal,Herur,Gollarahatti,2025-11-11,500,60,60,Between 8 to 40 years,60,Riverbank,13.0233896,76.9509201,Entry 4,1500.0,0.0,1500.0
Karnataka_Tumakuru_Kunigal_Herur_Herur,fm646r22,No,Approved,Karnataka,Tumakuru,Kunigal,Herur,Herur,2025-11-04,600,100,50,Between 8 to 40 years,60,Riverbank,13.0034432,77.0158068,Entry 4,1800.0,0.0,1800.0
Karnataka_Tumakuru_Kunigal_Herur_Hosapura_Gollarahatti,fmujv437,No,Approved,Karnataka,Tumakuru,Kunigal,Herur,Hosapura Gollarahatti,2025-11-07,500,100,60,Between 8 to 40 years,60,Avenue,12.971751,76.9656189,Entry 4,1500.0,0.0,1500.0
Karnataka_Tumakuru_Kunigal_Herur_Huncegowdanapalya,fmxzzf57,No,Approved,Karnataka,Tumakuru,Kunigal,Herur,Huncegowdanapalya,2025-11-12,500,150,60,Between 8 to 40 years,60,Riverbank,13.0307573,76.9129361,Entry 4,1500.0,0.0,1500.0
Karnataka_Tumakuru_Kunigal_Herur_Hutrikoppalu,fm2rdc22,No,Approved,Karnataka,Tumakuru,Kunigal,Herur,Hutrikoppalu,2025-11-13,600,100,60,Between 8 to 40 years,60,Riverbank,12.9837272,77.101624,Entry 4,1800.0,0.0,1800.0
Karnataka_Tumakuru_Kunigal_Herur_Kallegowdanapalya,fmjjez5y,No,Approved,Karnataka,Tumakuru,Kunigal,Herur,Kallegowdanapalya,2025-11-08,300,50,60,Between 8 to 40 years,60,Riverbank,13.0135004,76.9676456,Entry 4,900.0,0.0,900.0
Karnataka_Tumakuru_Kunigal_Herur_Kapanipalya,fm0c0dyn,No,Approved,Karnataka,Tumakuru,Kunigal,Herur,Kapanipalya,2025-11-06,250,60,60,Between 8 to 40 years,60, Field Bund,13.0382103,77.0532699,Entry 4,750.0,0.0,750.0
Karnataka_Tumakuru_Kunigal_Herur_Keremegalapalya,fmraponf,Yes,Audit Approved,Karnataka,Tumakuru,Kunigal,Herur,Keremegalapalya,2025-11-15,500,80,60,Between 8 to 40 years,60, Field Bund,12.9853693,77.0047209,Entry 4,1500.0,0.0,1500.0
Karnataka_Tumakuru_Kunigal_Herur_Kothipura,fm3xyvlg,No,Approved,Karnataka,Tumakuru,Kunigal,Herur,Kothipura,2025-11-04,400,50,60,Between 8 to 40 years,60, Field Bund,13.0058773,77.0220143,Entry 4,1200.0,0.0,1200.0
Karnataka_Tumakuru_Kunigal_Herur_Kulinanjaiahnapalya,fmr5od83,No,Approved,Karnataka,Tumakuru,Kunigal,Herur,Kulinanjaiahnapalya,2025-11-15,300,80,60,Between 8 to 40 years,60, Field Bund,12.991504,77.0108012,Entry 4,900.0,0.0,900.0
Karnataka_Tumakuru_Kunigal_Herur_Kunigal,fmhz9z35,No,Approved,Karnataka,Tumakuru,Kunigal,Herur,Kunigal,2025-11-14,800,200,60,Between 8 to 40 years,60,Avenue,12.9656214,77.1149426,Entry 4,2400.0,0.0,2400.0
Karnataka_Tumakuru_Kunigal_Herur_Lakkegowdanapalya,fm5jf1dd,No,Approved,Karnataka,Tumakuru,Kunigal,Herur,Lakkegowdanapalya,2025-11-15,300,50,60,Between 8 to 40 years,60, Field Bund,12.959937,77.0206193,Entry 4,900.0,0.0,900.0
Karnataka_Tumakuru_Kunigal_Herur_Lalapura,fm6gyd50,No,Approved,Karnataka,Tumakuru,Kunigal,Herur,Lalapura,2025-11-04,200,30,60,Between 8 to 40 years,60, Field Bund,13.0010653,77.0047628,Entry 4,600.0,0.0,600.0
Karnataka_Tumakuru_Kunigal_Herur_Lallapura_Colony,fmvixodi,No,Approved,Karnataka,Tumakuru,Kunigal,Herur,Lallapura Colony,2025-11-04,400,60,60,Between 8 to 40 years,60, Field Bund,13.0015512,76.997676,Entry 4,1200.0,0.0,1200.0
Karnataka_Tumakuru_Kunigal_Herur_Megalapalya,fmlohhec,No,Approved,Karnataka,Tumakuru,Kunigal,Herur,Megalapalya,2025-11-11,400,80,60,Between 8 to 40 years,60,Riverbank,13.0310048,76.9416302,Entry 4,1200.0,0.0,1200.0
Karnataka_Tumakuru_Kunigal_Herur_Mestriramannanapalya,fmdej6xf,No,Approved,Karnataka,Tumakuru,Kunigal,Herur,Mestriramannanapalya,2025-11-05,300,80,60,Between 8 to 40 years,60, Field Bund,13.0471718,77.016641,Entry 4,900.0,0.0,900.0
Karnataka_Tumakuru_Kunigal_Herur_Mudugere_palya,fm8filaq,No,Approved,Karnataka,Tumakuru,Kunigal,Herur,Mudugere palya,2025-11-12,400,60,60,Between 8 to 40 years,60, Field Bund,13.0100337,76.9349965,Entry 4,1200.0,0.0,1200.0
Karnataka_Tumakuru_Kunigal_Herur_Mudugiripalya,fmycjr5w,No,Approved,Karnataka,Tumakuru,Kunigal,Herur,Mudugiripalya,2025-11-06,150,40,60,Between 8 to 40 years,60, Field Bund,13.0297953,77.0787662,Entry 4,450.0,0.0,450.0
Karnataka_Tumakuru_Kunigal_Herur_Nanjechenanapalya,fmrlwx31,No,Approved,Karnataka,Tumakuru,Kunigal,Herur,Nanjechenanapalya,2025-11-08,100,20,60,Between 8 to 40 years,60,Riverbank,12.9983018,76.9651943,Entry 4,300.0,0.0,300.0
Karnataka_Tumakuru_Kunigal_Herur_Neelathanahalli,fmyjon9l,No,Approved,Karnataka,Tumakuru,Kunigal,Herur,Neelathanahalli,2025-11-06,300,50,60,Between 8 to 40 years,60, Field Bund,13.0490487,77.0586065,Entry 4,900.0,0.0,900.0
Karnataka_Tumakuru_Kunigal_Herur_Ramegowdanapalya,fmxtq6m7,No,Approved,Karnataka,Tumakuru,Kunigal,Herur,Ramegowdanapalya,2025-11-05,600,100,60,Between 8 to 40 years,60,Forest,13.0312348,76.9843757,Entry 4,1800.0,0.0,1800.0
Karnataka_Tumakuru_Kunigal_Herur_Ranganathapura,fmdxnbsn,No,Approved,Karnataka,Tumakuru,Kunigal,Herur,Ranganathapura,2025-11-11,500,100,60,Between 8 to 40 years,60, Field Bund,13.0097742,76.9595846,Entry 4,1500.0,0.0,1500.0
Karnataka_Tumakuru_Kunigal_Herur_Rangegowdanapalya,fmuoous2,No,Approved,Karnataka,Tumakuru,Kunigal,Herur,Rangegowdanapalya,2025-11-07,200,40,60,Between 8 to 40 years,60, Field Bund,12.9960905,76.9781563,Entry 4,600.0,0.0,600.0
Karnataka_Tumakuru_Kunigal_Herur_Santhepete,fmk3m4k6,No,Approved,Karnataka,Tumakuru,Kunigal,Herur,Santhepete,2025-11-14,500,100,60,Between 8 to 40 years,60, Field Bund,12.9529066,77.1119014,Entry 4,1500.0,0.0,1500.0
Karnataka_Tumakuru_Kunigal_Herur_Siddamanipalya,fm1gv53x,No,Approved,Karnataka,Tumakuru,Kunigal,Herur,Siddamanipalya,2025-11-14,200,50,60,Between 8 to 40 years,60, Field Bund,12.9661702,77.0861652,Entry 4,600.0,0.0,600.0
Karnataka_Tumakuru_Kunigal_Herur_Tarikere,fm2bv33e,No,Approved,Karnataka,Tumakuru,Kunigal,Herur,Tarikere,2025-11-15,600,80,60,Between 8 to 40 years,60,Riverbank,12.9543191,77.0190151,Entry 4,1800.0,0.0,1800.0
Karnataka_Tumakuru_Kunigal_Herur_Thimegowdanapalya,fmq0e6dx,No,Approved,Karnataka,Tumakuru,Kunigal,Herur,Thimegowdanapalya,2025-11-08,600,100,60,Between 8 to 40 years,60,Riverbank,12.9710659,76.9444663,Entry 4,1800.0,0.0,1800.0
Karnataka_Tumakuru_Kunigal_Herur_Thirumalainapalya,fmqg1c3j,No,Approved,Karnataka,Tumakuru,Kunigal,Herur,Thirumalainapalya,2025-11-05,400,50,60,Between 8 to 40 years,60,Riverbank,13.0356993,76.9940566,Entry 4,1200.0,0.0,1200.0
Karnataka_Tumakuru_Kunigal_Herur_Thopegowdanapalya,fmity88k,No,Approved,Karnataka,Tumakuru,Kunigal,Herur,Thopegowdanapalya,2025-11-06,200,60,60,Between 8 to 40 years,60,Riverbank,13.0270316,77.0520479,Entry 4,600.0,0.0,600.0
Karnataka_Tumakuru_Kunigal_Herur_Thumbegowdanapalya,fmsyeliu,No,Approved,Karnataka,Tumakuru,Kunigal,Herur,Thumbegowdanapalya,2025-11-07,200,60,60,Between 8 to 40 years,60,Riverbank,13.041023,77.077467,Entry 4,600.0,0.0,600.0
Karnataka_Tumakuru_Kunigal_Herur_Urakehalli,fmow54ut,No,Approved,Karnataka,Tumakuru,Kunigal,Herur,Urakehalli,2025-11-07,300,40,60,Between 8 to 40 years,60,Riverbank,12.9954302,76.9789216,Entry 4,900.0,0.0,900.0
Karnataka_Tumakuru_Kunigal_Hosahalli_Borasandra,fmemmy7c,Yes,Audit Approved,Karnataka,Tumakuru,Kunigal,Hosahalli,Borasandra,2025-11-15,800,200,60,Between 8 to 40 years,60,Riverbank,12.9641776,77.0121069,Entry 4,2400.0,0.0,2400.0
Karnataka_Tumakuru_Kunigal_Hosahalli_Yachagatta,fmo2dmmu,Yes,Audit Approved,Karnataka,Tumakuru,Kunigal,Hosahalli,Yachagatta,2025-11-15,1000,300,60,Between 8 to 40 years,70, Field Bund,12.9711837,77.0022482,Entry 4,3000.0,0.0,3000.0
Karnataka_Tumakuru_Kunigal_Jinnagara_Kantanahalli,fmmjf7eh,No,Approved,Karnataka,Tumakuru,Kunigal,Jinnagara,Kantanahalli,2025-11-12,500,150,60,Between 8 to 40 years,60, Field Bund,13.0208864,76.9206397,Entry 4,1500.0,0.0,1500.0
Karnataka_Tumakuru_Kunigal_Kaggere_Alappanagudde,fm2aza3g,Yes,Audit Approved,Karnataka,Tumakuru,Kunigal,Kaggere,Alappanagudde,2025-11-08,500,100,60,Between 8 to 40 years,60,Riverbank,13.0043091,76.9560271,Entry 4,1500.0,0.0,1500.0
Karnataka_Tumakuru_Kunigal_Kaggere_Basavanamathikere,fmhffk2l,No,Approved,Karnataka,Tumakuru,Kunigal,Kaggere,Basavanamathikere,2025-11-07,400,60,60,Between 8 to 40 years,60, Field Bund,12.9796006,76.9755,Entry 4,1200.0,0.0,1200.0
Karnataka_Tumakuru_Kunigal_Kaggere_Gowdagere,fmh32646,No,Approved,Karnataka,Tumakuru,Kunigal,Kaggere,Gowdagere,2025-11-07,300,50,60,Between 8 to 40 years,60,Riverbank,12.9677776,76.9519857,Entry 4,900.0,0.0,900.0
Karnataka_Tumakuru_Kunigal_Kaggere_Kaggere,fmousqne,No,Approved,Karnataka,Tumakuru,Kunigal,Kaggere,Kaggere,2025-11-08,600,100,60,Between 8 to 40 years,60,Riverbank,12.9769857,76.9486889,Entry 4,1800.0,0.0,1800.0
Karnataka_Tumakuru_Kunigal_Kaggere_Venkategowdanapalya,fmpify2l,No,Approved,Karnataka,Tumakuru,Kunigal,Kaggere,Venkategowdanapalya,2025-11-08,200,50,60,Between 8 to 40 years,60,Riverbank,13.0040831,76.9557991,Entry 4,600.0,0.0,600.0
Karnataka_Tumakuru_Kunigal_Kempanahalli_Nittur,fm3hxrio,No,Approved,Karnataka,Tumakuru,Kunigal,Kempanahalli,Nittur,2025-11-14,300,50,60,Between 8 to 40 years,60, Field Bund,12.9642553,77.0933958,Entry 4,900.0,0.0,900.0
Karnataka_Tumakuru_Kunigal_Kempanahalli_Rajagere,fmg767eg,No,Approved,Karnataka,Tumakuru,Kunigal,Kempanahalli,Rajagere,2025-11-15,800,200,60,Between 8 to 40 years,60,Avenue,12.9753862,77.0738483,Entry 4,2400.0,0.0,2400.0
Karnataka_Tumakuru_Kunigal_Kempanahalli_Sondalagere,fmajt74x,No,Approved,Karnataka,Tumakuru,Kunigal,Kempanahalli,Sondalagere,2025-11-15,200,50,60,Between 8 to 40 years,60, Field Bund,12.9809433,77.0906086,Entry 4,600.0,0.0,600.0
Karnataka_Tumakuru_Kunigal_Kodavathi_Kenkere,fmnxwglg,No,Approved,Karnataka,Tumakuru,Kunigal,Kodavathi,Kenkere,2025-11-08,500,80,60,Between 8 to 40 years,60,Riverbank,13.0107848,76.974781,Entry 4,1500.0,0.0,1500.0
Karnataka_Tumakuru_Kunigal_Kodigehalli_Hosapura,fmqby14e,No,Approved,Karnataka,Tumakuru,Kunigal,Kodigehalli,Hosapura,2025-11-07,500,80,60,Between 8 to 40 years,60,Riverbank,12.9570012,76.9616403,Entry 4,1500.0,0.0,1500.0
Karnataka_Tumakuru_Kunigal_Kodigehalli_Narayanapura,fmm7uzo5,No,Approved,Karnataka,Tumakuru,Kunigal,Kodigehalli,Narayanapura,2025-11-08,300,50,60,Between 8 to 40 years,60,Riverbank,12.9636986,76.940858,Entry 4,900.0,0.0,900.0
Karnataka_Tumakuru_Kunigal_Koppa_Byaladakere,fmidlqih,No,Approved,Karnataka,Tumakuru,Kunigal,Koppa,Byaladakere,2025-11-13,200,50,60,Between 8 to 40 years,60, Field Bund,12.9973742,76.9132079,Entry 4,600.0,0.0,600.0
Karnataka_Tumakuru_Kunigal_Koppa_Hulivana,fmri2sgl,No,Approved,Karnataka,Tumakuru,Kunigal,Koppa,Hulivana,2025-11-12,600,200,60,Between 8 to 40 years,60,Riverbank,13.024824,76.9073647,Entry 4,1800.0,0.0,1800.0
Karnataka_Tumakuru_Kunigal_Koppa_Kakkepalya,fmvbwaar,No,Approved,Karnataka,Tumakuru,Kunigal,Koppa,Kakkepalya,2025-11-12,200,40,60,Between 8 to 40 years,60, Field Bund,13.0124215,76.9235846,Entry 4,600.0,0.0,600.0
Karnataka_Tumakuru_Kunigal_Koppa_Koppa,fma1ipfp,No,Approved,Karnataka,Tumakuru,Kunigal,Koppa,Koppa,2025-11-12,400,60,60,Between 8 to 40 years,60, Field Bund,12.9976827,76.8951427,Entry 4,1200.0,0.0,1200.0
Karnataka_Tumakuru_Kunigal_Koppa_Manavalli,fmbw7opw,No,Approved,Karnataka,Tumakuru,Kunigal,Koppa,Manavalli,2025-11-12,300,50,60,Between 8 to 40 years,60, Field Bund,13.0190749,76.9053988,Entry 4,900.0,0.0,900.0
Karnataka_Tumakuru_Kunigal_Kothagere_Hosahalli,fmsra7m4,Yes,Audit Approved,Karnataka,Tumakuru,Kunigal,Kothagere,Hosahalli,2025-11-05,1000,100,60,Between 8 to 40 years,60,Riverbank,13.0558904,77.0123533,Entry 4,3000.0,0.0,3000.0
Karnataka_Tumakuru_Kunigal_Kothagere_Kothagere,fm9vjpws,Yes,Audit Approved,Karnataka,Tumakuru,Kunigal,Kothagere,Kothagere,2025-11-04,1000,200,60,Between 8 to 40 years,60,Riverbank,13.0382132,77.0226271,Entry 4,3000.0,0.0,3000.0
Karnataka_Tumakuru_Kunigal_Kothagere_Mavinakatte,fmtjppn1,No,Approved,Karnataka,Tumakuru,Kunigal,Kothagere,Mavinakatte,2025-11-06,200,60,60,Between 8 to 40 years,60,Riverbank,13.0306147,77.0448666,Entry 4,600.0,0.0,600.0
Karnataka_Tumakuru_Kunigal_Madikehalli_Bommadigere,fmnbx2zm,Yes,Audit Approved,Karnataka,Tumakuru,Kunigal,Madikehalli,Bommadigere,2025-11-12,600,100,60,Between 8 to 40 years,60, Field Bund,13.0507075,76.9560262,Entry 4,1800.0,0.0,1800.0
Karnataka_Tumakuru_Kunigal_Madikehalli_Dasanapura,fm47d7tq,No,Approved,Karnataka,Tumakuru,Kunigal,Madikehalli,Dasanapura,2025-11-15,300,50,60,Between 8 to 40 years,60,Riverbank,12.9676977,77.0073946,Entry 4,900.0,0.0,900.0
Karnataka_Tumakuru_Kunigal_Madikehalli_Govindaianapalya,fmgm1xmr,Yes,Audit Approved,Karnataka,Tumakuru,Kunigal,Madikehalli,Govindaianapalya,2025-11-12,600,150,60,Between 8 to 40 years,60,Forest,13.0514596,76.9757458,Entry 4,1800.0,0.0,1800.0
Karnataka_Tumakuru_Kunigal_Madikehalli_Janagere,fmhyxb8i,Yes,Audit Approved,Karnataka,Tumakuru,Kunigal,Madikehalli,Janagere,2025-11-05,2000,220,60,Between 8 to 40 years,60,Riverbank,13.0539447,76.9990945,Entry 4,6000.0,0.0,6000.0
Karnataka_Tumakuru_Kunigal_Madikehalli_Madike_Kannasandra,fm67yh3g,Yes,Audit Approved,Karnataka,Tumakuru,Kunigal,Madikehalli,Madike Kannasandra,2025-11-11,800,150,60,Between 8 to 40 years,60,Riverbank,13.0427143,76.9542023,Entry 4,2400.0,0.0,2400.0
Karnataka_Tumakuru_Kunigal_Madikehalli_Madikehalli,fmhgt520,Yes,Audit Approved,Karnataka,Tumakuru,Kunigal,Madikehalli,Madikehalli,2025-11-05,600,100,60,Between 8 to 40 years,60,Riverbank,13.0495616,76.9875111,Entry 4,1800.0,0.0,1800.0
Karnataka_Tumakuru_Kunigal_Madikehalli_Menasinahalli,fmtwp80q,No,Approved,Karnataka,Tumakuru,Kunigal,Madikehalli,Menasinahalli,2025-11-05,500,100,60,Below 8 years,0, Field Bund,13.027631,76.9964009,Entry 4,1500.0,0.0,1500.0
Karnataka_Tumakuru_Kunigal_Markonahalli_Kattigehalli,fmxfhz6b,No,Approved,Karnataka,Tumakuru,Kunigal,Markonahalli,Kattigehalli,2025-11-07,500,60,60,Between 8 to 40 years,60, Field Bund,12.9908688,76.9806293,Entry 4,1500.0,0.0,1500.0
Karnataka_Tumakuru_Kunigal_Nademavinapura_Hadonahalli,fmhhl6cg,No,Approved,Karnataka,Tumakuru,Kunigal,Nademavinapura,Hadonahalli,2025-11-11,500,100,60,Between 8 to 40 years,60,Riverbank,13.0391394,76.9530463,Entry 4,1500.0,0.0,1500.0
Karnataka_Tumakuru_Kunigal_Nademavinapura_Kannaguni,fmrscxlt,No,Approved,Karnataka,Tumakuru,Kunigal,Nademavinapura,Kannaguni,2025-11-11,350,50,60,Between 8 to 40 years,60,Riverbank,13.0252913,76.9545512,Entry 4,1050.0,0.0,1050.0
Karnataka_Tumakuru_Kunigal_Nademavinapura_Nademavinapura,fmrrblnb,No,Approved,Karnataka,Tumakuru,Kunigal,Nademavinapura,Nademavinapura,2025-11-11,300,80,60,Between 8 to 40 years,60,Riverbank,13.007909,76.9662377,Entry 4,900.0,0.0,900.0
Karnataka_Tumakuru_Kunigal_Nademavinapura_Nagegowdanapalya,fmm1vxhz,No,Approved,Karnataka,Tumakuru,Kunigal,Nademavinapura,Nagegowdanapalya,2025-11-12,500,80,60,Between 8 to 40 years,60, Field Bund,13.0041671,76.9464433,Entry 4,1500.0,0.0,1500.0
Karnataka_Tumakuru_Kunigal_Nademavinapura_Tuvvekere,fmrr7ubo,No,Approved,Karnataka,Tumakuru,Kunigal,Nademavinapura,Tuvvekere,2025-11-11,400,50,60,Between 8 to 40 years,60,Riverbank,13.0268375,76.9373726,Entry 4,1200.0,0.0,1200.0
Karnataka_Tumakuru_Kunigal_Nagasandra_Chottanahalli,fmsou289,Yes,Audit Approved,Karnataka,Tumakuru,Kunigal,Nagasandra,Chottanahalli,2025-11-04,1500,300,60,Between 8 to 40 years,60,Riverbank,13.0078541,76.9838127,Entry 4,4500.0,0.0,4500.0
Karnataka_Tumakuru_Kunigal_Nagasandra_Honnegowdanapalya,fm56hfe2,No,Approved,Karnataka,Tumakuru,Kunigal,Nagasandra,Honnegowdanapalya,2025-11-12,400,80,60,Between 8 to 40 years,60, Field Bund,13.0334962,76.9179073,Entry 4,1200.0,0.0,1200.0
Karnataka_Tumakuru_Kunigal_Nagasandra_Huruliborasandra,fmop6pis,No,Approved,Karnataka,Tumakuru,Kunigal,Nagasandra,Huruliborasandra,2025-11-07,600,80,60,Between 8 to 40 years,60, Field Bund,12.973295,76.9697019,Entry 4,1800.0,0.0,1800.0
Karnataka_Tumakuru_Kunigal_Nagasandra_Kotekere,fmw85qhg,Yes,Audit Approved,Karnataka,Tumakuru,Kunigal,Nagasandra,Kotekere,2025-11-12,800,150,60,Between 8 to 40 years,60,Riverbank,13.0518418,76.9464758,Entry 4,2400.0,0.0,2400.0
Karnataka_Tumakuru_Kunigal_Nagasandra_Nagasandra,fmuthtrj,No,Approved,Karnataka,Tumakuru,Kunigal,Nagasandra,Nagasandra,2025-11-12,600,100,60,Between 8 to 40 years,60,Riverbank,13.0308687,76.911208,Entry 4,1800.0,0.0,1800.0
Karnataka_Tumakuru_Kunigal_Santemavathur_Kempanahalli,fmn8s3p4,No,Approved,Karnataka,Tumakuru,Kunigal,Santemavathur,Kempanahalli,2024-11-10,800,100,80,Between 8 to 40 years,50, Field Bund,13.7151007,76.9642051,Entry 4,2400.0,0.0,2400.0
Karnataka_Tumakuru_Kunigal_Tavarekere_Kempanahalli,fm9c5vpu,No,Approved,Karnataka,Tumakuru,Kunigal,Tavarekere,Kempanahalli,2025-11-14,500,80,60,Between 8 to 40 years,60,Riverbank,12.9640769,77.0937873,Entry 4,1500.0,0.0,1500.0
Karnataka_Tumakuru_Kunigal_Unknown_Bidanagere,fmr0mnma,Yes,Audit Approved,Karnataka,Tumakuru,Kunigal,Unknown,Bidanagere,2025-11-06,500,100,50,Between 8 to 40 years,60,Riverbank,13.0294106,77.057204,Entry 4,1500.0,0.0,1500.0
Karnataka_Tumakuru_Kunigal_Utharidurga_Huthri,fmlauuyh,No,Approved,Karnataka,Tumakuru,Kunigal,Utharidurga,Huthri,2025-11-13,800,150,60,Between 8 to 40 years,60,Riverbank,12.9752817,77.1052138,Entry 4,2400.0,0.0,2400.0
Karnataka_Tumakuru_Kunigal_Yadiyur_Magadipalya,fm1faa4y,No,Approved,Karnataka,Tumakuru,Kunigal,Yadiyur,Magadipalya,2025-11-13,500,60,60,Between 8 to 40 years,60, Field Bund,12.9921163,76.8960965,Entry 4,1500.0,0.0,1500.0
Karnataka_Tumakuru_Kunigal_Yediyur_Chakenahalli,fmdqnzs1,No,Approved,Karnataka,Tumakuru,Kunigal,Yediyur,Chakenahalli,2025-11-13,300,80,60,Between 8 to 40 years,60, Field Bund,12.98435,76.8709349,Entry 4,900.0,0.0,900.0
Karnataka_Tumakuru_Kunigal_Yediyur_Gottikere,fmkm9es6,No,Approved,Karnataka,Tumakuru,Kunigal,Yediyur,Gottikere,2025-11-06,300,80,60,Between 8 to 40 years,60,Riverbank,13.0276909,77.0714961,Entry 4,900.0,0.0,900.0
Karnataka_Tumakuru_Kunigal_Yediyur_Kodipalya,fmqjqxu6,No,Approved,Karnataka,Tumakuru,Kunigal,Yediyur,Kodipalya,2025-11-11,500,100,60,Between 8 to 40 years,60,Riverbank,13.0310242,76.9387995,Entry 4,1500.0,0.0,1500.0
Karnataka_Tumakuru_Kunigal_Yediyur_Yediyur,fmjcj4u3,No,Approved,Karnataka,Tumakuru,Kunigal,Yediyur,Yediyur,2025-11-13,300,50,60,Between 8 to 40 years,60,Riverbank,12.9833042,76.8643499,Entry 4,900.0,0.0,900.0
Karnataka_Tumakuru_Kunigal_Yeleyur_Bukkasagara,fmneh7q4,Yes,Audit Approved,Karnataka,Tumakuru,Kunigal,Yeleyur,Bukkasagara,2025-11-13,500,100,60,Between 8 to 40 years,60,Riverbank,12.9970203,77.087386,Entry 4,1500.0,0.0,1500.0
Karnataka_Tumakuru_Kunigal_Yeleyur_Kallanaikanahalli,fm4f5gh6,Yes,Audit Approved,Karnataka,Tumakuru,Kunigal,Yeleyur,Kallanaikanahalli,2025-11-13,500,200,60,Between 8 to 40 years,60,Riverbank,13.0220658,77.083443,Entry 4,1500.0,0.0,1500.0
Karnataka_Tumakuru_Kunigal_Yeleyur_Kundur,fmiaiylh,No,Approved,Karnataka,Tumakuru,Kunigal,Yeleyur,Kundur,2025-11-14,500,100,60,Between 8 to 40 years,60,Riverbank,12.9818938,77.0678669,Entry 4,1500.0,0.0,1500.0
Karnataka_Tumakuru_Kunigal_Yeleyur_Yeliyur,fmg9i7p9,Yes,Audit Approved,Karnataka,Tumakuru,Kunigal,Yeleyur,Yeliyur,2025-11-13,600,100,60,Between 8 to 40 years,60,Riverbank,13.0072011,77.0788827,Entry 4,1800.0,0.0,1800.0
Karnataka_Tumakuru_Kunigal_Yeliyur_Anchepalya,fmgm7p6v,No,Approved,Karnataka,Tumakuru,Kunigal,Yeliyur,Anchepalya,2025-11-13,200,30,60,Between 8 to 40 years,60,Riverbank,13.0282055,77.0828577,Entry 4,600.0,0.0,600.0
Karnataka_Tumakuru_Kunigal_Yeliyur_Bommegowdanahallipalya,fmg9h06x,Yes,Audit Approved,Karnataka,Tumakuru,Kunigal,Yeliyur,Bommegowdanahallipalya,2025-11-13,800,200,60,Between 8 to 40 years,60,Riverbank,12.9936106,77.093825,Entry 4,2400.0,0.0,2400.0
Karnataka_Tumakuru_Madhugiri_Badavanahalli_Appanahalli,fmy4u1dt,No,Approved,Karnataka,Tumakuru,Madhugiri,Badavanahalli,Appanahalli,2024-09-27,200,30,80,Between 8 to 40 years,60, Field Bund,13.6683299,77.0775449,Entry 4,600.0,0.0,600.0
Karnataka_Tumakuru_Madhugiri_Badavanahalli_Badavanahalli,fm2i3z7i,No,Approved,Karnataka,Tumakuru,Madhugiri,Badavanahalli,Badavanahalli,2024-11-05,500,100,80,Between 8 to 40 years,60,Riverbank,13.6765884,77.0753075,Entry 4,1500.0,0.0,1500.0
Karnataka_Tumakuru_Madhugiri_Badavanahalli_Kanapanaikanahalli,fmp8zzwr,No,Approved,Karnataka,Tumakuru,Madhugiri,Badavanahalli,Kanapanaikanahalli,2024-09-27,500,100,80,Between 8 to 40 years,50,Riverbank,13.6684862,77.0753119,Entry 4,1500.0,0.0,1500.0
Karnataka_Tumakuru_Madhugiri_Badavanahalli_Krishnapura,fmsosh5h,No,Approved,Karnataka,Tumakuru,Madhugiri,Badavanahalli,Krishnapura,2024-10-03,400,100,80,Between 8 to 40 years,60, Field Bund,13.8024361,77.2059899,Entry 4,1200.0,0.0,1200.0
Karnataka_Tumakuru_Madhugiri_Badavanahalli_Lingasandra,fm4ycuy1,No,Approved,Karnataka,Tumakuru,Madhugiri,Badavanahalli,Lingasandra,2024-09-27,300,100,80,Between 8 to 40 years,50, Field Bund,13.64427,77.0891769,Entry 4,900.0,0.0,900.0
Karnataka_Tumakuru_Madhugiri_Badavanahalli_Sidadaragal,fmy6m41o,No,Approved,Karnataka,Tumakuru,Madhugiri,Badavanahalli,Sidadaragal,2024-09-27,100,20,80,Between 8 to 40 years,50,Riverbank,13.6545654,77.0848552,Entry 4,300.0,0.0,300.0
Karnataka_Tumakuru_Madhugiri_Badavanahalli_Thippanahalli,fmrcbxg3,No,Approved,Karnataka,Tumakuru,Madhugiri,Badavanahalli,Thippanahalli,2024-11-05,600,100,80,Between 8 to 40 years,60,Riverbank,13.6876883,77.0639121,Entry 4,1800.0,0.0,1800.0
Karnataka_Tumakuru_Madhugiri_Bijavara_Bijavara,fmgq6i2z,No,Approved,Karnataka,Tumakuru,Madhugiri,Bijavara,Bijavara,2024-08-27,200,20,80,Between 8 to 40 years,80, Field Bund,13.6737655,77.233882,Entry 1,600.0,0.0,600.0
Karnataka_Tumakuru_Madhugiri_Bijavara_Kambatanahalli,fmcrev4h,Yes,Audit Approved,Karnataka,Tumakuru,Madhugiri,Bijavara,Kambatanahalli,2024-09-18,150,50,80,Between 8 to 40 years,50,Riverbank,13.6694578,77.2168619,Entry 4,450.0,0.0,450.0
Karnataka_Tumakuru_Madhugiri_Bijavara_Karamaradi,fmp49oh6,No,Approved,Karnataka,Tumakuru,Madhugiri,Bijavara,Karamaradi,2024-10-10,50,20,80,Between 8 to 40 years,60, Field Bund,13.6704005,77.2138967,Entry 4,150.0,0.0,150.0
Karnataka_Tumakuru_Madhugiri_Bijavara_Maraballi,fmqkiksz,Yes,Audit Approved,Karnataka,Tumakuru,Madhugiri,Bijavara,Maraballi,2024-09-16,200,100,80,Between 8 to 40 years,50, Field Bund,13.6335868,77.2619348,Entry 4,600.0,0.0,600.0
Karnataka_Tumakuru_Madhugiri_Bijavara_Settihalli,fmdtksl8,Yes,Audit Approved,Karnataka,Tumakuru,Madhugiri,Bijavara,Settihalli,2024-09-16,300,50,80,Between 8 to 40 years,40, Field Bund,13.6443303,77.2550631,Entry 4,900.0,0.0,900.0
Karnataka_Tumakuru_Madhugiri_Bijavara_Veerannanahalli,fmqbabbb,No,Approved,Karnataka,Tumakuru,Madhugiri,Bijavara,Veerannanahalli,2024-11-23,2000,500,60,Below 8 years,50,Avenue,13.641743,77.049022,Entry 4,6000.0,0.0,6000.0
Karnataka_Tumakuru_Madhugiri_Bramhasamudra_Muddeneralekere,fmdcotf1,No,Approved,Karnataka,Tumakuru,Madhugiri,Bramhasamudra,Muddeneralekere,2024-09-11,400,80,80,Between 8 to 40 years,50,Riverbank,13.7374608,77.2751539,Entry 4,1200.0,0.0,1200.0
Karnataka_Tumakuru_Madhugiri_Byalya_Chikkahosahalli,fm62r1az,No,Approved,Karnataka,Tumakuru,Madhugiri,Byalya,Chikkahosahalli,2024-12-02,100,30,70,Between 8 to 40 years,70,Block Plantation,13.6631523,77.2109487,Entry 1,300.0,0.0,300.0
Karnataka_Tumakuru_Madhugiri_Chandragiri_Chandragiri,fmevdceg,No,Approved,Karnataka,Tumakuru,Madhugiri,Chandragiri,Chandragiri,2024-09-16,500,80,80,Between 8 to 40 years,60,Riverbank,13.7048001,77.0805471,Entry 4,1500.0,0.0,1500.0
Karnataka_Tumakuru_Madhugiri_Chandragiri_Jakkenahalli,fma8ymip,No,Approved,Karnataka,Tumakuru,Madhugiri,Chandragiri,Jakkenahalli,2024-11-05,500,100,80,Between 8 to 40 years,60,Riverbank,13.6886625,77.0619384,Entry 4,1500.0,0.0,1500.0
Karnataka_Tumakuru_Madhugiri_Chandragiri_Sarjammanahalli,fmmf7g2g,Yes,Audit Approved,Karnataka,Tumakuru,Madhugiri,Chandragiri,Sarjammanahalli,2024-08-30,1500,300,80,Between 8 to 40 years,70, Field Bund,13.7094998,77.1088394,Entry 4,4500.0,0.0,4500.0
Karnataka_Tumakuru_Madhugiri_Chandragiri_Sodenahalli,fmgi70f4,Yes,Audit Approved,Karnataka,Tumakuru,Madhugiri,Chandragiri,Sodenahalli,2024-11-06,3000,1000,80,Between 8 to 40 years,50,Riverbank,13.7311565,77.0785754,Entry 4,9000.0,0.0,9000.0
Karnataka_Tumakuru_Madhugiri_Channenahalli_Brahmadevarahalli,fm9wkoi6,No,Approved,Karnataka,Tumakuru,Madhugiri,Channenahalli,Brahmadevarahalli,2024-10-03,600,150,80,Between 8 to 40 years,50,Riverbank,13.8084664,77.1701514,Entry 4,1800.0,0.0,1800.0
Karnataka_Tumakuru_Madhugiri_Channenahalli_Chinnenahalli,fmyh81j5,No,Approved,Karnataka,Tumakuru,Madhugiri,Channenahalli,Chinnenahalli,2024-10-03,400,100,60,Between 8 to 40 years,50,Riverbank,13.8096489,77.2021812,Entry 4,1200.0,0.0,1200.0
Karnataka_Tumakuru_Madhugiri_Channenahalli_Kallenahalli,fm715rk5,No,Approved,Karnataka,Tumakuru,Madhugiri,Channenahalli,Kallenahalli,2024-10-03,800,200,80,Between 8 to 40 years,50,Riverbank,13.80228,77.1945067,Entry 4,2400.0,0.0,2400.0
Karnataka_Tumakuru_Madhugiri_Channenahalli_Kattirajanahalli,fmlqaddz,No,Approved,Karnataka,Tumakuru,Madhugiri,Channenahalli,Kattirajanahalli,2024-10-03,800,200,80,Between 8 to 40 years,60,Riverbank,13.8075802,77.1791932,Entry 4,2400.0,0.0,2400.0
Karnataka_Tumakuru_Madhugiri_Channenahalli_Neelihalli,fmhd5lmu,No,Approved,Karnataka,Tumakuru,Madhugiri,Channenahalli,Neelihalli,2024-09-05,900,150,80,Between 8 to 40 years,60, Field Bund,13.7848059,77.2010037,Entry 4,2700.0,0.0,2700.0
Karnataka_Tumakuru_Madhugiri_Channenahalli_Neerakallu,fmz8wz2n,No,Approved,Karnataka,Tumakuru,Madhugiri,Channenahalli,Neerakallu,2024-10-03,200,40,50,Between 8 to 40 years,50,Riverbank,13.8095463,77.2104085,Entry 4,600.0,0.0,600.0
Karnataka_Tumakuru_Madhugiri_Channenahalli_Veerachinnenahalli,fm7oovtd,No,Approved,Karnataka,Tumakuru,Madhugiri,Channenahalli,Veerachinnenahalli,2024-10-03,800,150,80,Between 8 to 40 years,50,Riverbank,13.802346,77.2026966,Entry 4,2400.0,0.0,2400.0
Karnataka_Tumakuru_Madhugiri_Chikkamaalur_Chikkamalur,fmtgq385,No,Approved,Karnataka,Tumakuru,Madhugiri,Chikkamaalur,Chikkamalur,2024-10-01,200,50,80,Between 8 to 40 years,60,Riverbank,13.6924173,77.3424359,Entry 4,600.0,0.0,600.0
Karnataka_Tumakuru_Madhugiri_Chikkamaalur_Hosahalli,fmmwvlzz,No,Approved,Karnataka,Tumakuru,Madhugiri,Chikkamaalur,Hosahalli,2024-10-23,300,50,80,Between 8 to 40 years,50,Riverbank,13.6135638,77.2273975,Entry 4,900.0,0.0,900.0
Karnataka_Tumakuru_Madhugiri_Chikkamaalur_Kalenahalli,fmudjoe2,No,Approved,Karnataka,Tumakuru,Madhugiri,Chikkamaalur,Kalenahalli,2024-10-09,60,20,80,Below 8 years,50, Field Bund,13.7234286,77.3547312,Entry 4,180.0,0.0,180.0
Karnataka_Tumakuru_Madhugiri_Chikkamaalur_Kempapura,fminasxk,No,Approved,Karnataka,Tumakuru,Madhugiri,Chikkamaalur,Kempapura,2024-10-09,40,15,80,Between 8 to 40 years,60, Field Bund,13.7029861,77.346217,Entry 4,120.0,0.0,120.0
Karnataka_Tumakuru_Madhugiri_Chikkamaalur_Venkatapura,fmb84era,No,Approved,Karnataka,Tumakuru,Madhugiri,Chikkamaalur,Venkatapura,2024-10-01,200,50,80,Between 8 to 40 years,60,Riverbank,13.7068758,77.3617438,Entry 4,600.0,0.0,600.0
Karnataka_Tumakuru_Madhugiri_Chinakavajra_Chinakavajra,fmz0m5g4,Yes,Audit Approved,Karnataka,Tumakuru,Madhugiri,Chinakavajra,Chinakavajra,2024-09-19,1800,500,70,Between 8 to 40 years,70,Riverbank,13.6273108,77.2109673,Entry 4,5400.0,0.0,5400.0
Karnataka_Tumakuru_Madhugiri_Chinakavajra_Harihararoppa,fmuhi95n,No,Approved,Karnataka,Tumakuru,Madhugiri,Chinakavajra,Harihararoppa,2024-10-12,300,80,60,Between 8 to 40 years,60,Riverbank,13.6369924,77.2048689,Entry 4,900.0,0.0,900.0
Karnataka_Tumakuru_Madhugiri_Chinakavajra_Kammanakote,fme5mcd8,No,Approved,Karnataka,Tumakuru,Madhugiri,Chinakavajra,Kammanakote,2024-10-12,1000,200,60,Between 8 to 40 years,60,Forest,13.6235152,77.1739923,Entry 4,3000.0,0.0,3000.0
Karnataka_Tumakuru_Madhugiri_Chinakavajra_Kataganahatti,fm1cbgmc,No,Approved,Karnataka,Tumakuru,Madhugiri,Chinakavajra,Kataganahatti,2024-10-23,600,100,80,Between 8 to 40 years,60,Riverbank,13.6135638,77.2273975,Entry 4,1800.0,0.0,1800.0
Karnataka_Tumakuru_Madhugiri_Chinakavajra_Keregalapalya,fmrkhrb3,No,Approved,Karnataka,Tumakuru,Madhugiri,Chinakavajra,Keregalapalya,2024-10-21,800,200,80,Between 8 to 40 years,60,Riverbank,13.632421,77.2129818,Entry 4,2400.0,0.0,2400.0
Karnataka_Tumakuru_Madhugiri_D.V.Halli_Achenahalli,fmrsbh,Yes,Audit Approved,Karnataka,Tumakuru,Madhugiri,D.V.Halli,Achenahalli,2024-09-03,600,150,80,Between 8 to 40 years,70,Riverbank,13.6768091,77.1714412,Entry 4,1800.0,0.0,1800.0
Karnataka_Tumakuru_Madhugiri_D.V.Halli_Doddaveeragondanahalli,fm66f1jm,No,Approved,Karnataka,Tumakuru,Madhugiri,D.V.Halli,Doddaveeragondanahalli,2024-09-03,300,50,80,Between 8 to 40 years,60,Riverbank,13.6791471,77.166537,Entry 4,900.0,0.0,900.0
Karnataka_Tumakuru_Madhugiri_D.V.Halli_Gundlahalli,fmbsl38t,No,Approved,Karnataka,Tumakuru,Madhugiri,D.V.Halli,Gundlahalli,2024-09-17,1000,200,80,Between 8 to 40 years,60,Riverbank,13.6686909,77.1789514,Entry 4,3000.0,0.0,3000.0
Karnataka_Tumakuru_Madhugiri_D.V.Halli_Gurammanakatte,fms35qy5,Yes,Audit Approved,Karnataka,Tumakuru,Madhugiri,D.V.Halli,Gurammanakatte,2024-09-09,600,100,80,Between 8 to 40 years,60, Field Bund,13.657709,77.1945578,Entry 4,1800.0,0.0,1800.0
Karnataka_Tumakuru_Madhugiri_D.V.Halli_Kambadahalli,fmqsvf60,No,Approved,Karnataka,Tumakuru,Madhugiri,D.V.Halli,Kambadahalli,2024-09-03,400,60,80,Between 8 to 40 years,70,Riverbank,13.6805479,77.166659,Entry 4,1200.0,0.0,1200.0
Karnataka_Tumakuru_Madhugiri_D.V.Halli_Kuppachariroppa,fm36mb3o,No,Approved,Karnataka,Tumakuru,Madhugiri,D.V.Halli,Kuppachariroppa,2024-10-12,1000,300,50,Between 8 to 40 years,60,Forest,13.6452237,77.194328,Entry 4,3000.0,0.0,3000.0
Karnataka_Tumakuru_Madhugiri_D.V.Halli_Ranganaikana_Roppa,fme3a910,No,Approved,Karnataka,Tumakuru,Madhugiri,D.V.Halli,Ranganaikana Roppa,2024-09-03,350,80,70,Between 8 to 40 years,50,Riverbank,13.6696485,77.1719855,Entry 4,1050.0,0.0,1050.0
Karnataka_Tumakuru_Madhugiri_D.V.Halli_Somalapura,fm9sy57c,No,Approved,Karnataka,Tumakuru,Madhugiri,D.V.Halli,Somalapura,2024-09-17,600,100,80,Between 8 to 40 years,60,Riverbank,13.662974,77.1743144,Entry 4,1800.0,0.0,1800.0
Karnataka_Tumakuru_Madhugiri_D.V.Halli_Thigondanahalli,fmrwswih,No,Approved,Karnataka,Tumakuru,Madhugiri,D.V.Halli,Thigondanahalli,2024-09-18,800,200,50,Between 8 to 40 years,60,Riverbank,13.6598976,77.1567435,Entry 4,2400.0,0.0,2400.0
Karnataka_Tumakuru_Madhugiri_D.V.Halli_Thungoti,fmn6h4kw,No,Approved,Karnataka,Tumakuru,Madhugiri,D.V.Halli,Thungoti,2024-09-18,400,80,80,Between 8 to 40 years,50,Riverbank,13.66735,77.1642982,Entry 4,1200.0,0.0,1200.0
Karnataka_Tumakuru_Madhugiri_Dabbeghatta_Belladamadu,fmovc53t,Yes,Audit Approved,Karnataka,Tumakuru,Madhugiri,Dabbeghatta,Belladamadu,2024-09-26,800,200,80,Between 8 to 40 years,60, Field Bund,13.6784817,77.1492333,Entry 4,2400.0,0.0,2400.0
Karnataka_Tumakuru_Madhugiri_Dabbeghatta_Kurubarahalli,fmioiin0,Yes,Audit Approved,Karnataka,Tumakuru,Madhugiri,Dabbeghatta,Kurubarahalli,2024-09-26,500,200,80,Between 8 to 40 years,60,Riverbank,13.679255,77.1259202,Entry 4,1500.0,0.0,1500.0
Karnataka_Tumakuru_Madhugiri_Dabbeghatta_Thonachagondanahalli,fmlwg1m1,Yes,Audit Approved,Karnataka,Tumakuru,Madhugiri,Dabbeghatta,Thonachagondanahalli,2024-08-30,800,200,90,Between 8 to 40 years,80, Field Bund,13.6864325,77.1150339,Entry 4,2400.0,0.0,2400.0
Karnataka_Tumakuru_Madhugiri_Doddamaalur_Doddamalur,fmz7ugzr,No,Approved,Karnataka,Tumakuru,Madhugiri,Doddamaalur,Doddamalur,2024-10-01,500,200,80,Between 8 to 40 years,60,Avenue,13.6967501,77.3853747,Entry 4,1500.0,0.0,1500.0
Karnataka_Tumakuru_Madhugiri_Doddayalkuru_Chikkayalkur,fm8bc3n6,No,Approved,Karnataka,Tumakuru,Madhugiri,Doddayalkuru,Chikkayalkur,2024-09-09,80,20,80,Between 8 to 40 years,50, Field Bund,13.7752616,77.3019382,Entry 4,240.0,0.0,240.0
Karnataka_Tumakuru_Madhugiri_Doddayalkuru_Dadagondanahalli,fmkh4jg2,No,Approved,Karnataka,Tumakuru,Madhugiri,Doddayalkuru,Dadagondanahalli,2024-10-07,80,30,80,Between 8 to 40 years,60,Riverbank,13.7800331,77.3105463,Entry 4,240.0,0.0,240.0
Karnataka_Tumakuru_Madhugiri_Doddayalkuru_Doddayalkur,fmfc0zmf,No,Approved,Karnataka,Tumakuru,Madhugiri,Doddayalkuru,Doddayalkur,2024-09-09,800,100,80,Between 8 to 40 years,60,Riverbank,13.78789,77.3079925,Entry 4,2400.0,0.0,2400.0
Karnataka_Tumakuru_Madhugiri_Doddayalkuru_Huvinahalli,fmfly57e,No,Approved,Karnataka,Tumakuru,Madhugiri,Doddayalkuru,Huvinahalli,2024-09-09,200,50,80,Between 8 to 40 years,60,Riverbank,13.7705223,77.2945363,Entry 4,600.0,0.0,600.0
Karnataka_Tumakuru_Madhugiri_Doddayalkuru_Thippapura,fm6vcskk,No,Approved,Karnataka,Tumakuru,Madhugiri,Doddayalkuru,Thippapura,2024-09-09,800,150,80,Between 8 to 40 years,70, Field Bund,13.7926041,77.3252638,Entry 4,2400.0,0.0,2400.0
Karnataka_Tumakuru_Madhugiri_Doddayalkuru_Yaramallanahalli,fmt4e2rp,No,Approved,Karnataka,Tumakuru,Madhugiri,Doddayalkuru,Yaramallanahalli,2024-09-09,150,50,80,Between 8 to 40 years,70,Riverbank,13.7948594,77.3061289,Entry 4,450.0,0.0,450.0
Karnataka_Tumakuru_Madhugiri_Dodderi_Banagarahalli,fm55uwr1,No,Approved,Karnataka,Tumakuru,Madhugiri,Dodderi,Banagarahalli,2024-09-27,100,40,80,Between 8 to 40 years,60, Field Bund,13.6500233,77.0979618,Entry 4,300.0,0.0,300.0
Karnataka_Tumakuru_Madhugiri_Dodderi_Bhoothanahalli,fmcv8zo2,No,Approved,Karnataka,Tumakuru,Madhugiri,Dodderi,Bhoothanahalli,2024-12-02,600,100,80,Between 8 to 40 years,60, Field Bund,13.6631525,77.210956,Entry 1,1800.0,0.0,1800.0
Karnataka_Tumakuru_Madhugiri_Dodderi_Dodderi,fmubvmm6,No,Approved,Karnataka,Tumakuru,Madhugiri,Dodderi,Dodderi,2024-09-14,500,80,80,Between 8 to 40 years,50,Riverbank,13.6755296,77.1071752,Entry 4,1500.0,0.0,1500.0
Karnataka_Tumakuru_Madhugiri_Dodderi_Giriyammanapalya,fmvg8a6f,No,Approved,Karnataka,Tumakuru,Madhugiri,Dodderi,Giriyammanapalya,2024-09-05,400,80,80,Between 8 to 40 years,60, Field Bund,13.7277489,77.1980285,Entry 4,1200.0,0.0,1200.0
Karnataka_Tumakuru_Madhugiri_Dodderi_Pemmanahalli,fmc2oos4,Yes,Audit Approved,Karnataka,Tumakuru,Madhugiri,Dodderi,Pemmanahalli,2024-09-16,500,150,80,Between 8 to 40 years,60, Field Bund,13.6246749,77.2561223,Entry 4,1500.0,0.0,1500.0
Karnataka_Tumakuru_Madhugiri_Dodderi_Sanjeevapura,fmz47uao,No,Approved,Karnataka,Tumakuru,Madhugiri,Dodderi,Sanjeevapura,2024-10-05,80,20,80,Between 8 to 40 years,60,Riverbank,13.6982026,77.285473,Entry 4,240.0,0.0,240.0
Karnataka_Tumakuru_Madhugiri_Dodderi_Thimmalapura,fmtucv6w,No,Approved,Karnataka,Tumakuru,Madhugiri,Dodderi,Thimmalapura,2024-09-17,400,60,80,Between 8 to 40 years,60,Riverbank,13.6591189,77.11439,Entry 4,1200.0,0.0,1200.0
Karnataka_Tumakuru_Madhugiri_Dodderi_Ummanahalli,fmotkfj8,No,Approved,Karnataka,Tumakuru,Madhugiri,Dodderi,Ummanahalli,2024-12-02,100,20,80,Between 8 to 40 years,60,Riverbank,13.6631553,77.2109475,Entry 1,300.0,0.0,300.0
Karnataka_Tumakuru_Madhugiri_Ganjalagunte_Amaravathi,fmk91nho,No,Approved,Karnataka,Tumakuru,Madhugiri,Ganjalagunte,Amaravathi,2024-08-28,250,40,90,Between 8 to 40 years,60, Field Bund,13.7094072,77.2758043,Entry 4,750.0,0.0,750.0
Karnataka_Tumakuru_Madhugiri_Ganjalagunte_Ganjalagunte,fmi7yg2y,No,Approved,Karnataka,Tumakuru,Madhugiri,Ganjalagunte,Ganjalagunte,2024-08-28,800,100,80,Between 8 to 40 years,80,Block Plantation,13.71267,77.2759203,Entry 1,2400.0,0.0,2400.0
Karnataka_Tumakuru_Madhugiri_Ganjalagunte_Mallenahalli,fm0rpcjg,Yes,Audit Approved,Karnataka,Tumakuru,Madhugiri,Ganjalagunte,Mallenahalli,2024-09-16,2000,1500,80,Between 8 to 40 years,60,Riverbank,13.7083088,77.0823613,Entry 4,6000.0,0.0,6000.0
Karnataka_Tumakuru_Madhugiri_Ganjalagunte_Muddenahalli,fm49lwvn,No,Approved,Karnataka,Tumakuru,Madhugiri,Ganjalagunte,Muddenahalli,2024-08-28,300,50,80,Between 8 to 40 years,60, Field Bund,13.7126802,77.2765879,Entry 4,900.0,0.0,900.0
Karnataka_Tumakuru_Madhugiri_Ganjalagunte_Shambonahalli,fmkmdppi,No,Approved,Karnataka,Tumakuru,Madhugiri,Ganjalagunte,Shambonahalli,2024-08-28,120,12,90,Between 8 to 40 years,80, Field Bund,13.7126703,77.2759232,Entry 1,360.0,0.0,360.0
Karnataka_Tumakuru_Madhugiri_Garani_Srinivasapura,fm7c2i2k,No,Approved,Karnataka,Tumakuru,Madhugiri,Garani,Srinivasapura,2024-10-22,500,80,80,Between 8 to 40 years,50,Riverbank,13.5090987,77.1971479,Entry 4,1500.0,0.0,1500.0
Karnataka_Tumakuru_Madhugiri_Gondihalli_Chunchenahalli,fm812bdb,No,Approved,Karnataka,Tumakuru,Madhugiri,Gondihalli,Chunchenahalli,2024-08-28,300,40,80,Between 8 to 40 years,70,Riverbank,13.7201396,77.2896671,Entry 4,900.0,0.0,900.0
Karnataka_Tumakuru_Madhugiri_Hosakere_Avaragal,fmqscoep,Yes,Audit Approved,Karnataka,Tumakuru,Madhugiri,Hosakere,Avaragal,2024-09-05,400,100,80,Between 8 to 40 years,50,Riverbank,13.7363855,77.199476,Entry 4,1200.0,0.0,1200.0
Karnataka_Tumakuru_Madhugiri_Hosakere_Galihalli,fme4vmes,No,Approved,Karnataka,Tumakuru,Madhugiri,Hosakere,Galihalli,2024-10-05,50,20,80,Between 8 to 40 years,50, Field Bund,13.7023056,77.2949124,Entry 4,150.0,0.0,150.0
Karnataka_Tumakuru_Madhugiri_Hosakere_Hosakere,fmz68r4p,No,Approved,Karnataka,Tumakuru,Madhugiri,Hosakere,Hosakere,2024-08-30,800,150,80,Between 8 to 40 years,70, Field Bund,13.7637786,77.1921087,Entry 4,2400.0,0.0,2400.0
Karnataka_Tumakuru_Madhugiri_Kadagathuru_Kadagathur,fmb5fe5d,No,Approved,Karnataka,Tumakuru,Madhugiri,Kadagathuru,Kadagathur,2024-09-30,300,50,80,Between 8 to 40 years,60,,13.7279137,77.45816,Entry 4,900.0,0.0,900.0
Karnataka_Tumakuru_Madhugiri_Kadagathuru_Yakaralahalli,fmtzjdy5,No,Approved,Karnataka,Tumakuru,Madhugiri,Kadagathuru,Yakaralahalli,2024-09-30,200,50,80,Between 8 to 40 years,60,Riverbank,13.7200943,77.4455091,Entry 4,600.0,0.0,600.0
Karnataka_Tumakuru_Madhugiri_Kalidevapura_Bachenahalli,fm0fn5r4,No,Approved,Karnataka,Tumakuru,Madhugiri,Kalidevapura,Bachenahalli,2024-09-18,100,30,60,Between 8 to 40 years,60,Riverbank,13.6739834,77.2174221,Entry 4,300.0,0.0,300.0
Karnataka_Tumakuru_Madhugiri_Kalidevapura_Gundagal,fm60ghib,No,Approved,Karnataka,Tumakuru,Madhugiri,Kalidevapura,Gundagal,2024-09-30,200,40,80,Between 8 to 40 years,60,Riverbank,13.729202,77.4193038,Entry 4,600.0,0.0,600.0
Karnataka_Tumakuru_Madhugiri_Kavanadala_Bommethimmanahalli,fmqm9oh2,No,Approved,Karnataka,Tumakuru,Madhugiri,Kavanadala,Bommethimmanahalli,2024-09-18,800,200,80,Between 8 to 40 years,50,Riverbank,13.6312359,77.1108014,Entry 4,2400.0,0.0,2400.0
Karnataka_Tumakuru_Madhugiri_Kavanadala_Chickathimmanahalli,fmf6sm6q,No,Approved,Karnataka,Tumakuru,Madhugiri,Kavanadala,Chickathimmanahalli,2024-09-28,800,150,60,Between 8 to 40 years,60,Riverbank,13.6136891,77.0945061,Entry 4,2400.0,0.0,2400.0
Karnataka_Tumakuru_Madhugiri_Kavanadala_Goddanapalya,fmh55cho,No,Approved,Karnataka,Tumakuru,Madhugiri,Kavanadala,Goddanapalya,2024-09-28,500,100,70,Between 8 to 40 years,50,Riverbank,13.620836,77.0807606,Entry 4,1500.0,0.0,1500.0
Karnataka_Tumakuru_Madhugiri_Kavanadala_Gubalagutte,fm969a6a,No,Approved,Karnataka,Tumakuru,Madhugiri,Kavanadala,Gubalagutte,2024-09-28,600,150,50,Between 8 to 40 years,60,Riverbank,13.6069674,77.0870582,Entry 4,1800.0,0.0,1800.0
Karnataka_Tumakuru_Madhugiri_Kavanadala_Hanumanahalli,fmfsmzyy,No,Approved,Karnataka,Tumakuru,Madhugiri,Kavanadala,Hanumanahalli,2024-09-28,500,60,80,Between 8 to 40 years,60,Riverbank,13.6122703,77.0884821,Entry 4,1500.0,0.0,1500.0
Karnataka_Tumakuru_Madhugiri_Kavanadala_Kavanadala,fmcmu7ir,No,Approved,Karnataka,Tumakuru,Madhugiri,Kavanadala,Kavanadala,2024-09-19,800,100,70,Between 8 to 40 years,50,Riverbank,13.6288725,77.1025014,Entry 4,2400.0,0.0,2400.0
Karnataka_Tumakuru_Madhugiri_Kavanadala_Kunigal_Thimmanahalli,fm864rlv,No,Approved,Karnataka,Tumakuru,Madhugiri,Kavanadala,Kunigal Thimmanahalli,2024-09-28,800,200,80,Between 8 to 40 years,60,Riverbank,13.6002529,77.0822929,Entry 4,2400.0,0.0,2400.0
Karnataka_Tumakuru_Madhugiri_Kavanadala_Madenahalli,fm0ies5y,No,Approved,Karnataka,Tumakuru,Madhugiri,Kavanadala,Madenahalli,2024-09-27,500,100,80,Between 8 to 40 years,60,Riverbank,13.6363373,77.0889201,Entry 4,1500.0,0.0,1500.0
Karnataka_Tumakuru_Madhugiri_Kavanadala_Muddappanapalya,fmwg94dd,No,Approved,Karnataka,Tumakuru,Madhugiri,Kavanadala,Muddappanapalya,2024-09-28,600,150,40,Between 8 to 40 years,50,Riverbank,13.6253408,77.0901361,Entry 4,1800.0,0.0,1800.0
Karnataka_Tumakuru_Madhugiri_Kavanadala_Pujarahalli,fm8m5mmc,No,Approved,Karnataka,Tumakuru,Madhugiri,Kavanadala,Pujarahalli,2024-10-05,100,40,80,Between 8 to 40 years,60,Riverbank,13.6603595,77.343052,Entry 4,300.0,0.0,300.0
Karnataka_Tumakuru_Madhugiri_Kavanadala_Ranganapalya,fm6p1gcp,No,Approved,Karnataka,Tumakuru,Madhugiri,Kavanadala,Ranganapalya,2024-09-28,400,80,80,Between 8 to 40 years,60,Riverbank,13.6161914,77.0781044,Entry 4,1200.0,0.0,1200.0
Karnataka_Tumakuru_Madhugiri_Kodagadaala_Nanjapura,fmyfpvpk,Yes,Audit Approved,Karnataka,Tumakuru,Madhugiri,Kodagadaala,Nanjapura,2024-09-26,300,50,70,Between 8 to 40 years,50,Riverbank,13.6161568,77.3139954,Entry 1,900.0,0.0,900.0
Karnataka_Tumakuru_Madhugiri_Kodagadaala_Ranganahalli,fmj1i19z,No,Approved,Karnataka,Tumakuru,Madhugiri,Kodagadaala,Ranganahalli,2024-09-24,80,40,80,Between 8 to 40 years,50, Field Bund,13.6105677,77.2767572,Entry 4,240.0,0.0,240.0
Karnataka_Tumakuru_Madhugiri_Kodigenahalli_Gutte,fm094i6m,Yes,Audit Approved,Karnataka,Tumakuru,Madhugiri,Kodigenahalli,Gutte,2024-11-06,2000,500,50,Between 8 to 40 years,50,Block Plantation,13.7192277,77.0913601,Entry 4,6000.0,0.0,6000.0
Karnataka_Tumakuru_Madhugiri_Kodigenahalli_Kodigenahalli,fmwdmhqi,No,Approved,Karnataka,Tumakuru,Madhugiri,Kodigenahalli,Kodigenahalli,2024-10-01,400,50,80,Between 8 to 40 years,60,Riverbank,13.7257604,77.3852308,Entry 4,1200.0,0.0,1200.0
Karnataka_Tumakuru_Madhugiri_Kodigenahalli_Reddihalli,fmok5k2k,No,Approved,Karnataka,Tumakuru,Madhugiri,Kodigenahalli,Reddihalli,2024-10-10,400,150,60,Between 8 to 40 years,60, Field Bund,13.8416179,77.1780017,Entry 4,1200.0,0.0,1200.0
Karnataka_Tumakuru_Madhugiri_Kodlapura_Govindanahalli,fmujyyw7,No,Approved,Karnataka,Tumakuru,Madhugiri,Kodlapura,Govindanahalli,2024-09-11,100,20,80,Between 8 to 40 years,60,Riverbank,13.7146647,77.3402091,Entry 4,300.0,0.0,300.0
Karnataka_Tumakuru_Madhugiri_Kodlapura_Kodlapura,fmmvc4co,No,Approved,Karnataka,Tumakuru,Madhugiri,Kodlapura,Kodlapura,2024-09-11,600,80,80,Between 8 to 40 years,60,Riverbank,13.7060155,77.3173238,Entry 4,1800.0,0.0,1800.0
Karnataka_Tumakuru_Madhugiri_Kodlapura_Veeranagenahalli,fmetmda4,No,Approved,Karnataka,Tumakuru,Madhugiri,Kodlapura,Veeranagenahalli,2024-09-11,400,80,90,Between 8 to 40 years,60,Riverbank,13.7138149,77.3365366,Entry 4,1200.0,0.0,1200.0
Karnataka_Tumakuru_Madhugiri_Kondavaadi_Aralimaradahalli,fmn6wv1o,No,Approved,Karnataka,Tumakuru,Madhugiri,Kondavaadi,Aralimaradahalli,2024-10-05,80,30,80,Between 8 to 40 years,60, Field Bund,13.6697138,77.3408315,Entry 4,240.0,0.0,240.0
Karnataka_Tumakuru_Madhugiri_Kondavaadi_Hunasavadi,fmhivia1,No,Approved,Karnataka,Tumakuru,Madhugiri,Kondavaadi,Hunasavadi,2024-10-05,800,300,60,Below 8 years,60,Riverbank,13.6536699,77.3450506,Entry 4,2400.0,0.0,2400.0
Karnataka_Tumakuru_Madhugiri_Kondavaadi_Kondavadi,fmkh8hs9,No,Approved,Karnataka,Tumakuru,Madhugiri,Kondavaadi,Kondavadi,2024-10-05,100,30,50,Below 8 years,50,Riverbank,13.6655947,77.3442709,Entry 4,300.0,0.0,300.0
Karnataka_Tumakuru_Madhugiri_Kondavaadi_Kulumenahalli,fma0atwc,No,Approved,Karnataka,Tumakuru,Madhugiri,Kondavaadi,Kulumenahalli,2024-10-05,200,50,80,Between 8 to 40 years,60, Field Bund,13.6353959,77.3559703,Entry 4,600.0,0.0,600.0
Karnataka_Tumakuru_Madhugiri_Kondavaadi_Naveladaku,fmb29a2r,No,Approved,Karnataka,Tumakuru,Madhugiri,Kondavaadi,Naveladaku,2024-10-05,80,30,80,Between 8 to 40 years,60, Field Bund,13.6175191,77.3484803,Entry 4,240.0,0.0,240.0
Karnataka_Tumakuru_Madhugiri_Kotagarlahalli_Boramuthanahalli,fmjzamlf,No,Approved,Karnataka,Tumakuru,Madhugiri,Kotagarlahalli,Boramuthanahalli,2024-12-02,1000,200,90,Between 8 to 40 years,60, Field Bund,13.6631528,77.2109457,Entry 1,3000.0,0.0,3000.0
Karnataka_Tumakuru_Madhugiri_Kotagarlahalli_Honnapura,fm6nkc54,No,Approved,Karnataka,Tumakuru,Madhugiri,Kotagarlahalli,Honnapura,2024-09-26,300,50,80,Between 8 to 40 years,60,Riverbank,13.728781,77.1073493,Entry 4,900.0,0.0,900.0
Karnataka_Tumakuru_Madhugiri_Maruvekere_Tavakadahalli,fmzkllt7,No,Approved,Karnataka,Tumakuru,Madhugiri,Maruvekere,Tavakadahalli,2024-12-02,300,80,50,Between 8 to 40 years,60,Riverbank,13.6631522,77.210956,Entry 1,900.0,0.0,900.0
Karnataka_Tumakuru_Madhugiri_Midigeshi_Benakanahalli,fma0je8y,No,Approved,Karnataka,Tumakuru,Madhugiri,Midigeshi,Benakanahalli,2024-10-10,400,150,80,Between 8 to 40 years,60, Field Bund,13.8511454,77.185718,Entry 4,1200.0,0.0,1200.0
Karnataka_Tumakuru_Madhugiri_Midigeshi_Medigeshi,fmzjwm5z,No,Approved,Karnataka,Tumakuru,Madhugiri,Midigeshi,Medigeshi,2024-10-10,80,20,80,Between 8 to 40 years,50, Field Bund,13.8158963,77.2035707,Entry 4,240.0,0.0,240.0
Karnataka_Tumakuru_Madhugiri_Puravara_Haralapura,fm8jm2vc,No,Approved,Karnataka,Tumakuru,Madhugiri,Puravara,Haralapura,2024-10-05,100,30,40,Between 8 to 40 years,60,Riverbank,13.6956709,77.3244957,Entry 4,300.0,0.0,300.0
Karnataka_Tumakuru_Madhugiri_Puravara_Sankapura,fm6bmne4,No,Approved,Karnataka,Tumakuru,Madhugiri,Puravara,Sankapura,2024-10-05,100,50,60,Between 8 to 40 years,50,Riverbank,13.6874671,77.3215878,Entry 4,300.0,0.0,300.0
Karnataka_Tumakuru_Madhugiri_Puravara_Taggihalli,fmwurc8x,No,Approved,Karnataka,Tumakuru,Madhugiri,Puravara,Taggihalli,2024-11-11,300,50,80,Between 8 to 40 years,60,Riverbank,13.7099902,76.9350803,Entry 4,900.0,0.0,900.0
Karnataka_Tumakuru_Madhugiri_Rangapura_Avinamadu,fmu8risg,No,Approved,Karnataka,Tumakuru,Madhugiri,Rangapura,Avinamadu,2024-11-23,500,80,80,Between 8 to 40 years,50,Riverbank,13.6590662,77.0560017,Entry 4,1500.0,0.0,1500.0
Karnataka_Tumakuru_Madhugiri_Rangapura_Borekunte,fmy7xwuk,No,Approved,Karnataka,Tumakuru,Madhugiri,Rangapura,Borekunte,2024-11-23,2000,300,80,Below 8 years,50,Avenue,13.6248363,77.0495704,Entry 4,6000.0,0.0,6000.0
Karnataka_Tumakuru_Madhugiri_Rangapura_Gidadagalahalli,fmtt56s3,No,Approved,Karnataka,Tumakuru,Madhugiri,Rangapura,Gidadagalahalli,2024-11-23,1000,150,80,Between 8 to 40 years,50, Field Bund,13.5877035,77.0487083,Entry 4,3000.0,0.0,3000.0
Karnataka_Tumakuru_Madhugiri_Rangapura_Kunnahalli,fmd0ek5d,No,Approved,Karnataka,Tumakuru,Madhugiri,Rangapura,Kunnahalli,2024-11-10,800,100,80,Between 8 to 40 years,60,Riverbank,13.696448,77.0229827,Entry 4,2400.0,0.0,2400.0
Karnataka_Tumakuru_Madhugiri_Rangapura_Kurihalli,fmhpko5g,No,Approved,Karnataka,Tumakuru,Madhugiri,Rangapura,Kurihalli,2024-11-05,500,80,80,Between 8 to 40 years,60,Riverbank,13.67075,77.0462007,Entry 4,1500.0,0.0,1500.0
Karnataka_Tumakuru_Madhugiri_Rangapura_Rangapura,fmd1ig63,No,Approved,Karnataka,Tumakuru,Madhugiri,Rangapura,Rangapura,2024-11-21,600,80,60,Between 8 to 40 years,60, Field Bund,13.643044,76.9916369,Entry 4,1800.0,0.0,1800.0
Karnataka_Tumakuru_Madhugiri_Rantavalalu_Chambenahalli,fmicoumj,Yes,Audit Approved,Karnataka,Tumakuru,Madhugiri,Rantavalalu,Chambenahalli,2024-09-26,1200,300,80,Between 8 to 40 years,60, Field Bund,13.7428719,77.0842922,Entry 4,3600.0,0.0,3600.0
Karnataka_Tumakuru_Madhugiri_Rantavalalu_Kodiramapura,fmmid3ed,Yes,Audit Approved,Karnataka,Tumakuru,Madhugiri,Rantavalalu,Kodiramapura,2024-09-26,1000,200,50,Below 8 years,50,Block Plantation,13.74555,77.1075073,Entry 4,3000.0,0.0,3000.0
Karnataka_Tumakuru_Madhugiri_Rantavalalu_Mayagondanahalli,fmo8bcte,No,Approved,Karnataka,Tumakuru,Madhugiri,Rantavalalu,Mayagondanahalli,2024-09-26,1800,200,60,Between 8 to 40 years,50,Riverbank,13.7377232,77.115805,Entry 1,5400.0,0.0,5400.0
Karnataka_Tumakuru_Madhugiri_Rantavalalu_Pulamaghatta,fm15zf2i,Yes,Audit Approved,Karnataka,Tumakuru,Madhugiri,Rantavalalu,Pulamaghatta,2024-09-26,500,100,80,Between 8 to 40 years,60,Riverbank,13.7530834,77.0990522,Entry 4,1500.0,0.0,1500.0
Karnataka_Tumakuru_Madhugiri_Rantavalalu_Rantavalalu,fmc1vts7,No,Approved,Karnataka,Tumakuru,Madhugiri,Rantavalalu,Rantavalalu,2024-09-26,200,50,80,Between 8 to 40 years,60, Field Bund,13.7532793,77.1050325,Entry 4,600.0,0.0,600.0
Karnataka_Tumakuru_Madhugiri_Reddyhalli_Kasapura,fmfhue2p,No,Approved,Karnataka,Tumakuru,Madhugiri,Reddyhalli,Kasapura,2024-10-10,400,50,50,Between 8 to 40 years,50,Riverbank,13.8383868,77.1964313,Entry 4,1200.0,0.0,1200.0
Karnataka_Tumakuru_Madhugiri_Reddyhalli_R.Gollahalli,fml417b7,No,Approved,Karnataka,Tumakuru,Madhugiri,Reddyhalli,R.Gollahalli,2024-10-10,800,150,60,Between 8 to 40 years,60,Riverbank,13.850538,77.1611166,Entry 4,2400.0,0.0,2400.0
Karnataka_Tumakuru_Madhugiri_Reddyhalli_Sattigenahalli,fmzuhfod,No,Approved,Karnataka,Tumakuru,Madhugiri,Reddyhalli,Sattigenahalli,2024-10-10,300,50,60,Between 8 to 40 years,60,Riverbank,13.8505697,77.1802485,Entry 4,900.0,0.0,900.0
Karnataka_Tumakuru_Madhugiri_Sajjehossahalli_Basavanahalli,fmoszm95,Yes,Audit Approved,Karnataka,Tumakuru,Madhugiri,Sajjehossahalli,Basavanahalli,2024-09-03,600,200,90,Between 8 to 40 years,70, Field Bund,13.6870794,77.2031044,Entry 4,1800.0,0.0,1800.0
Karnataka_Tumakuru_Madhugiri_Sajjehossahalli_Basmangi_Kaval,fmdezens,No,Approved,Karnataka,Tumakuru,Madhugiri,Sajjehossahalli,Basmangi Kaval,2024-11-06,1500,100,80,Between 8 to 40 years,60,Riverbank,13.7667273,77.0387462,Entry 4,4500.0,0.0,4500.0
Karnataka_Tumakuru_Madhugiri_Sajjehossahalli_Karpenhalli,fmk8ugwv,Yes,Audit Approved,Karnataka,Tumakuru,Madhugiri,Sajjehossahalli,Karpenhalli,2024-11-06,1500,300,60,Between 8 to 40 years,50,Riverbank,13.7663368,77.0444205,Entry 4,4500.0,0.0,4500.0
Karnataka_Tumakuru_Madhugiri_Sajjehossahalli_Kittagali,fmgt650h,Yes,Audit Approved,Karnataka,Tumakuru,Madhugiri,Sajjehossahalli,Kittagali,2024-11-06,1500,500,80,Between 8 to 40 years,40,Avenue,13.7384759,77.0487336,Entry 4,4500.0,0.0,4500.0
Karnataka_Tumakuru_Madhugiri_Sajjehossahalli_Sajje_Hosahalli,fm10rh3w,Yes,Audit Approved,Karnataka,Tumakuru,Madhugiri,Sajjehossahalli,Sajje Hosahalli,2024-11-03,800,150,80,Between 8 to 40 years,60,Riverbank,13.732956,77.0618271,Entry 4,2400.0,0.0,2400.0
Karnataka_Tumakuru_Madhugiri_Sajjehossahalli_Singiravathanahalli,fmj94y1b,Yes,Audit Approved,Karnataka,Tumakuru,Madhugiri,Sajjehossahalli,Singiravathanahalli,2024-11-06,1500,300,50,Between 8 to 40 years,60,Riverbank,13.7541257,77.0500774,Entry 4,4500.0,0.0,4500.0
Karnataka_Tumakuru_Madhugiri_Siddapura_Chikkanahalli,fm073tj9,No,Approved,Karnataka,Tumakuru,Madhugiri,Siddapura,Chikkanahalli,2024-09-05,350,100,80,Between 8 to 40 years,70,Riverbank,13.7071873,77.2002702,Entry 4,1050.0,0.0,1050.0
Karnataka_Tumakuru_Madhugiri_Siddapura_Giddenahalli,fmml6wj2,No,Approved,Karnataka,Tumakuru,Madhugiri,Siddapura,Giddenahalli,2024-09-05,300,50,70,Between 8 to 40 years,70,Riverbank,13.6836861,77.1883793,Entry 4,900.0,0.0,900.0
Karnataka_Tumakuru_Madhugiri_Siddapura_Jadegondnahalli,fmctg3m2,Yes,Audit Approved,Karnataka,Tumakuru,Madhugiri,Siddapura,Jadegondnahalli,2024-09-03,600,100,80,Between 8 to 40 years,70, Field Bund,13.6983854,77.2058048,Entry 4,1800.0,0.0,1800.0
Karnataka_Tumakuru_Madhugiri_Siddapura_Marithimmanahalli,fm96tnlz,No,Approved,Karnataka,Tumakuru,Madhugiri,Siddapura,Marithimmanahalli,2024-09-05,500,80,80,Between 8 to 40 years,80, Field Bund,13.6769433,77.1940413,Entry 4,1500.0,0.0,1500.0
Karnataka_Tumakuru_Madhugiri_Siddapura_Midatarahalli,fmyd1f21,No,Approved,Karnataka,Tumakuru,Madhugiri,Siddapura,Midatarahalli,2024-09-05,500,80,80,Between 8 to 40 years,60, Field Bund,13.6966117,77.1796916,Entry 4,1500.0,0.0,1500.0
Karnataka_Tumakuru_Madhugiri_Siddapura_Siddapura,fme89lv7,No,Approved,Karnataka,Tumakuru,Madhugiri,Siddapura,Siddapura,2024-09-05,400,70,70,Between 8 to 40 years,60,Riverbank,13.6682521,77.2007218,Entry 4,1200.0,0.0,1200.0
Karnataka_Tumakuru_Madhugiri_Singanahalli_Adavinagenahalli,fm0wrqyr,No,Approved,Karnataka,Tumakuru,Madhugiri,Singanahalli,Adavinagenahalli,2024-10-07,300,100,80,Between 8 to 40 years,60, Field Bund,13.7694038,77.3481707,Entry 4,900.0,0.0,900.0
Karnataka_Tumakuru_Madhugiri_Singanahalli_Mydanahalli,fm5g8jt,No,Approved,Karnataka,Tumakuru,Madhugiri,Singanahalli,Mydanahalli,2024-10-09,50,15,80,Between 8 to 40 years,60, Field Bund,13.7345802,77.3497138,Entry 4,150.0,0.0,150.0
Karnataka_Tumakuru_Madhugiri_Singanahalli_Singanahalli,fm7txf6s,No,Approved,Karnataka,Tumakuru,Madhugiri,Singanahalli,Singanahalli,2024-10-07,50,15,80,Between 8 to 40 years,60, Field Bund,13.7549868,77.3880709,Entry 4,150.0,0.0,150.0
Karnataka_Tumakuru_Madhugiri_Unknown_GD._Palya_Doddanahatti,fm6oqab,No,Approved,Karnataka,Tumakuru,Madhugiri,Unknown,GD. Palya Doddanahatti,2024-10-10,300,60,60,Between 8 to 40 years,50,Riverbank,13.8499288,77.1434783,Entry 4,900.0,0.0,900.0
Karnataka_Tumakuru_Madhugiri_Unknown_Madhugiri,fmv2enk9,Yes,Audit Approved,Karnataka,Tumakuru,Madhugiri,Unknown,Madhugiri,2024-09-26,800,200,80,Between 8 to 40 years,60, Field Bund,13.7377405,77.1157718,Entry 4,2400.0,0.0,2400.0
Karnataka_Tumakuru_Madhugiri_Unknown_Thigallarahalli,fmstc7zl,No,Approved,Karnataka,Tumakuru,Madhugiri,Unknown,Thigallarahalli,2024-10-09,50,20,80,Between 8 to 40 years,50, Field Bund,13.7032519,77.3478214,Entry 4,150.0,0.0,150.0
Karnataka_Tumakuru_Madhugiri_Unknown_This__is_Shibinayinapalya,fmv729dm,No,Approved,Karnataka,Tumakuru,Madhugiri,Unknown,This  is Shibinayinapalya,2024-09-28,400,60,80,Between 8 to 40 years,60,Riverbank,13.6127851,77.0916138,Entry 4,1200.0,0.0,1200.0
Karnataka_Tumakuru_Madhugiri_Unknown_This__is_Srirampua,fml4s79c,No,Approved,Karnataka,Tumakuru,Madhugiri,Unknown,This  is Srirampua,2024-10-05,100,30,80,Between 8 to 40 years,50, Field Bund,13.7057674,77.301286,Entry 4,300.0,0.0,300.0
Karnataka_Tumakuru_Madhugiri_Unknown_This_is_Angadi_Mallenahalli,fm2ttuap,No,Approved,Karnataka,Tumakuru,Madhugiri,Unknown,This is Angadi Mallenahalli,2024-09-28,300,50,80,Between 8 to 40 years,60, Field Bund,13.6127584,77.0916064,Entry 4,900.0,0.0,900.0
Karnataka_Tumakuru_Madhugiri_Unknown_This_is_Ballehalli,fm0dkxdf,No,Approved,Karnataka,Tumakuru,Madhugiri,Unknown,This is Ballehalli,2024-11-05,600,80,80,Between 8 to 40 years,60,Riverbank,13.6886519,77.0624292,Entry 4,1800.0,0.0,1800.0
Karnataka_Tumakuru_Madhugiri_Unknown_This_is_Chinnagiripalya,fm4ch0g7,No,Approved,Karnataka,Tumakuru,Madhugiri,Unknown,This is Chinnagiripalya,2024-10-05,50,15,80,Between 8 to 40 years,60, Field Bund,13.6218331,77.3490484,Entry 4,150.0,0.0,150.0
Karnataka_Tumakuru_Madhugiri_Unknown_This_is_Dandipura,fmyzxxtr,No,Approved,Karnataka,Tumakuru,Madhugiri,Unknown,This is Dandipura,2024-09-30,300,50,80,Between 8 to 40 years,60,Riverbank,13.7135652,77.3996252,Entry 4,900.0,0.0,900.0
Karnataka_Tumakuru_Madhugiri_Unknown_This_is_Gudiroppa,fmu9uoh2,No,Approved,Karnataka,Tumakuru,Madhugiri,Unknown,This is Gudiroppa,2024-10-12,400,50,60,Between 8 to 40 years,50,Riverbank,13.6298659,77.1937074,Entry 4,1200.0,0.0,1200.0
Karnataka_Tumakuru_Madhugiri_Unknown_This_is_Gudiroppa_Colony,fmsleix8,No,Approved,Karnataka,Tumakuru,Madhugiri,Unknown,This is Gudiroppa Colony,2024-10-12,300,80,60,Between 8 to 40 years,50,Forest,13.6303517,77.194826,Entry 4,900.0,0.0,900.0
Karnataka_Tumakuru_Madhugiri_Unknown_This_is_H._Gollarahatti,fm5teu65,No,Approved,Karnataka,Tumakuru,Madhugiri,Unknown,This is H. Gollarahatti,2024-10-10,100,30,80,Between 8 to 40 years,50, Field Bund,13.7785715,77.1922379,Entry 4,300.0,0.0,300.0
Karnataka_Tumakuru_Madhugiri_Unknown_This_is_Hanumantharayanapalya,fmkjx5tx,No,Approved,Karnataka,Tumakuru,Madhugiri,Unknown,This is Hanumantharayanapalya,2024-09-28,500,100,80,Between 8 to 40 years,60,Riverbank,13.5941618,77.0794119,Entry 4,1500.0,0.0,1500.0
Karnataka_Tumakuru_Madhugiri_Unknown_This_is_Havekatte,fmwvjqvw,No,Approved,Karnataka,Tumakuru,Madhugiri,Unknown,This is Havekatte,2024-10-12,500,100,60,Between 8 to 40 years,60,Riverbank,13.6443497,77.1894573,Entry 4,1500.0,0.0,1500.0
Karnataka_Tumakuru_Madhugiri_Unknown_This_is_Hunasemaradahatti,fm9w63gu,No,Approved,Karnataka,Tumakuru,Madhugiri,Unknown,This is Hunasemaradahatti,2024-10-18,800,200,80,Between 8 to 40 years,60,Riverbank,13.6170121,77.2268932,Entry 4,2400.0,0.0,2400.0
Karnataka_Tumakuru_Madhugiri_Unknown_This_is_Kurkenahalli,fm4p9w3y,No,Approved,Karnataka,Tumakuru,Madhugiri,Unknown,This is Kurkenahalli,2024-10-07,80,20,80,Between 8 to 40 years,60, Field Bund,13.7463474,77.3846229,Entry 4,240.0,0.0,240.0
Karnataka_Tumakuru_Madhugiri_Unknown_This_is_Marebellu,fmxi3tme,No,Approved,Karnataka,Tumakuru,Madhugiri,Unknown,This is Marebellu,2024-10-12,800,200,70,Between 8 to 40 years,60,Forest,13.6204769,77.1920812,Entry 4,2400.0,0.0,2400.0
Karnataka_Tumakuru_Madhugiri_Unknown_This_is_Maripalya,fmwi1w9m,No,Approved,Karnataka,Tumakuru,Madhugiri,Unknown,This is Maripalya,2024-11-10,1000,100,60,Between 8 to 40 years,50,Riverbank,13.6959168,77.0238604,Entry 4,3000.0,0.0,3000.0
Karnataka_Tumakuru_Madhugiri_Unknown_This_is_Muthurayanahalli,fmlyokcx,No,Approved,Karnataka,Tumakuru,Madhugiri,Unknown,This is Muthurayanahalli,2024-10-07,100,40,80,Between 8 to 40 years,60, Field Bund,13.7705435,77.36691,Entry 4,300.0,0.0,300.0
Karnataka_Tumakuru_Madhugiri_Unknown_This_is_Narasapura,fmih55hc,No,Approved,Karnataka,Tumakuru,Madhugiri,Unknown,This is Narasapura,2024-10-05,50,20,80,Between 8 to 40 years,60, Field Bund,13.6926785,77.2822764,Entry 4,150.0,0.0,150.0
Karnataka_Tumakuru_Madhugiri_Unknown_This_is_Palydahalli,fm28axv4,No,Approved,Karnataka,Tumakuru,Madhugiri,Unknown,This is Palydahalli,2024-10-07,80,20,80,Between 8 to 40 years,60, Field Bund,13.6661143,77.2424066,Entry 4,240.0,0.0,240.0
Karnataka_Tumakuru_Madhugiri_Unknown_This_is_Reddyhalli_Gollarahatti,fmomc5ys,No,Approved,Karnataka,Tumakuru,Madhugiri,Unknown,This is Reddyhalli Gollarahatti,2024-10-10,300,50,80,Between 8 to 40 years,60, Field Bund,13.8441291,77.1628278,Entry 4,900.0,0.0,900.0
Karnataka_Tumakuru_Madhugiri_Unknown_This_is_Shiva_Nagara,fmv81dk9,No,Approved,Karnataka,Tumakuru,Madhugiri,Unknown,This is Shiva Nagara,2024-11-05,500,100,80,Between 8 to 40 years,60, Field Bund,13.6854115,77.0630129,Entry 4,1500.0,0.0,1500.0
Karnataka_Tumakuru_Madhugiri_Unknown_This_is_Sogenalli_Gollarahatti,fmdeno85,No,Approved,Karnataka,Tumakuru,Madhugiri,Unknown,This is Sogenalli Gollarahatti,2024-10-07,200,50,80,Between 8 to 40 years,70, Field Bund,13.6655024,77.2532486,Entry 4,600.0,0.0,600.0
Karnataka_Tumakuru_Madhugiri_Unknown_This_is_Thipapura_Thanda,fmq9h7rw,No,Approved,Karnataka,Tumakuru,Madhugiri,Unknown,This is Thipapura Thanda,2024-10-07,60,20,80,Between 8 to 40 years,60, Field Bund,13.7802768,77.317701,Entry 4,180.0,0.0,180.0
Karnataka_Tumakuru_Madhugiri_Unknown_This_is_Upparapalya,fmufbm3y,No,Approved,Karnataka,Tumakuru,Madhugiri,Unknown,This is Upparapalya,2024-10-05,50,20,60,Below 8 years,50,Avenue,13.698453,77.2861579,Entry 4,150.0,0.0,150.0
Karnataka_Tumakuru_Pavagada_Achamanahalli_Achammanahalli,fm45pse7,Yes,Audit Approved,Karnataka,Tumakuru,Pavagada,Achamanahalli,Achammanahalli,2024-12-07,500,100,80,Between 8 to 40 years,60, Field Bund,14.1227976,77.2504804,Entry 4,1500.0,0.0,1500.0
Karnataka_Tumakuru_Pavagada_Arasikere_Arasikere,fmvi6thy,No,Approved,Karnataka,Tumakuru,Pavagada,Arasikere,Arasikere,2024-12-16,800,100,80,Between 8 to 40 years,60,Riverbank,14.0848942,77.0323361,Entry 4,2400.0,0.0,2400.0
Karnataka_Tumakuru_Pavagada_Arasikere_Jangamarahalli,fm7fcv22,Yes,Audit Approved,Karnataka,Tumakuru,Pavagada,Arasikere,Jangamarahalli,2024-12-16,1500,160,80,Between 8 to 40 years,60, Field Bund,14.0975956,77.0781794,Entry 4,4500.0,0.0,4500.0
Karnataka_Tumakuru_Pavagada_Arasikere_Marur,fmb9g6uy,Yes,Audit Approved,Karnataka,Tumakuru,Pavagada,Arasikere,Marur,2024-12-16,1500,400,80,Between 8 to 40 years,60, Field Bund,14.0837923,77.0681985,Entry 4,4500.0,0.0,4500.0
Karnataka_Tumakuru_Pavagada_Arasikere_Thumakunte,fmnbne1k,No,Approved,Karnataka,Tumakuru,Pavagada,Arasikere,Thumakunte,2024-12-16,500,80,80,Between 8 to 40 years,60,Riverbank,14.0813665,77.0521185,Entry 4,1500.0,0.0,1500.0
Karnataka_Tumakuru_Pavagada_Byadanoor_Byadanur,fmpyo1q6,No,Approved,Karnataka,Tumakuru,Pavagada,Byadanoor,Byadanur,2024-12-07,200,80,80,Below 8 years,60,Block Plantation,14.0762243,77.2187547,Entry 4,600.0,0.0,600.0
Karnataka_Tumakuru_Pavagada_Byadanoor_Kotabande,fmjdw6fv,Yes,Audit Approved,Karnataka,Tumakuru,Pavagada,Byadanoor,Kotabande,2024-12-07,1000,200,80,Between 8 to 40 years,60,Riverbank,14.0641776,77.2361564,Entry 4,3000.0,0.0,3000.0
Karnataka_Tumakuru_Pavagada_C.K.Pura_Chennakeshavapura,fm61a64i,No,Approved,Karnataka,Tumakuru,Pavagada,C.K.Pura,Chennakeshavapura,2024-12-18,1000,150,80,Between 8 to 40 years,60, Field Bund,14.0540976,77.1777864,Entry 4,3000.0,0.0,3000.0
Karnataka_Tumakuru_Pavagada_C.K.Pura_Thimmalanaikanakote,fm4of1wg,No,Approved,Karnataka,Tumakuru,Pavagada,C.K.Pura,Thimmalanaikanakote,2024-12-18,500,60,80,Between 8 to 40 years,60,Riverbank,14.0552387,77.1695794,Entry 4,1500.0,0.0,1500.0
Karnataka_Tumakuru_Pavagada_Gujjanadu_Davadabetta,fm7winqc,No,Approved,Karnataka,Tumakuru,Pavagada,Gujjanadu,Davadabetta,2024-12-18,800,100,80,Between 8 to 40 years,60, Field Bund,14.0758777,77.1789796,Entry 4,2400.0,0.0,2400.0
Karnataka_Tumakuru_Pavagada_Gujjanadu_Gujjanadu,fmvecsuj,No,Approved,Karnataka,Tumakuru,Pavagada,Gujjanadu,Gujjanadu,2024-12-18,800,100,80,Between 8 to 40 years,60, Field Bund,14.0771139,77.181771,Entry 4,2400.0,0.0,2400.0
Karnataka_Tumakuru_Pavagada_Gujjanadu_Konanakurike,fm5o1zr7,No,Approved,Karnataka,Tumakuru,Pavagada,Gujjanadu,Konanakurike,2024-12-07,800,100,60,Between 8 to 40 years,50,Riverbank,14.0943838,77.1820323,Entry 4,2400.0,0.0,2400.0
Karnataka_Tumakuru_Pavagada_K.T.Halli_Devalakere,fmh1ytwx,No,Approved,Karnataka,Tumakuru,Pavagada,K.T.Halli,Devalakere,2024-12-07,800,100,80,Between 8 to 40 years,60, Field Bund,14.1113181,77.1497813,Entry 4,2400.0,0.0,2400.0
Karnataka_Tumakuru_Pavagada_K.T.Halli_Kondethimmanahalli,fmz7i5de,No,Approved,Karnataka,Tumakuru,Pavagada,K.T.Halli,Kondethimmanahalli,2024-12-07,1000,150,70,Between 8 to 40 years,50, Field Bund,14.1121456,77.1272675,Entry 4,3000.0,0.0,3000.0
Karnataka_Tumakuru_Pavagada_K.T.Halli_Mugadalbetta,fm8i07ru,No,Approved,Karnataka,Tumakuru,Pavagada,K.T.Halli,Mugadalbetta,2024-12-07,1000,150,80,Between 8 to 40 years,60, Field Bund,14.1039444,77.1777914,Entry 4,3000.0,0.0,3000.0
Karnataka_Tumakuru_Pavagada_Kannameedi_Kannamedi,fmoogp3o,No,Approved,Karnataka,Tumakuru,Pavagada,Kannameedi,Kannamedi,2024-12-07,1500,200,80,Between 8 to 40 years,60,Riverbank,14.0372972,77.2174607,Entry 4,4500.0,0.0,4500.0
Karnataka_Tumakuru_Pavagada_Kannameedi_Kilarlahalli,fm4dra81,No,Approved,Karnataka,Tumakuru,Pavagada,Kannameedi,Kilarlahalli,2024-12-18,800,100,80,Between 8 to 40 years,60,Riverbank,14.0586423,77.1960753,Entry 4,2400.0,0.0,2400.0
Karnataka_Tumakuru_Pavagada_Kannameedi_Krishnagiri,fmfs94zv,No,Approved,Karnataka,Tumakuru,Pavagada,Kannameedi,Krishnagiri,2024-12-07,1000,150,80,Between 8 to 40 years,60,Riverbank,14.0303942,77.2284913,Entry 4,3000.0,0.0,3000.0
Karnataka_Tumakuru_Pavagada_Kannameedi_Veeralagondi,fmyllggm,Yes,Audit Approved,Karnataka,Tumakuru,Pavagada,Kannameedi,Veeralagondi,2024-12-07,1000,200,80,Between 8 to 40 years,60,Riverbank,14.0633209,77.2361704,Entry 4,3000.0,0.0,3000.0
Karnataka_Tumakuru_Pavagada_Kodamadagu_Jajurayanahalli,fmmknnyg,No,Approved,Karnataka,Tumakuru,Pavagada,Kodamadagu,Jajurayanahalli,2024-12-04,500,100,80,Between 8 to 40 years,60, Field Bund,14.0569898,77.3170798,Entry 4,1500.0,0.0,1500.0
Karnataka_Tumakuru_Pavagada_Kodamadagu_Kadamalakunte,fmr0tvz8,No,Approved,Karnataka,Tumakuru,Pavagada,Kodamadagu,Kadamalakunte,2024-12-09,300,80,60,Below 8 years,60,Block Plantation,14.1116056,77.3165483,Entry 4,900.0,0.0,900.0
Karnataka_Tumakuru_Pavagada_Kodamadagu_Kodamadagu,fmpb1ljp,No,Approved,Karnataka,Tumakuru,Pavagada,Kodamadagu,Kodamadagu,2024-12-09,300,60,80,Between 8 to 40 years,60, Field Bund,14.1124873,77.3193751,Entry 4,900.0,0.0,900.0
Karnataka_Tumakuru_Pavagada_Kodamadagu_Sunkarlakunte,fmdlvfr4,No,Approved,Karnataka,Tumakuru,Pavagada,Kodamadagu,Sunkarlakunte,2024-12-09,200,50,70,Between 8 to 40 years,50, Field Bund,14.0916673,77.3557471,Entry 4,600.0,0.0,600.0
Karnataka_Tumakuru_Pavagada_Kotagudda_Kadapalakere,fmxgggfi,No,Approved,Karnataka,Tumakuru,Pavagada,Kotagudda,Kadapalakere,2024-12-07,300,50,80,Between 8 to 40 years,60, Field Bund,14.1337662,77.233975,Entry 4,900.0,0.0,900.0
Karnataka_Tumakuru_Pavagada_Kotagudda_Kotagudda,fm6ff73a,Yes,Audit Approved,Karnataka,Tumakuru,Pavagada,Kotagudda,Kotagudda,2024-12-07,1500,400,80,Between 8 to 40 years,60, Field Bund,14.1410623,77.19513,Entry 4,4500.0,0.0,4500.0
Karnataka_Tumakuru_Pavagada_Kotagudda_Shilapura,fma99pc9,Yes,Audit Approved,Karnataka,Tumakuru,Pavagada,Kotagudda,Shilapura,2024-12-13,600,100,80,Between 8 to 40 years,60, Field Bund,14.1501197,77.1635021,Entry 4,1800.0,0.0,1800.0
Karnataka_Tumakuru_Pavagada_Mangasavada_Madde,fmowlsq6,No,Approved,Karnataka,Tumakuru,Pavagada,Mangasavada,Madde,2024-12-18,600,100,80,Between 8 to 40 years,60, Field Bund,14.058444,77.0803353,Entry 4,1800.0,0.0,1800.0
Karnataka_Tumakuru_Pavagada_Mangasavada_Mangalavada,fmgegwuh,No,Approved,Karnataka,Tumakuru,Pavagada,Mangasavada,Mangalavada,2024-12-18,600,100,80,Between 8 to 40 years,60, Field Bund,14.0847387,77.0698154,Entry 4,1800.0,0.0,1800.0
Karnataka_Tumakuru_Pavagada_Nagalamadike_Srirangapura,fm12bedj,No,Approved,Karnataka,Tumakuru,Pavagada,Nagalamadike,Srirangapura,2024-12-10,100,30,80,Between 8 to 40 years,60, Field Bund,14.1310602,77.3284183,Entry 4,300.0,0.0,300.0
Karnataka_Tumakuru_Pavagada_Nagalamadike_Thappaganadoddi,fmclx203,No,Approved,Karnataka,Tumakuru,Pavagada,Nagalamadike,Thappaganadoddi,2024-12-10,100,20,80,Between 8 to 40 years,60, Field Bund,14.1309515,77.3284474,Entry 4,300.0,0.0,300.0
Karnataka_Tumakuru_Pavagada_Naligaanahalli_Balammanahalli,fmw3bjlx,No,Approved,Karnataka,Tumakuru,Pavagada,Naligaanahalli,Balammanahalli,2024-12-07,100,30,80,Between 8 to 40 years,50, Field Bund,14.0863698,77.2580758,Entry 4,300.0,0.0,300.0
Karnataka_Tumakuru_Pavagada_Naligaanahalli_Devarabetta,fm048qf0,No,Approved,Karnataka,Tumakuru,Pavagada,Naligaanahalli,Devarabetta,2024-12-07,800,100,80,Between 8 to 40 years,60, Field Bund,14.097622,77.1860597,Entry 4,2400.0,0.0,2400.0
Karnataka_Tumakuru_Pavagada_Naligaanahalli_Gundlahalli,fmrve9do,Yes,Audit Approved,Karnataka,Tumakuru,Pavagada,Naligaanahalli,Gundlahalli,2024-12-07,500,80,80,Between 8 to 40 years,60,Riverbank,14.0708813,77.231066,Entry 4,1500.0,0.0,1500.0
Karnataka_Tumakuru_Pavagada_Naligaanahalli_Naliganahalli,fmxpj0m1,No,Approved,Karnataka,Tumakuru,Pavagada,Naligaanahalli,Naliganahalli,2024-12-07,800,100,80,Between 8 to 40 years,50, Field Bund,14.0976787,77.2295425,Entry 4,2400.0,0.0,2400.0
Karnataka_Tumakuru_Pavagada_Naligaanahalli_Palkunte,fmb23bnf,No,Approved,Karnataka,Tumakuru,Pavagada,Naligaanahalli,Palkunte,2024-12-07,100,20,80,Between 8 to 40 years,60,Riverbank,14.0758191,77.2330449,Entry 4,300.0,0.0,300.0
Karnataka_Tumakuru_Pavagada_Nyayadagunte_Kodigehalli,fmtgq3ad,No,Approved,Karnataka,Tumakuru,Pavagada,Nyayadagunte,Kodigehalli,2024-12-13,600,80,80,Between 8 to 40 years,60,Riverbank,14.14763,77.0408852,Entry 4,1800.0,0.0,1800.0
Karnataka_Tumakuru_Pavagada_Nyayadagunte_Nidagal,fmbex3x2,No,Approved,Karnataka,Tumakuru,Pavagada,Nyayadagunte,Nidagal,2024-12-13,800,150,80,Between 8 to 40 years,60, Field Bund,14.1724982,77.0448277,Entry 4,2400.0,0.0,2400.0
Karnataka_Tumakuru_Pavagada_Nyayadagunte_Nyayadagunte,fmzav2tc,No,Approved,Karnataka,Tumakuru,Pavagada,Nyayadagunte,Nyayadagunte,2024-12-13,300,50,80,Between 8 to 40 years,60,Riverbank,14.1366333,77.057098,Entry 4,900.0,0.0,900.0
Karnataka_Tumakuru_Pavagada_Palavalli_Hosahalli,fmkcpyb7,Yes,Audit Approved,Karnataka,Tumakuru,Pavagada,Palavalli,Hosahalli,2024-12-16,600,100,80,Between 8 to 40 years,60, Field Bund,14.0896589,77.0709923,Entry 4,1800.0,0.0,1800.0
Karnataka_Tumakuru_Pavagada_Palavalli_Palavalli,fmr0dtht,No,Approved,Karnataka,Tumakuru,Pavagada,Palavalli,Palavalli,2024-12-20,60,10,60,Between 8 to 40 years,50, Field Bund,14.1412369,77.290523,Entry 4,180.0,0.0,180.0
Karnataka_Tumakuru_Pavagada_Palavalli_Thimmapura,fmt8ylqt,No,Approved,Karnataka,Tumakuru,Pavagada,Palavalli,Thimmapura,2024-12-20,50,15,50,Between 8 to 40 years,50, Field Bund,14.1258756,77.2868514,Entry 4,150.0,0.0,150.0
Karnataka_Tumakuru_Pavagada_Palavalli_Veerammanahalli,fmrfk5py,No,Approved,Karnataka,Tumakuru,Pavagada,Palavalli,Veerammanahalli,2024-12-20,50,15,60,Between 8 to 40 years,50, Field Bund,14.1369685,77.2700877,Entry 4,150.0,0.0,150.0
Karnataka_Tumakuru_Pavagada_Pavagada_Gramantara_Bommathanahalli,fmiser6c,Yes,Audit Approved,Karnataka,Tumakuru,Pavagada,Pavagada Gramantara,Bommathanahalli,2024-12-07,600,150,70,Between 8 to 40 years,60, Field Bund,14.1209604,77.2512171,Entry 4,1800.0,0.0,1800.0
Karnataka_Tumakuru_Pavagada_Pavagada_Gramantara_Pavagada,fmv2k24d,Yes,Audit Approved,Karnataka,Tumakuru,Pavagada,Pavagada Gramantara,Pavagada,2024-12-13,800,150,80,Between 8 to 40 years,60,Riverbank,14.1246501,77.0576988,Entry 4,2400.0,0.0,2400.0
Karnataka_Tumakuru_Pavagada_Ponnasamudra_Kanikalabande,fmruc74h,No,Approved,Karnataka,Tumakuru,Pavagada,Ponnasamudra,Kanikalabande,2024-12-20,60,10,60,Between 8 to 40 years,50, Field Bund,14.1366148,77.2703235,Entry 4,180.0,0.0,180.0
Karnataka_Tumakuru_Pavagada_Ponnasamudra_Komarlahalli,fmao1s0f,No,Approved,Karnataka,Tumakuru,Pavagada,Ponnasamudra,Komarlahalli,2024-12-07,500,80,80,Between 8 to 40 years,50, Field Bund,14.1508318,77.2099825,Entry 4,1500.0,0.0,1500.0
Karnataka_Tumakuru_Pavagada_Rajavanthi_Kanivenahalli,fmjglzsb,No,Approved,Karnataka,Tumakuru,Pavagada,Rajavanthi,Kanivenahalli,2024-12-04,600,100,80,Between 8 to 40 years,60,Riverbank,14.0780891,77.2932231,Entry 4,1800.0,0.0,1800.0
Karnataka_Tumakuru_Pavagada_Rajavanthi_Rajavanthi,fmoauz0s,Yes,Audit Approved,Karnataka,Tumakuru,Pavagada,Rajavanthi,Rajavanthi,2024-12-04,1000,150,80,Between 8 to 40 years,60,Riverbank,14.0327809,77.2883364,Entry 4,3000.0,0.0,3000.0
Karnataka_Tumakuru_Pavagada_Rangasamudra_Bellibatlu,fm0dtxkt,No,Approved,Karnataka,Tumakuru,Pavagada,Rangasamudra,Bellibatlu,2024-12-14,600,100,80,Between 8 to 40 years,60,Riverbank,14.0977991,77.2833565,Entry 4,1800.0,0.0,1800.0
Karnataka_Tumakuru_Pavagada_Rangasamudra_Doddenahalli,fmbd83rw,No,Approved,Karnataka,Tumakuru,Pavagada,Rangasamudra,Doddenahalli,2024-12-14,500,80,80,Between 8 to 40 years,60,Riverbank,14.1778359,77.0764838,Entry 4,1500.0,0.0,1500.0
Karnataka_Tumakuru_Pavagada_Rangasamudra_Obalapura,fm5i36dm,No,Approved,Karnataka,Tumakuru,Pavagada,Rangasamudra,Obalapura,2024-12-14,1000,200,80,Between 8 to 40 years,60,Riverbank,13.6631498,77.2109534,Entry 4,3000.0,0.0,3000.0
Karnataka_Tumakuru_Pavagada_Rangasamudra_Rangasamudra,fm6twfdz,Yes,Audit Approved,Karnataka,Tumakuru,Pavagada,Rangasamudra,Rangasamudra,2024-12-14,500,80,80,Between 8 to 40 years,60, Field Bund,14.1752839,77.0869322,Entry 4,1500.0,0.0,1500.0
Karnataka_Tumakuru_Pavagada_Roppa_Thimmanayakanapete.,fmr96peb,No,Approved,Karnataka,Tumakuru,Pavagada,Roppa,Thimmanayakanapete.,2024-12-09,100,20,80,Between 8 to 40 years,50, Field Bund,14.1131647,77.3117464,Entry 4,300.0,0.0,300.0
Karnataka_Tumakuru_Pavagada_Saasalukunte_Kenchammanahalli,fmlefpym,No,Approved,Karnataka,Tumakuru,Pavagada,Saasalukunte,Kenchammanahalli,2024-12-12,500,80,80,Between 8 to 40 years,60, Field Bund,14.2321,77.0224449,Entry 4,1500.0,0.0,1500.0
Karnataka_Tumakuru_Pavagada_Saasalukunte_Pennobanahalli,fmpo7sf1,Yes,Audit Approved,Karnataka,Tumakuru,Pavagada,Saasalukunte,Pennobanahalli,2024-12-12,800,150,80,Between 8 to 40 years,60,Riverbank,14.2023725,77.0328529,Entry 4,2400.0,0.0,2400.0
Karnataka_Tumakuru_Pavagada_Saasalukunte_Polenahalli,fmqt20hx,No,Approved,Karnataka,Tumakuru,Pavagada,Saasalukunte,Polenahalli,2024-12-12,600,80,80,Between 8 to 40 years,60, Field Bund,14.2303972,77.0333534,Entry 4,1800.0,0.0,1800.0
Karnataka_Tumakuru_Pavagada_Saasalukunte_Sasalukunte,fmxbp3b8,No,Approved,Karnataka,Tumakuru,Pavagada,Saasalukunte,Sasalukunte,2024-12-12,800,100,80,Between 8 to 40 years,60, Field Bund,14.2132369,77.0385028,Entry 4,2400.0,0.0,2400.0
Karnataka_Tumakuru_Pavagada_Vadanakallu_Kyathaganahalli,fm78689m,Yes,Audit Approved,Karnataka,Tumakuru,Pavagada,Vadanakallu,Kyathaganahalli,2024-12-13,1000,300,80,Between 8 to 40 years,60, Field Bund,14.1699118,77.0450054,Entry 4,3000.0,0.0,3000.0
Karnataka_Tumakuru_Pavagada_Vadanakallu_Vadanakal,fmlmh4x4,No,Approved,Karnataka,Tumakuru,Pavagada,Vadanakallu,Vadanakal,2024-12-14,500,80,80,Between 8 to 40 years,60,Riverbank,14.1817038,77.0524925,Entry 4,1500.0,0.0,1500.0
Karnataka_Tumakuru_Sira_Bandakunte_Bandakunte,fmr10hoj,Yes,Audit Approved,Karnataka,Tumakuru,Sira,Bandakunte,Bandakunte,2024-11-13,600,80,80,Between 8 to 40 years,60,Riverbank,13.80714,76.8726909,Entry 4,1800.0,0.0,1800.0
Karnataka_Tumakuru_Sira_Bandakunte_Bhuthakatnahalli,fm2mlgde,Yes,Audit Approved,Karnataka,Tumakuru,Sira,Bandakunte,Bhuthakatnahalli,2024-11-13,400,50,80,Between 8 to 40 years,60,Riverbank,13.7836598,76.8808812,Entry 4,1200.0,0.0,1200.0
Karnataka_Tumakuru_Sira_Bandakunte_Bidarakere,fmyhhu3z,No,Approved,Karnataka,Tumakuru,Sira,Bandakunte,Bidarakere,2024-11-13,300,50,80,Between 8 to 40 years,60,Riverbank,13.781587,76.8829009,Entry 4,900.0,0.0,900.0
Karnataka_Tumakuru_Sira_Bandakunte_Kaggaladu,fmkby40k,No,Approved,Karnataka,Tumakuru,Sira,Bandakunte,Kaggaladu,2024-11-14,400,50,80,Between 8 to 40 years,60,Riverbank,13.8124308,76.8485171,Entry 4,1200.0,0.0,1200.0
Karnataka_Tumakuru_Sira_Baragur_Baragur,fm98k8zd,No,Approved,Karnataka,Tumakuru,Sira,Baragur,Baragur,2024-11-20,100,20,80,Between 8 to 40 years,50, Field Bund,13.9430285,76.9795902,Entry 4,300.0,0.0,300.0
Karnataka_Tumakuru_Sira_Baragur_Dasarahalli,fmu9jqwz,No,Approved,Karnataka,Tumakuru,Sira,Baragur,Dasarahalli,2024-11-16,500,60,80,Between 8 to 40 years,60, Field Bund,13.8029183,76.9289058,Entry 4,1500.0,0.0,1500.0
Karnataka_Tumakuru_Sira_Baragur_Kaligonahalli,fmqx5njo,No,Approved,Karnataka,Tumakuru,Sira,Baragur,Kaligonahalli,2024-11-20,800,100,60,Between 8 to 40 years,50,Riverbank,13.9470295,76.9785603,Entry 4,2400.0,0.0,2400.0
Karnataka_Tumakuru_Sira_Baragur_Rangapura,fmy7alu9,Yes,Audit Approved,Karnataka,Tumakuru,Sira,Baragur,Rangapura,2024-11-18,500,50,80,Between 8 to 40 years,50, Field Bund,13.7901813,76.9093028,Entry 4,1500.0,0.0,1500.0
Karnataka_Tumakuru_Sira_Bhuvanahalli_Bhuvanahalli,fmjaxy0z,No,Approved,Karnataka,Tumakuru,Sira,Bhuvanahalli,Bhuvanahalli,2024-11-17,500,50,80,Between 8 to 40 years,50,Riverbank,13.7512582,76.8511036,Entry 4,1500.0,0.0,1500.0
Karnataka_Tumakuru_Sira_Bhuvanahalli_Manangi,fmcnquhh,No,Approved,Karnataka,Tumakuru,Sira,Bhuvanahalli,Manangi,2024-11-17,100,20,80,Between 8 to 40 years,50,Riverbank,13.7704433,76.8462653,Entry 4,300.0,0.0,300.0
Karnataka_Tumakuru_Sira_Bhuvanahalli_Mudigere,fmv6sjio,Yes,Audit Approved,Karnataka,Tumakuru,Sira,Bhuvanahalli,Mudigere,2024-11-22,2500,450,80,Between 8 to 40 years,60, Field Bund,13.7224209,76.8774699,Entry 4,7500.0,0.0,7500.0
Karnataka_Tumakuru_Sira_Bhuvanahalli_Mudigere_Kaval,fmxfhwqf,No,Approved,Karnataka,Tumakuru,Sira,Bhuvanahalli,Mudigere Kaval,2024-11-22,400,50,60,Between 8 to 40 years,50,Riverbank,13.7227662,76.8767551,Entry 4,1200.0,0.0,1200.0
Karnataka_Tumakuru_Sira_Bhuvanahalli_Sira,fmns3owc,Yes,Audit Approved,Karnataka,Tumakuru,Sira,Bhuvanahalli,Sira,2024-11-19,600,80,60,Between 8 to 40 years,50, Field Bund,13.8217304,76.9675118,Entry 4,1800.0,0.0,1800.0
Karnataka_Tumakuru_Sira_Bhuvanahalli_This___is_Udayanapalya,fmpprrti,No,Approved,Karnataka,Tumakuru,Sira,Bhuvanahalli,This   is Udayanapalya,2024-11-11,600,80,80,Between 8 to 40 years,60,Riverbank,13.6439628,76.935322,Entry 4,1800.0,0.0,1800.0
Karnataka_Tumakuru_Sira_Bhuvanahalli_This_is_Bytiganahatti,fmr19b86,No,Approved,Karnataka,Tumakuru,Sira,Bhuvanahalli,This is Bytiganahatti,2024-11-12,400,50,80,Between 8 to 40 years,60,Riverbank,13.5995161,76.978487,Entry 4,1200.0,0.0,1200.0
Karnataka_Tumakuru_Sira_Bhuvanahalli_This_is_Chennanakunte,fm5wprvy,No,Approved,Karnataka,Tumakuru,Sira,Bhuvanahalli,This is Chennanakunte,2024-11-10,800,100,80,Between 8 to 40 years,60,Riverbank,13.7252833,76.9426372,Entry 4,2400.0,0.0,2400.0
Karnataka_Tumakuru_Sira_Bhuvanahalli_This_is_Chennenahalli,fmfa2ubn,No,Approved,Karnataka,Tumakuru,Sira,Bhuvanahalli,This is Chennenahalli,2024-11-08,800,100,80,Between 8 to 40 years,60,Riverbank,13.6315554,76.9970876,Entry 4,2400.0,0.0,2400.0
Karnataka_Tumakuru_Sira_Bhuvanahalli_This_is_Doddanahalli,fmwtehq2,No,Approved,Karnataka,Tumakuru,Sira,Bhuvanahalli,This is Doddanahalli,2024-11-05,300,60,80,Between 8 to 40 years,60,Riverbank,13.7289573,76.9811444,Entry 4,900.0,0.0,900.0
Karnataka_Tumakuru_Sira_Bhuvanahalli_This_is_Ganjalagunte,fmqcjj1j,No,Approved,Karnataka,Tumakuru,Sira,Bhuvanahalli,This is Ganjalagunte,2024-11-12,400,50,80,Between 8 to 40 years,60,Riverbank,13.6282281,76.9915495,Entry 4,1200.0,0.0,1200.0
Karnataka_Tumakuru_Sira_Bhuvanahalli_This_is_Gubbichikkannanapalya,fm5kf3gd,No,Approved,Karnataka,Tumakuru,Sira,Bhuvanahalli,This is Gubbichikkannanapalya,2024-11-12,400,50,80,Between 8 to 40 years,60,Riverbank,13.6300019,76.9849994,Entry 4,1200.0,0.0,1200.0
Karnataka_Tumakuru_Sira_Bhuvanahalli_This_is_Gulagenahalli_Gollarahatti,fmtxb4yi,No,Approved,Karnataka,Tumakuru,Sira,Bhuvanahalli,This is Gulagenahalli Gollarahatti,2024-11-10,600,100,80,Between 8 to 40 years,60,Riverbank,13.7093631,76.9977089,Entry 4,1800.0,0.0,1800.0
Karnataka_Tumakuru_Sira_Bhuvanahalli_This_is_Kallipalya,fmpdy5m5,No,Approved,Karnataka,Tumakuru,Sira,Bhuvanahalli,This is Kallipalya,2024-11-08,400,80,80,Between 8 to 40 years,60,Riverbank,13.644958,76.9556636,Entry 4,1200.0,0.0,1200.0
Karnataka_Tumakuru_Sira_Bhuvanahalli_This_is_Kondamanahalli,fmn82mq5,No,Approved,Karnataka,Tumakuru,Sira,Bhuvanahalli,This is Kondamanahalli,2024-11-05,400,80,80,Between 8 to 40 years,60,Riverbank,13.7201689,76.9502454,Entry 4,1200.0,0.0,1200.0
Karnataka_Tumakuru_Sira_Bhuvanahalli_This_is_Marulappanahalli,fmk1q3ad,No,Approved,Karnataka,Tumakuru,Sira,Bhuvanahalli,This is Marulappanahalli,2024-11-08,600,100,80,Between 8 to 40 years,60,Riverbank,13.6429774,76.9533214,Entry 4,1800.0,0.0,1800.0
Karnataka_Tumakuru_Sira_Bhuvanahalli_This_is_Rathnasandra_Gollarahatti,fm69skwk,No,Approved,Karnataka,Tumakuru,Sira,Bhuvanahalli,This is Rathnasandra Gollarahatti,2024-11-05,500,80,80,Between 8 to 40 years,50,Riverbank,13.7083587,76.9558143,Entry 4,1500.0,0.0,1500.0
Karnataka_Tumakuru_Sira_Bhuvanahalli_This_is_Yaragunte,fmpzhtg3,No,Approved,Karnataka,Tumakuru,Sira,Bhuvanahalli,This is Yaragunte,2024-11-05,400,80,80,Between 8 to 40 years,60,Riverbank,13.6968463,76.9554695,Entry 4,1200.0,0.0,1200.0
Karnataka_Tumakuru_Sira_Bukkapatna_Bukkapatna,fmi2o7w5,No,Approved,Karnataka,Tumakuru,Sira,Bukkapatna,Bukkapatna,2024-11-29,600,80,80,Between 8 to 40 years,60,Riverbank,13.6659741,76.7758862,Entry 4,1800.0,0.0,1800.0
Karnataka_Tumakuru_Sira_Buppasandra_Bettanahalli,fmvl01t3,No,Approved,Karnataka,Tumakuru,Sira,Buppasandra,Bettanahalli,2024-11-08,200,50,80,Between 8 to 40 years,60,Riverbank,13.6307291,76.997484,Entry 4,600.0,0.0,600.0
Karnataka_Tumakuru_Sira_Buppasandra_Bhupasandra,fmiqqze6,No,Approved,Karnataka,Tumakuru,Sira,Buppasandra,Bhupasandra,2024-11-08,600,80,80,Between 8 to 40 years,60,Riverbank,13.6335887,76.9692348,Entry 4,1800.0,0.0,1800.0
Karnataka_Tumakuru_Sira_Buppasandra_Chikkathimmanahalli,fmaeoz3o,No,Approved,Karnataka,Tumakuru,Sira,Buppasandra,Chikkathimmanahalli,2024-11-08,300,60,80,Between 8 to 40 years,60,Riverbank,13.6430912,76.9916588,Entry 4,900.0,0.0,900.0
Karnataka_Tumakuru_Sira_Buppasandra_Devarahalli,fm0s3iyw,No,Approved,Karnataka,Tumakuru,Sira,Buppasandra,Devarahalli,2024-11-14,300,40,80,Between 8 to 40 years,60,Riverbank,13.7750876,76.8398113,Entry 4,900.0,0.0,900.0
Karnataka_Tumakuru_Sira_Buppasandra_Mayasandra,fmq3fivy,No,Approved,Karnataka,Tumakuru,Sira,Buppasandra,Mayasandra,2024-11-08,300,60,80,Between 8 to 40 years,60,Riverbank,13.6417068,76.9801467,Entry 4,900.0,0.0,900.0
Karnataka_Tumakuru_Sira_Chikkanahalli_Chikkanahalli,fmd7lcr9,No,Approved,Karnataka,Tumakuru,Sira,Chikkanahalli,Chikkanahalli,2024-11-11,800,150,60,Between 8 to 40 years,50,Riverbank,13.6749293,76.9212757,Entry 4,2400.0,0.0,2400.0
Karnataka_Tumakuru_Sira_Chikkanahalli_Kadavigere,fmo6fzed,Yes,Audit Approved,Karnataka,Tumakuru,Sira,Chikkanahalli,Kadavigere,2024-11-11,1000,100,50,Between 8 to 40 years,60,Riverbank,13.6996717,76.9374328,Entry 4,3000.0,0.0,3000.0
Karnataka_Tumakuru_Sira_Chinnenahalli_Brammasandra,fmgudwcs,No,Approved,Karnataka,Tumakuru,Sira,Chinnenahalli,Brammasandra,2024-11-23,500,80,80,Between 8 to 40 years,50, Field Bund,13.5723259,77.0488011,Entry 4,1500.0,0.0,1500.0
Karnataka_Tumakuru_Sira_Chinnenahalli_Javanahalli,fmr7upqv,No,Approved,Karnataka,Tumakuru,Sira,Chinnenahalli,Javanahalli,2024-11-12,500,80,80,Between 8 to 40 years,60,Riverbank,13.5953743,76.9860665,Entry 4,1500.0,0.0,1500.0
Karnataka_Tumakuru_Sira_Chinnenahalli_Ranganahalli,fmawgt0m,No,Approved,Karnataka,Tumakuru,Sira,Chinnenahalli,Ranganahalli,2024-12-20,50,10,50,Below 8 years,50, Field Bund,13.6729678,76.8154493,Entry 4,150.0,0.0,150.0
Karnataka_Tumakuru_Sira_Dodda_Agrahara_Chikka_Agrahara,fmyworl9,No,Approved,Karnataka,Tumakuru,Sira,Dodda Agrahara,Chikka Agrahara,2024-12-22,200,30,60,Between 8 to 40 years,50, Field Bund,13.6028612,76.8075368,Entry 4,600.0,0.0,600.0
Karnataka_Tumakuru_Sira_Dodda_Agrahara_Nimbemaradahalli,fmmb77az,No,Approved,Karnataka,Tumakuru,Sira,Dodda Agrahara,Nimbemaradahalli,2024-11-22,500,80,70,Between 8 to 40 years,60,Riverbank,13.6887165,76.8514179,Entry 4,1500.0,0.0,1500.0
Karnataka_Tumakuru_Sira_Doddabanagere_Chikkabanagere,fmmn8nq8,No,Approved,Karnataka,Tumakuru,Sira,Doddabanagere,Chikkabanagere,2024-11-21,500,50,80,Between 8 to 40 years,60,Riverbank,13.9812202,76.9579345,Entry 4,1500.0,0.0,1500.0
Karnataka_Tumakuru_Sira_Doddabanagere_Doddabanagere,fmyjgg2i,No,Approved,Karnataka,Tumakuru,Sira,Doddabanagere,Doddabanagere,2024-11-21,800,100,80,Between 8 to 40 years,50,Riverbank,13.9935254,76.9876997,Entry 4,2400.0,0.0,2400.0
Karnataka_Tumakuru_Sira_Doddabanagere_Hosakote,fm2q5rzl,No,Approved,Karnataka,Tumakuru,Sira,Doddabanagere,Hosakote,2024-10-26,800,200,80,Between 8 to 40 years,60,Riverbank,13.4565107,77.2229692,Entry 4,2400.0,0.0,2400.0
Karnataka_Tumakuru_Sira_Doddabanagere_Naragondanahalli,fmq9vbx7,No,Approved,Karnataka,Tumakuru,Sira,Doddabanagere,Naragondanahalli,2024-11-21,100,20,80,Between 8 to 40 years,50, Field Bund,13.9693962,76.9813343,Entry 4,300.0,0.0,300.0
Karnataka_Tumakuru_Sira_Gopaladevarahalli_Battiganahalli,fmx7omsc,No,Approved,Karnataka,Tumakuru,Sira,Gopaladevarahalli,Battiganahalli,2024-12-22,200,30,60,Between 8 to 40 years,50, Field Bund,13.6016494,76.812144,Entry 4,600.0,0.0,600.0
Karnataka_Tumakuru_Sira_Gopaladevarahalli_Benche,fmz6jjif,No,Approved,Karnataka,Tumakuru,Sira,Gopaladevarahalli,Benche,2024-12-22,300,40,60,Between 8 to 40 years,60, Field Bund,13.6016349,76.8127934,Entry 4,900.0,0.0,900.0
Karnataka_Tumakuru_Sira_Gowdagere_Badakanahalli,fmshpoht,No,Approved,Karnataka,Tumakuru,Sira,Gowdagere,Badakanahalli,2024-11-14,500,80,80,Between 8 to 40 years,60,Riverbank,13.8125297,76.8469351,Entry 4,1500.0,0.0,1500.0
Karnataka_Tumakuru_Sira_Gowdagere_Balenahalli,fmrorgrf,No,Approved,Karnataka,Tumakuru,Sira,Gowdagere,Balenahalli,2024-11-11,500,80,60,Between 8 to 40 years,60,Riverbank,13.6503978,76.9335075,Entry 4,1500.0,0.0,1500.0
Karnataka_Tumakuru_Sira_Gowdagere_Hosahalli,fmt4ewh8,No,Approved,Karnataka,Tumakuru,Sira,Gowdagere,Hosahalli,2024-11-20,100,15,60,Between 8 to 40 years,60,Riverbank,13.8437685,76.9728506,Entry 4,300.0,0.0,300.0
Karnataka_Tumakuru_Sira_Halenahalli_Chikkagula,fmxja5sd,No,Approved,Karnataka,Tumakuru,Sira,Halenahalli,Chikkagula,2024-11-11,800,100,80,Between 8 to 40 years,60,Riverbank,13.7079013,76.9360386,Entry 4,2400.0,0.0,2400.0
Karnataka_Tumakuru_Sira_Halenahalli_Halenahalli,fmruubc3,No,Approved,Karnataka,Tumakuru,Sira,Halenahalli,Halenahalli,2024-11-11,600,80,80,Between 8 to 40 years,60,Riverbank,13.6934733,76.9408908,Entry 4,1800.0,0.0,1800.0
Karnataka_Tumakuru_Sira_Handikunte_Agrahara,fma07ppt,No,Approved,Karnataka,Tumakuru,Sira,Handikunte,Agrahara,2024-11-20,800,100,60,Between 8 to 40 years,50,Riverbank,13.8984131,76.9785011,Entry 4,2400.0,0.0,2400.0
Karnataka_Tumakuru_Sira_Handikunte_Hariyajjanahalli,fmxftf9j,Yes,Audit Approved,Karnataka,Tumakuru,Sira,Handikunte,Hariyajjanahalli,2024-11-20,700,100,70,Between 8 to 40 years,50,Riverbank,13.8491347,76.9783695,Entry 4,2100.0,0.0,2100.0
Karnataka_Tumakuru_Sira_Handikunte_Karekyathanahalli,fmyjt4vj,No,Approved,Karnataka,Tumakuru,Sira,Handikunte,Karekyathanahalli,2024-11-20,300,50,50,Between 8 to 40 years,50,Riverbank,13.8834237,76.9714895,Entry 4,900.0,0.0,900.0
Karnataka_Tumakuru_Sira_Handikunte_Pujarimuddanahalli,fmtgqk3n,No,Approved,Karnataka,Tumakuru,Sira,Handikunte,Pujarimuddanahalli,2024-11-20,500,60,80,Between 8 to 40 years,50, Field Bund,13.8819851,76.9706857,Entry 4,1500.0,0.0,1500.0
Karnataka_Tumakuru_Sira_Handikunte_Ragalahalli,fmpjv9z6,No,Approved,Karnataka,Tumakuru,Sira,Handikunte,Ragalahalli,2024-11-20,300,40,50,Between 8 to 40 years,50,Riverbank,13.8768855,76.9853379,Entry 4,900.0,0.0,900.0
Karnataka_Tumakuru_Sira_Honnagondanahalli_Gollahalli,fmqkr5q2,Yes,Audit Approved,Karnataka,Tumakuru,Sira,Honnagondanahalli,Gollahalli,2024-11-19,1500,400,50,Between 8 to 40 years,60, Field Bund,13.8359252,76.9379683,Entry 4,4500.0,0.0,4500.0
Karnataka_Tumakuru_Sira_Hosur_Katanahalli,fmc6a05c,No,Approved,Karnataka,Tumakuru,Sira,Hosur,Katanahalli,2024-11-21,400,50,70,Between 8 to 40 years,60,Riverbank,13.9496459,76.9670859,Entry 4,1200.0,0.0,1200.0
Karnataka_Tumakuru_Sira_Hosur_Muddenahalli,fmg4s7de,No,Approved,Karnataka,Tumakuru,Sira,Hosur,Muddenahalli,2024-11-20,800,100,60,Between 8 to 40 years,60, Field Bund,13.962089,76.979826,Entry 4,2400.0,0.0,2400.0
Karnataka_Tumakuru_Sira_Huyildore_Chikkasandra_Kaval,fmy4kkkr,No,Approved,Karnataka,Tumakuru,Sira,Huyildore,Chikkasandra Kaval,2024-12-20,300,50,60,Between 8 to 40 years,50, Field Bund,13.703848,76.8118122,Entry 4,900.0,0.0,900.0
Karnataka_Tumakuru_Sira_Huyildore_Honnenahalli,fmxz6h9t,No,Approved,Karnataka,Tumakuru,Sira,Huyildore,Honnenahalli,2024-11-22,200,30,80,Between 8 to 40 years,60,Riverbank,13.7023959,76.8562474,Entry 4,600.0,0.0,600.0
Karnataka_Tumakuru_Sira_Huyildore_Huildore,fmp4v2lk,No,Approved,Karnataka,Tumakuru,Sira,Huyildore,Huildore,2024-11-29,200,40,80,Between 8 to 40 years,60,Riverbank,13.6804644,76.7946096,Entry 4,600.0,0.0,600.0
Karnataka_Tumakuru_Sira_Huyildore_Hyaldore_Kaval,fmq43baj,No,Approved,Karnataka,Tumakuru,Sira,Huyildore,Hyaldore Kaval,2024-12-22,200,30,60,Between 8 to 40 years,50, Field Bund,13.6461092,76.7929609,Entry 4,600.0,0.0,600.0
Karnataka_Tumakuru_Sira_Huyildore_Kilaradahalli,fml3awy7,No,Approved,Karnataka,Tumakuru,Sira,Huyildore,Kilaradahalli,2024-12-22,200,30,60,Between 8 to 40 years,50, Field Bund,13.655492,76.7941504,Entry 4,600.0,0.0,600.0
Karnataka_Tumakuru_Sira_Kallambella_Kallambella,fm8766mz,No,Approved,Karnataka,Tumakuru,Sira,Kallambella,Kallambella,2024-11-08,800,100,80,Between 8 to 40 years,60,Riverbank,13.6324906,76.943004,Entry 4,2400.0,0.0,2400.0
Karnataka_Tumakuru_Sira_Kallambella_This_is_Gandhinagara,fma0w79t,No,Approved,Karnataka,Tumakuru,Sira,Kallambella,This is Gandhinagara,2024-11-11,400,50,80,Between 8 to 40 years,60,Riverbank,13.6160715,76.9519404,Entry 4,1200.0,0.0,1200.0
Karnataka_Tumakuru_Sira_Kotta_Chikkanakote,fm5g3kvp,Yes,Audit Approved,Karnataka,Tumakuru,Sira,Kotta,Chikkanakote,2024-11-13,500,100,80,Between 8 to 40 years,60,Riverbank,13.8093556,76.8750043,Entry 4,1500.0,0.0,1500.0
Karnataka_Tumakuru_Sira_Kotta_Kotta,fmag94y4,No,Approved,Karnataka,Tumakuru,Sira,Kotta,Kotta,2024-11-16,500,100,80,Between 8 to 40 years,60,Riverbank,13.7962551,76.9302284,Entry 4,1500.0,0.0,1500.0
Karnataka_Tumakuru_Sira_Kotta_Vojukunte,fmauklu3,No,Approved,Karnataka,Tumakuru,Sira,Kotta,Vojukunte,2024-11-16,100,20,80,Between 8 to 40 years,60,Riverbank,13.7791301,76.9171979,Entry 4,300.0,0.0,300.0
Karnataka_Tumakuru_Sira_Kurubarahalli_Chinnappanahalli,fmy7yepj,No,Approved,Karnataka,Tumakuru,Sira,Kurubarahalli,Chinnappanahalli,2024-11-08,600,80,80,Between 8 to 40 years,60,Riverbank,13.6348268,76.984878,Entry 4,1800.0,0.0,1800.0
Karnataka_Tumakuru_Sira_Lakshmisagara_Dwaralu,fmsgg1u1,No,Approved,Karnataka,Tumakuru,Sira,Lakshmisagara,Dwaralu,2024-11-14,400,50,80,Between 8 to 40 years,60,Riverbank,13.8038165,76.8187996,Entry 4,1200.0,0.0,1200.0
Karnataka_Tumakuru_Sira_Lakshmisagara_Sorekunte,fmy262k1,No,Approved,Karnataka,Tumakuru,Sira,Lakshmisagara,Sorekunte,2024-11-17,800,100,80,Between 8 to 40 years,60,Riverbank,13.7444768,76.8461803,Entry 4,2400.0,0.0,2400.0
Karnataka_Tumakuru_Sira_Maagodu_Borasandra,fmyksmi2,Yes,Audit Approved,Karnataka,Tumakuru,Sira,Maagodu,Borasandra,2024-11-10,1000,150,80,Between 8 to 40 years,60,Riverbank,13.716481,76.9907875,Entry 4,3000.0,0.0,3000.0
Karnataka_Tumakuru_Sira_Maagodu_Girinathanahalli,fmeq6ru0,No,Approved,Karnataka,Tumakuru,Sira,Maagodu,Girinathanahalli,2024-11-05,500,80,80,Between 8 to 40 years,60,Riverbank,13.7205712,76.9505084,Entry 4,1500.0,0.0,1500.0
Karnataka_Tumakuru_Sira_Maagodu_Guligenahalli,fm0j60f8,Yes,Audit Approved,Karnataka,Tumakuru,Sira,Maagodu,Guligenahalli,2024-11-10,1000,100,80,Between 8 to 40 years,50,Riverbank,13.7090452,76.9907109,Entry 4,3000.0,0.0,3000.0
Karnataka_Tumakuru_Sira_Maagodu_Halkur,fmjpvyd7,No,Approved,Karnataka,Tumakuru,Sira,Maagodu,Halkur,2024-11-10,600,80,80,Between 8 to 40 years,50,Riverbank,13.7247853,76.9429925,Entry 4,1800.0,0.0,1800.0
Karnataka_Tumakuru_Sira_Maagodu_Magodu,fmcacu0s,Yes,Audit Approved,Karnataka,Tumakuru,Sira,Maagodu,Magodu,2024-11-05,600,100,80,Between 8 to 40 years,60,Riverbank,13.7218828,76.9561537,Entry 4,1800.0,0.0,1800.0
Karnataka_Tumakuru_Sira_Madalur_Madalur,fm0t8gx4,No,Approved,Karnataka,Tumakuru,Sira,Madalur,Madalur,2024-11-16,600,80,80,Between 8 to 40 years,50, Field Bund,13.8087904,76.9604591,Entry 4,1800.0,0.0,1800.0
Karnataka_Tumakuru_Sira_Melukunte_Melukunte,fmf7no3z,Yes,Audit Approved,Karnataka,Tumakuru,Sira,Melukunte,Melukunte,2024-11-19,1000,150,50,Between 8 to 40 years,50,Riverbank,13.8221665,76.9159805,Entry 4,3000.0,0.0,3000.0
Karnataka_Tumakuru_Sira_Neralagudda_Ajjenahalli,fmrxw2yi,No,Approved,Karnataka,Tumakuru,Sira,Neralagudda,Ajjenahalli,2024-11-11,200,50,60,Between 8 to 40 years,60,Riverbank,13.6399552,76.9368308,Entry 4,600.0,0.0,600.0
Karnataka_Tumakuru_Sira_Ramalingapura_Kumbarahalli,fmu320h5,No,Approved,Karnataka,Tumakuru,Sira,Ramalingapura,Kumbarahalli,2024-12-22,400,50,60,Between 8 to 40 years,50,Riverbank,13.6307635,76.802888,Entry 4,1200.0,0.0,1200.0
Karnataka_Tumakuru_Sira_Ramalingapura_Maragondanahalli,fmkn4r17,No,Approved,Karnataka,Tumakuru,Sira,Ramalingapura,Maragondanahalli,2024-12-22,300,50,80,Between 8 to 40 years,60, Field Bund,13.6033438,76.8056595,Entry 4,900.0,0.0,900.0
Karnataka_Tumakuru_Sira_Ramalingapura_Sakshihalli,fmhcqgit,No,Approved,Karnataka,Tumakuru,Sira,Ramalingapura,Sakshihalli,2024-12-22,300,50,60,Between 8 to 40 years,50, Field Bund,13.6333423,76.7930155,Entry 4,900.0,0.0,900.0
Karnataka_Tumakuru_Sira_Ramalingapura_Thuppadakona,fmuyicjj,No,Approved,Karnataka,Tumakuru,Sira,Ramalingapura,Thuppadakona,2024-12-22,100,30,60,Between 8 to 40 years,60, Field Bund,13.6027049,76.8063431,Entry 4,300.0,0.0,300.0
Karnataka_Tumakuru_Sira_Ratnasandra_Arehalli,fm3ub61q,No,Approved,Karnataka,Tumakuru,Sira,Ratnasandra,Arehalli,2024-11-05,200,50,60,Between 8 to 40 years,60,Riverbank,13.7127933,76.9520584,Entry 4,600.0,0.0,600.0
Karnataka_Tumakuru_Sira_Ratnasandra_Doddagula,fmqmxaj4,No,Approved,Karnataka,Tumakuru,Sira,Ratnasandra,Doddagula,2024-11-11,800,100,80,Between 8 to 40 years,60,Riverbank,13.7101027,76.934876,Entry 4,2400.0,0.0,2400.0
Karnataka_Tumakuru_Sira_Ratnasandra_Muganahalli,fmkgtx2o,No,Approved,Karnataka,Tumakuru,Sira,Ratnasandra,Muganahalli,2024-11-05,600,100,80,Between 8 to 40 years,60,Riverbank,13.643669,76.9918397,Entry 4,1800.0,0.0,1800.0
Karnataka_Tumakuru_Sira_Ratnasandra_Nyayagere,fmq8bugr,No,Approved,Karnataka,Tumakuru,Sira,Ratnasandra,Nyayagere,2024-11-10,800,100,80,Between 8 to 40 years,50,Riverbank,13.7104827,76.9836957,Entry 4,2400.0,0.0,2400.0
Karnataka_Tumakuru_Sira_Ratnasandra_Padmapura,fms29nij,No,Approved,Karnataka,Tumakuru,Sira,Ratnasandra,Padmapura,2024-11-11,400,60,80,Between 8 to 40 years,60,Riverbank,13.7151536,76.9406275,Entry 4,1200.0,0.0,1200.0
Karnataka_Tumakuru_Sira_Ratnasandra_Ratnasandra,fmgu8kxl,No,Approved,Karnataka,Tumakuru,Sira,Ratnasandra,Ratnasandra,2024-11-05,400,60,80,Between 8 to 40 years,60,Riverbank,13.6984174,76.9557761,Entry 4,1200.0,0.0,1200.0
Karnataka_Tumakuru_Sira_Talagunda_Chinnenahalli,fmi1kzox,No,Approved,Karnataka,Tumakuru,Sira,Talagunda,Chinnenahalli,2024-11-12,1000,200,80,Between 8 to 40 years,60,Avenue,13.5920704,76.9964216,Entry 4,3000.0,0.0,3000.0
Karnataka_Tumakuru_Sira_Talagunda_Devagondanahalli,fmaanv2b,No,Approved,Karnataka,Tumakuru,Sira,Talagunda,Devagondanahalli,2024-11-05,400,80,80,Between 8 to 40 years,60,Riverbank,13.6432676,76.991842,Entry 4,1200.0,0.0,1200.0
Karnataka_Tumakuru_Sira_Talagunda_Doddachikkanahalli,fm5jp0f5,No,Approved,Karnataka,Tumakuru,Sira,Talagunda,Doddachikkanahalli,2024-11-05,400,60,80,Between 8 to 40 years,60,Riverbank,13.6564976,77.0245627,Entry 4,1200.0,0.0,1200.0
Karnataka_Tumakuru_Sira_Talagunda_Kalapura,fmk1alxh,No,Approved,Karnataka,Tumakuru,Sira,Talagunda,Kalapura,2024-11-05,300,50,80,Between 8 to 40 years,60,Riverbank,13.6430986,76.9916911,Entry 4,900.0,0.0,900.0
Karnataka_Tumakuru_Sira_Talagunda_Muchaveeranahalli,fmbektu5,No,Approved,Karnataka,Tumakuru,Sira,Talagunda,Muchaveeranahalli,2024-11-10,1000,100,60,Between 8 to 40 years,50,Riverbank,13.6390808,77.0008545,Entry 4,3000.0,0.0,3000.0
Karnataka_Tumakuru_Sira_Talagunda_Siradadu,fmgbngb8,No,Approved,Karnataka,Tumakuru,Sira,Talagunda,Siradadu,2024-11-10,800,100,80,Between 8 to 40 years,60,Riverbank,13.6352966,76.9982431,Entry 4,2400.0,0.0,2400.0
Karnataka_Tumakuru_Sira_Talagunda_Talagunda,fmh3p2dr,No,Approved,Karnataka,Tumakuru,Sira,Talagunda,Talagunda,2024-11-05,500,80,80,Between 8 to 40 years,60,Riverbank,13.6431056,76.9924706,Entry 4,1500.0,0.0,1500.0
Karnataka_Tumakuru_Sira_Tarur_Balabasavanahalli,fma06otw,No,Approved,Karnataka,Tumakuru,Sira,Tarur,Balabasavanahalli,2024-11-12,500,60,80,Between 8 to 40 years,60,Riverbank,13.609326,76.9716509,Entry 4,1500.0,0.0,1500.0
Karnataka_Tumakuru_Sira_Tarur_Balanapalya,fmnuemjn,No,Approved,Karnataka,Tumakuru,Sira,Tarur,Balanapalya,2024-11-12,400,50,80,Between 8 to 40 years,60,Riverbank,13.6311873,76.9802761,Entry 4,1200.0,0.0,1200.0
Karnataka_Tumakuru_Sira_Tarur_Hosamallanahalli,fmtegi5v,No,Approved,Karnataka,Tumakuru,Sira,Tarur,Hosamallanahalli,2024-11-12,500,80,80,Between 8 to 40 years,60,Riverbank,13.6140133,76.9934248,Entry 4,1500.0,0.0,1500.0
Karnataka_Tumakuru_Sira_Tarur_Kagelinganahalli,fmd0vfam,No,Approved,Karnataka,Tumakuru,Sira,Tarur,Kagelinganahalli,2024-11-12,600,80,80,Between 8 to 40 years,60,Riverbank,13.6132091,76.9811102,Entry 4,1800.0,0.0,1800.0
Karnataka_Tumakuru_Sira_Tarur_Karejavanahalli,fmtsdpvj,No,Approved,Karnataka,Tumakuru,Sira,Tarur,Karejavanahalli,2024-11-11,500,80,80,Between 8 to 40 years,60,Riverbank,13.6146959,76.9537608,Entry 4,1500.0,0.0,1500.0
Karnataka_Tumakuru_Sira_Tarur_Tarur,fmm3w3n5,No,Approved,Karnataka,Tumakuru,Sira,Tarur,Tarur,2024-11-12,600,80,80,Between 8 to 40 years,60,Riverbank,13.6167789,76.991069,Entry 4,1800.0,0.0,1800.0
Karnataka_Tumakuru_Sira_Tavarekere_Gajjarahalli,fmmx4125,No,Approved,Karnataka,Tumakuru,Sira,Tavarekere,Gajjarahalli,2024-11-14,500,100,80,Between 8 to 40 years,60,Riverbank,13.8017985,76.8235568,Entry 4,1500.0,0.0,1500.0
Karnataka_Tumakuru_Sira_Tavarekere_Tavarekere,fmvv5g3j,No,Approved,Karnataka,Tumakuru,Sira,Tavarekere,Tavarekere,2024-11-14,500,80,80,Between 8 to 40 years,60,Riverbank,13.8042843,76.8216003,Entry 4,1500.0,0.0,1500.0
Karnataka_Tumakuru_Sira_Unknown_Kambadahalli,fmgohu1y,No,Approved,Karnataka,Tumakuru,Sira,Unknown,Kambadahalli,2024-12-20,200,40,60,Between 8 to 40 years,50, Field Bund,13.7052644,76.860232,Entry 4,600.0,0.0,600.0
Karnataka_Tumakuru_Sira_Yaladabagi_Kataveeranahalli,fmwy2q26,No,Approved,Karnataka,Tumakuru,Sira,Yaladabagi,Kataveeranahalli,2024-11-21,700,80,60,Between 8 to 40 years,60,Riverbank,13.61162,76.9472993,Entry 4,2100.0,0.0,2100.0
Karnataka_Tumakuru_Sira_Yaladabagi_Mudimadu,fm2apm1x,No,Approved,Karnataka,Tumakuru,Sira,Yaladabagi,Mudimadu,2024-11-21,500,60,60,Between 8 to 40 years,60,Riverbank,13.6113607,76.9473945,Entry 4,1500.0,0.0,1500.0
Karnataka_Tumakuru_Sira_Yaladabagi_Yaladabagi,fmo0hd8k,No,Approved,Karnataka,Tumakuru,Sira,Yaladabagi,Yaladabagi,2024-11-21,600,80,50,Between 8 to 40 years,50,Riverbank,13.5883721,76.9377498,Entry 4,1800.0,0.0,1800.0
Karnataka_Tumakuru_Tumakuru_Beladara_Jakkenahalli,fmizv306,No,Approved,Karnataka,Tumakuru,Tumakuru,Beladara,Jakkenahalli,2024-10-30,100,20,80,Between 8 to 40 years,60,Riverbank,13.4418013,77.2082974,Entry 4,300.0,0.0,300.0
Karnataka_Tumakuru_Turuvekere_Anekere_Doddaghatta,fmtum7o0,No,Approved,Karnataka,Tumakuru,Turuvekere,Anekere,Doddaghatta,2024-12-27,100,30,60,Between 8 to 40 years,50, Field Bund,13.1618529,76.6222396,Entry 4,300.0,0.0,300.0
Karnataka_Tumakuru_Turuvekere_Anekere_Mallaghatta,fmhcuk9h,No,Approved,Karnataka,Tumakuru,Turuvekere,Anekere,Mallaghatta,2024-12-27,50,10,50,Between 8 to 40 years,50, Field Bund,13.1616476,76.6227127,Entry 4,150.0,0.0,150.0
Karnataka_Tumakuru_Turuvekere_Anekere_Somenahalli,fmk7dfu8,No,Approved,Karnataka,Tumakuru,Turuvekere,Anekere,Somenahalli,2024-12-27,100,20,60,Between 8 to 40 years,50, Field Bund,13.1618373,76.624554,Entry 4,300.0,0.0,300.0
Karnataka_Tumakuru_Turuvekere_Aremallenahalli_Aremallenahalli,fmfsvwod,No,Approved,Karnataka,Tumakuru,Turuvekere,Aremallenahalli,Aremallenahalli,2024-12-26,60,20,90,Between 8 to 40 years,60, Field Bund,13.0934104,76.6185178,Entry 4,180.0,0.0,180.0
Karnataka_Tumakuru_Turuvekere_Aremallenahalli_Biganenahalli,fmhmmdo5,No,Approved,Karnataka,Tumakuru,Turuvekere,Aremallenahalli,Biganenahalli,2024-12-26,60,20,90,Between 8 to 40 years,60, Field Bund,13.0679982,76.6315251,Entry 4,180.0,0.0,180.0
Karnataka_Tumakuru_Turuvekere_Aremallenahalli_Byadarakodigehalli,fm6zub01,No,Approved,Karnataka,Tumakuru,Turuvekere,Aremallenahalli,Byadarakodigehalli,2024-12-26,50,20,90,Between 8 to 40 years,50, Field Bund,13.0880494,76.6328103,Entry 4,150.0,0.0,150.0
Karnataka_Tumakuru_Turuvekere_Aremallenahalli_Halladahosahalli,fmbqhr1n,No,Approved,Karnataka,Tumakuru,Turuvekere,Aremallenahalli,Halladahosahalli,2024-12-26,40,10,80,Below 8 years,30, Field Bund,13.0526728,76.6307116,Entry 4,120.0,0.0,120.0
Karnataka_Tumakuru_Turuvekere_Aremallenahalli_Hulikal,fmdju973,No,Approved,Karnataka,Tumakuru,Turuvekere,Aremallenahalli,Hulikal,2024-12-29,50,10,50,Between 8 to 40 years,50, Field Bund,13.1538485,76.6338354,Entry 4,150.0,0.0,150.0
Karnataka_Tumakuru_Turuvekere_Aremallenahalli_Lakshmidevarahalli,fm68nb9p,No,Approved,Karnataka,Tumakuru,Turuvekere,Aremallenahalli,Lakshmidevarahalli,2024-12-26,30,10,80,Between 8 to 40 years,50, Field Bund,13.0598704,76.6451053,Entry 4,90.0,0.0,90.0
Karnataka_Tumakuru_Turuvekere_Aremallenahalli_Sopanahalli,fm536k85,Yes,Audit Approved,Karnataka,Tumakuru,Turuvekere,Aremallenahalli,Sopanahalli,2024-12-25,150,50,80,Between 8 to 40 years,50, Field Bund,13.1982562,76.7427653,Entry 4,450.0,0.0,450.0
Karnataka_Tumakuru_Turuvekere_Banasandra_Banasandra,fmh41d90,Yes,Audit Approved,Karnataka,Tumakuru,Turuvekere,Banasandra,Banasandra,2024-12-24,150,50,80,Between 8 to 40 years,60, Field Bund,13.2614607,76.657761,Entry 4,450.0,0.0,450.0
Karnataka_Tumakuru_Turuvekere_Banasandra_Bugudanahalli,fm3taggq,No,Approved,Karnataka,Tumakuru,Turuvekere,Banasandra,Bugudanahalli,2024-12-27,50,15,60,Between 8 to 40 years,50, Field Bund,13.2429265,76.6763206,Entry 4,150.0,0.0,150.0
Karnataka_Tumakuru_Turuvekere_Banasandra_Kunikenahalli,fmh8dnbg,No,Approved,Karnataka,Tumakuru,Turuvekere,Banasandra,Kunikenahalli,2024-12-27,30,10,60,Between 8 to 40 years,50, Field Bund,13.2427852,76.6765631,Entry 4,90.0,0.0,90.0
Karnataka_Tumakuru_Turuvekere_Dabbeghatta_Chikkabenakanakere,fmdk0r8j,No,Approved,Karnataka,Tumakuru,Turuvekere,Dabbeghatta,Chikkabenakanakere,2024-12-26,100,30,90,Between 8 to 40 years,40,,13.0122567,76.631932,Entry 4,300.0,0.0,300.0
Karnataka_Tumakuru_Turuvekere_Dabbeghatta_Dabbeghatta,fm8mbbtm,No,Approved,Karnataka,Tumakuru,Turuvekere,Dabbeghatta,Dabbeghatta,2024-12-26,150,40,80,Between 8 to 40 years,50, Field Bund,13.0424306,76.635995,Entry 4,450.0,0.0,450.0
Karnataka_Tumakuru_Turuvekere_Dabbeghatta_Gottikere,fmjh3h35,No,Approved,Karnataka,Tumakuru,Turuvekere,Dabbeghatta,Gottikere,2024-12-25,30,10,90,Between 8 to 40 years,30, Field Bund,13.179934,76.6966597,Entry 1,90.0,0.0,90.0
Karnataka_Tumakuru_Turuvekere_Goni_Tumkur_Badagarahalli,fm08zqq5,No,Approved,Karnataka,Tumakuru,Turuvekere,Goni Tumkur,Badagarahalli,2024-12-26,150,50,90,Between 8 to 40 years,60, Field Bund,13.0928853,76.6533906,Entry 4,450.0,0.0,450.0
Karnataka_Tumakuru_Turuvekere_Goni_Tumkur_Devihalli,fmrr7wj8,No,Approved,Karnataka,Tumakuru,Turuvekere,Goni Tumkur,Devihalli,2024-12-26,300,80,90,Between 8 to 40 years,50, Field Bund,13.1314637,76.6560686,Entry 4,900.0,0.0,900.0
Karnataka_Tumakuru_Turuvekere_Goni_Tumkur_Goni_Tumkur,fmvtstff,No,Approved,Karnataka,Tumakuru,Turuvekere,Goni Tumkur,Goni Tumkur,2024-12-26,100,30,90,Between 8 to 40 years,50, Field Bund,13.1153624,76.6610961,Entry 4,300.0,0.0,300.0
Karnataka_Tumakuru_Turuvekere_Goni_Tumkur_Kadehalli,fmeecezs,No,Approved,Karnataka,Tumakuru,Turuvekere,Goni Tumkur,Kadehalli,2024-12-26,80,20,90,Between 8 to 40 years,40, Field Bund,13.0812138,76.6522585,Entry 4,240.0,0.0,240.0
Karnataka_Tumakuru_Turuvekere_Goni_Tumkur_Naduvanahalli,fms4cdao,No,Approved,Karnataka,Tumakuru,Turuvekere,Goni Tumkur,Naduvanahalli,2024-12-26,80,20,80,Between 8 to 40 years,50, Field Bund,13.1133098,76.6519183,Entry 1,240.0,0.0,240.0
Karnataka_Tumakuru_Turuvekere_Goni_tumkur_Gandhigrama_both_are_same_village_name.,fmlpk9de,No,Approved,Karnataka,Tumakuru,Turuvekere,Goni tumkur,Gandhigrama both are same village name.,2024-12-26,100,30,80,Between 8 to 40 years,50, Field Bund,13.0751122,76.6502991,Entry 4,300.0,0.0,300.0
Karnataka_Tumakuru_Turuvekere_Hullekere_K_Koppa,fmsdtk39,No,Approved,Karnataka,Tumakuru,Turuvekere,Hullekere,K Koppa,2024-12-25,50,10,80,Between 8 to 40 years,40, Field Bund,13.2063273,76.718935,Entry 1,150.0,0.0,150.0
Karnataka_Tumakuru_Turuvekere_Kanathur_Aladahalli,fmrvv1zg,No,Approved,Karnataka,Tumakuru,Turuvekere,Kanathur,Aladahalli,2024-12-27,40,10,60,Between 8 to 40 years,50, Field Bund,13.1204287,76.5838855,Entry 4,120.0,0.0,120.0
Karnataka_Tumakuru_Turuvekere_Kodigehalli_Kodigehalli,fmn5ec1n,No,Approved,Karnataka,Tumakuru,Turuvekere,Kodigehalli,Kodigehalli,2024-12-27,30,8,60,Between 8 to 40 years,50, Field Bund,13.1633554,76.6444617,Entry 4,90.0,0.0,90.0
Karnataka_Tumakuru_Turuvekere_Kodigehalli_Sulekere,fmfnn7q3,No,Approved,Karnataka,Tumakuru,Turuvekere,Kodigehalli,Sulekere,2024-12-26,80,20,90,Between 8 to 40 years,60, Field Bund,13.1408479,76.6595713,Entry 4,240.0,0.0,240.0
Karnataka_Tumakuru_Turuvekere_Kodigehalli_Turuvekere,fmenrz7n,No,Approved,Karnataka,Tumakuru,Turuvekere,Kodigehalli,Turuvekere,2024-12-27,30,10,60,Between 8 to 40 years,50, Field Bund,13.1973495,76.673026,Entry 4,90.0,0.0,90.0
Karnataka_Tumakuru_Turuvekere_Kondajji_Chikkagoraghatta,fmz123v3,No,Approved,Karnataka,Tumakuru,Turuvekere,Kondajji,Chikkagoraghatta,2024-12-25,60,20,80,Between 8 to 40 years,40, Field Bund,13.1803153,76.7743174,Entry 4,180.0,0.0,180.0
Karnataka_Tumakuru_Turuvekere_Kondajji_Chimmanahalli,fmzm91j5,No,Approved,Karnataka,Tumakuru,Turuvekere,Kondajji,Chimmanahalli,2024-12-25,150,40,80,Between 8 to 40 years,60, Field Bund,13.1980973,76.7737791,Entry 4,450.0,0.0,450.0
Karnataka_Tumakuru_Turuvekere_Kondajji_D.Settihalli,fmawd2xu,No,Approved,Karnataka,Tumakuru,Turuvekere,Kondajji,D.Settihalli,2024-12-25,60,20,90,Between 8 to 40 years,40, Field Bund,13.1947352,76.7686906,Entry 4,180.0,0.0,180.0
Karnataka_Tumakuru_Turuvekere_Kondajji_Doddagoraghatta,fmvqzqzd,No,Approved,Karnataka,Tumakuru,Turuvekere,Kondajji,Doddagoraghatta,2024-12-25,150,50,90,Between 8 to 40 years,50,Riverbank,13.1757062,76.78513,Entry 4,450.0,0.0,450.0
Karnataka_Tumakuru_Turuvekere_Kondajji_Dombaranahalli,fm2x6fkk,No,Approved,Karnataka,Tumakuru,Turuvekere,Kondajji,Dombaranahalli,2024-12-25,70,20,80,Between 8 to 40 years,50, Field Bund,13.1961447,76.7608106,Entry 4,210.0,0.0,210.0
Karnataka_Tumakuru_Turuvekere_Kondajji_Harikaranahalli,fmqlpmtl,No,Approved,Karnataka,Tumakuru,Turuvekere,Kondajji,Harikaranahalli,2024-12-25,30,10,80,Below 8 years,40, Field Bund,13.1802736,76.7720003,Entry 1,90.0,0.0,90.0
Karnataka_Tumakuru_Turuvekere_Kondajji_Kallaboranahalli,fmuyi26d,Yes,Audit Approved,Karnataka,Tumakuru,Turuvekere,Kondajji,Kallaboranahalli,2024-12-25,150,50,90,Between 8 to 40 years,50, Field Bund,13.1983745,76.7239346,Entry 4,450.0,0.0,450.0
Karnataka_Tumakuru_Turuvekere_Kondajji_Karigondanahalli,fmy15f3g,No,Approved,Karnataka,Tumakuru,Turuvekere,Kondajji,Karigondanahalli,2024-12-25,80,20,90,Between 8 to 40 years,50, Field Bund,13.1874329,76.7482671,Entry 4,240.0,0.0,240.0
Karnataka_Tumakuru_Turuvekere_Kondajji_Kurigudupalya,fmksh3gt,No,Approved,Karnataka,Tumakuru,Turuvekere,Kondajji,Kurigudupalya,2024-12-25,50,10,80,Between 8 to 40 years,50, Field Bund,13.202386,76.7154971,Entry 1,150.0,0.0,150.0
Karnataka_Tumakuru_Turuvekere_Kondajji_Kurubarahalli,fm1dfqqt,No,Approved,Karnataka,Tumakuru,Turuvekere,Kondajji,Kurubarahalli,2024-12-25,30,10,90,Between 8 to 40 years,60, Field Bund,13.1924423,76.781165,Entry 1,90.0,0.0,90.0
Karnataka_Tumakuru_Turuvekere_Kondajji_Lalanakatte,fmahb5oe,Yes,Audit Approved,Karnataka,Tumakuru,Turuvekere,Kondajji,Lalanakatte,2024-12-25,250,50,80,Between 8 to 40 years,60, Field Bund,13.1938475,76.7162943,Entry 4,750.0,0.0,750.0
Karnataka_Tumakuru_Turuvekere_Kondajji_Madapattana,fmm31x0k,No,Approved,Karnataka,Tumakuru,Turuvekere,Kondajji,Madapattana,2024-12-25,60,20,80,Between 8 to 40 years,50, Field Bund,13.1743564,76.7145832,Entry 4,180.0,0.0,180.0
Karnataka_Tumakuru_Turuvekere_Lokammanahalli_Chowdenahalli,fmir33xq,No,Approved,Karnataka,Tumakuru,Turuvekere,Lokammanahalli,Chowdenahalli,2024-12-24,90,30,90,Between 8 to 40 years,40, Field Bund,13.1965848,76.6648276,Entry 4,270.0,0.0,270.0
Karnataka_Tumakuru_Turuvekere_Lokammanahalli_Haridasanahalli,fmekfo0l,No,Approved,Karnataka,Tumakuru,Turuvekere,Lokammanahalli,Haridasanahalli,2024-12-24,40,10,80,Between 8 to 40 years,50, Field Bund,13.228523,76.6539473,Entry 4,120.0,0.0,120.0
Karnataka_Tumakuru_Turuvekere_Lokammanahalli_Lokammanahalli,fmh0kvgm,No,Approved,Karnataka,Tumakuru,Turuvekere,Lokammanahalli,Lokammanahalli,2024-12-24,50,20,90,Between 8 to 40 years,60, Field Bund,13.2247177,76.6552647,Entry 1,150.0,0.0,150.0
Karnataka_Tumakuru_Turuvekere_Lokammanahalli_N.Ganganahalli,fmuizmbk,No,Approved,Karnataka,Tumakuru,Turuvekere,Lokammanahalli,N.Ganganahalli,2024-12-24,60,20,80,Between 8 to 40 years,60, Field Bund,13.2107595,76.6521951,Entry 4,180.0,0.0,180.0
Karnataka_Tumakuru_Turuvekere_Lokammanahalli_N.Manchenahalli,fm2yns31,Yes,Audit Approved,Karnataka,Tumakuru,Turuvekere,Lokammanahalli,N.Manchenahalli,2024-12-24,80,20,90,Between 8 to 40 years,70, Field Bund,13.2195721,76.6458979,Entry 4,240.0,0.0,240.0
Karnataka_Tumakuru_Turuvekere_Lokammanahalli_N.Mavinahalli,fmo0ugw1,No,Approved,Karnataka,Tumakuru,Turuvekere,Lokammanahalli,N.Mavinahalli,2024-12-24,80,20,80,Between 8 to 40 years,50, Field Bund,13.2112821,76.638935,Entry 4,240.0,0.0,240.0
Karnataka_Tumakuru_Turuvekere_Lokammanahalli_Neeragunda,fmu9aaz4,Yes,Audit Approved,Karnataka,Tumakuru,Turuvekere,Lokammanahalli,Neeragunda,2024-12-24,150,40,80,Between 8 to 40 years,50, Field Bund,13.2213463,76.6365529,Entry 4,450.0,0.0,450.0
Karnataka_Tumakuru_Turuvekere_Lokammanahalli_Tavarekere,fm3dhqi1,No,Approved,Karnataka,Tumakuru,Turuvekere,Lokammanahalli,Tavarekere,2024-12-24,50,10,80,Between 8 to 40 years,80, Field Bund,13.1927726,76.6653448,Entry 1,150.0,0.0,150.0
Karnataka_Tumakuru_Turuvekere_Madihalli_Anemale,fmg5oczu,No,Approved,Karnataka,Tumakuru,Turuvekere,Madihalli,Anemale,2024-12-28,50,20,90,Between 8 to 40 years,50, Field Bund,13.1563528,76.7152505,Entry 1,150.0,0.0,150.0
Karnataka_Tumakuru_Turuvekere_Madihalli_Aralikere,fmjke1q0,No,Approved,Karnataka,Tumakuru,Turuvekere,Madihalli,Aralikere,2024-12-27,30,10,90,Between 8 to 40 years,40, Field Bund,13.1466067,76.6844618,Entry 1,90.0,0.0,90.0
Karnataka_Tumakuru_Turuvekere_Madihalli_Chikkonahalli,fmpej0pt,No,Approved,Karnataka,Tumakuru,Turuvekere,Madihalli,Chikkonahalli,2024-12-27,80,20,90,Between 8 to 40 years,60, Field Bund,13.1300876,76.7042367,Entry 4,240.0,0.0,240.0
Karnataka_Tumakuru_Turuvekere_Madihalli_Dwaranahalli,fm6ya44j,No,Approved,Karnataka,Tumakuru,Turuvekere,Madihalli,Dwaranahalli,2024-12-27,100,40,90,Between 8 to 40 years,60, Field Bund,13.1429531,76.7150545,Entry 4,300.0,0.0,300.0
Karnataka_Tumakuru_Turuvekere_Madihalli_Kallanakere,fmivrxnu,No,Approved,Karnataka,Tumakuru,Turuvekere,Madihalli,Kallanakere,2024-12-27,50,20,80,Between 8 to 40 years,40, Field Bund,13.1303012,76.7047767,Entry 1,150.0,0.0,150.0
Karnataka_Tumakuru_Turuvekere_Madihalli_Madihalli,fmwooi8q,No,Approved,Karnataka,Tumakuru,Turuvekere,Madihalli,Madihalli,2024-12-28,80,20,90,Between 8 to 40 years,60, Field Bund,13.153853,76.7002675,Entry 4,240.0,0.0,240.0
Karnataka_Tumakuru_Turuvekere_Madihalli_Sangalapura,fmfda9xc,No,Approved,Karnataka,Tumakuru,Turuvekere,Madihalli,Sangalapura,2024-12-27,200,50,90,Between 8 to 40 years,40, Field Bund,13.1376095,76.6874754,Entry 4,600.0,0.0,600.0
Karnataka_Tumakuru_Turuvekere_Madihalli_Sunkalapura,fmk1fpfn,No,Approved,Karnataka,Tumakuru,Turuvekere,Madihalli,Sunkalapura,2024-12-28,150,50,80,Between 8 to 40 years,50, Field Bund,13.145468,76.7060531,Entry 4,450.0,0.0,450.0
Karnataka_Tumakuru_Turuvekere_Madihalli_Vishwanathapura,fmiak6hz,No,Approved,Karnataka,Tumakuru,Turuvekere,Madihalli,Vishwanathapura,2024-12-27,40,10,80,Between 8 to 40 years,40, Field Bund,13.1548419,76.6769907,Entry 1,120.0,0.0,120.0
Karnataka_Tumakuru_Turuvekere_Manichendur_Guddenahalli,fm6am8jl,No,Approved,Karnataka,Tumakuru,Turuvekere,Manichendur,Guddenahalli,2024-12-27,50,10,60,Between 8 to 40 years,50, Field Bund,13.1619977,76.6367211,Entry 4,150.0,0.0,150.0
Karnataka_Tumakuru_Turuvekere_Muniyur_Anandapalya,fmznrtpk,No,Approved,Karnataka,Tumakuru,Turuvekere,Muniyur,Anandapalya,2024-12-25,70,20,90,Between 8 to 40 years,40, Field Bund,13.1760831,76.6704372,Entry 1,210.0,0.0,210.0
Karnataka_Tumakuru_Turuvekere_Muniyur_Gattinayakanapura,fmqiarux,Yes,Audit Approved,Karnataka,Tumakuru,Turuvekere,Muniyur,Gattinayakanapura,2024-12-25,80,20,90,Between 8 to 40 years,50, Field Bund,13.1761938,76.6850056,Entry 4,240.0,0.0,240.0
Karnataka_Tumakuru_Turuvekere_Muniyur_Srirampura,fmp3snfc,Yes,Audit Approved,Karnataka,Tumakuru,Turuvekere,Muniyur,Srirampura,2024-12-25,90,25,90,Between 8 to 40 years,60, Field Bund,13.182419,76.7036361,Entry 4,270.0,0.0,270.0
Karnataka_Tumakuru_Turuvekere_Muthugadahalli_Chikkapura,fmg30vuh,No,Approved,Karnataka,Tumakuru,Turuvekere,Muthugadahalli,Chikkapura,2024-12-27,70,20,90,Between 8 to 40 years,60, Field Bund,13.097825,76.7302079,Entry 4,210.0,0.0,210.0
Karnataka_Tumakuru_Turuvekere_Muthugadahalli_Headdanakatte,fmcflk6v,No,Approved,Karnataka,Tumakuru,Turuvekere,Muthugadahalli,Headdanakatte,2024-12-27,50,20,90,Between 8 to 40 years,50, Field Bund,13.1189508,76.7249466,Entry 4,150.0,0.0,150.0
Karnataka_Tumakuru_Turuvekere_Muthugadahalli_Kachihalli,fm7jjge0,No,Approved,Karnataka,Tumakuru,Turuvekere,Muthugadahalli,Kachihalli,2024-12-27,40,10,80,Between 8 to 40 years,50, Field Bund,13.1073234,76.7175776,Entry 4,120.0,0.0,120.0
Karnataka_Tumakuru_Turuvekere_Muthugadahalli_Maddanahalli,fmnztqef,No,Approved,Karnataka,Tumakuru,Turuvekere,Muthugadahalli,Maddanahalli,2024-12-27,40,10,80,Between 8 to 40 years,50, Field Bund,13.11746,76.7171507,Entry 4,120.0,0.0,120.0
Karnataka_Tumakuru_Turuvekere_Muthugadahalli_Muthugadahalli,fmd1abag,No,Approved,Karnataka,Tumakuru,Turuvekere,Muthugadahalli,Muthugadahalli,2024-12-27,50,10,80,Between 8 to 40 years,40, Field Bund,13.1050739,76.7193051,Entry 1,150.0,0.0,150.0
Karnataka_Tumakuru_Turuvekere_Muthugadahalli_Nandikalkere,fmyexdqm,No,Approved,Karnataka,Tumakuru,Turuvekere,Muthugadahalli,Nandikalkere,2024-12-27,40,10,90,Between 8 to 40 years,50, Field Bund,13.1033919,76.7401452,Entry 4,120.0,0.0,120.0
Karnataka_Tumakuru_Turuvekere_Sampige_Akkalasandra,fm7w5jwr,No,Approved,Karnataka,Tumakuru,Turuvekere,Sampige,Akkalasandra,2024-12-25,30,10,80,Between 8 to 40 years,50, Field Bund,13.2146637,76.7593969,Entry 1,90.0,0.0,90.0
Karnataka_Tumakuru_Turuvekere_Sampige_Tovinakere,fmnw0tlj,Yes,Audit Approved,Karnataka,Tumakuru,Turuvekere,Sampige,Tovinakere,2024-12-25,200,50,80,Between 8 to 40 years,60, Field Bund,13.2043323,76.7478049,Entry 4,600.0,0.0,600.0
Karnataka_Tumakuru_Turuvekere_Soravanahalli_Kerevalagerehalli,fmghbn2a,No,Approved,Karnataka,Tumakuru,Turuvekere,Soravanahalli,Kerevalagerehalli,2024-12-28,30,10,80,Between 8 to 40 years,40, Field Bund,13.1028775,76.7522511,Entry 1,90.0,0.0,90.0
Karnataka_Tumakuru_Turuvekere_Talakere_Kalkere,fm4g2er1,No,Approved,Karnataka,Tumakuru,Turuvekere,Talakere,Kalkere,2024-12-29,150,50,60,Between 8 to 40 years,50, Field Bund,13.1546632,76.6343715,Entry 4,450.0,0.0,450.0
Karnataka_Tumakuru_Turuvekere_Talakere_Mangikuppe,fm1iyyg4,No,Approved,Karnataka,Tumakuru,Turuvekere,Talakere,Mangikuppe,2024-12-27,60,20,90,Between 8 to 40 years,50, Field Bund,13.1381911,76.7235686,Entry 4,180.0,0.0,180.0
Karnataka_Tumakuru_Turuvekere_Talakere_Talkere,fmqiuxvr,No,Approved,Karnataka,Tumakuru,Turuvekere,Talakere,Talkere,2024-12-28,70,20,90,Between 8 to 40 years,40, Field Bund,13.155115,76.7474536,Entry 4,210.0,0.0,210.0
Karnataka_Tumakuru_Turuvekere_Tandaga_Basavanahalli,fm36n71a,No,Approved,Karnataka,Tumakuru,Turuvekere,Tandaga,Basavanahalli,2024-12-24,100,30,90,Between 8 to 40 years,40, Field Bund,13.2051016,76.6679407,Entry 4,300.0,0.0,300.0
Karnataka_Tumakuru_Turuvekere_Tandaga_Chandrapura,fm8c4xx1,No,Approved,Karnataka,Tumakuru,Turuvekere,Tandaga,Chandrapura,2024-12-27,200,60,60,Between 8 to 40 years,50,Block Plantation,13.1235937,76.5955933,Entry 4,600.0,0.0,600.0
Karnataka_Tumakuru_Turuvekere_Tandaga_Chikkahalli_Kaval,fmewg4o3,No,Approved,Karnataka,Tumakuru,Turuvekere,Tandaga,Chikkahalli Kaval,2024-12-27,50,10,60,Between 8 to 40 years,50, Field Bund,13.154155,76.5988761,Entry 4,150.0,0.0,150.0
Karnataka_Tumakuru_Turuvekere_Tandaga_Govindaghatta,fm610jm0,No,Approved,Karnataka,Tumakuru,Turuvekere,Tandaga,Govindaghatta,2024-12-27,60,15,60,Between 8 to 40 years,50, Field Bund,13.1395446,76.5982705,Entry 4,180.0,0.0,180.0
Karnataka_Tumakuru_Turuvekere_Tandaga_Kolala,fmnnjawp,No,Approved,Karnataka,Tumakuru,Turuvekere,Tandaga,Kolala,2024-12-29,70,20,60,Between 8 to 40 years,50, Field Bund,13.128261,76.6214709,Entry 4,210.0,0.0,210.0
Karnataka_Tumakuru_Turuvekere_Tandaga_Marappanahalli,fmajyepc,No,Approved,Karnataka,Tumakuru,Turuvekere,Tandaga,Marappanahalli,2024-12-27,100,15,50,Between 8 to 40 years,50, Field Bund,13.1483725,76.5983078,Entry 4,300.0,0.0,300.0
Karnataka_Tumakuru_Turuvekere_Tandaga_Sadarahalli,fm74wd5r,No,Approved,Karnataka,Tumakuru,Turuvekere,Tandaga,Sadarahalli,2024-12-27,100,20,60,Between 8 to 40 years,50, Field Bund,13.1369559,76.5875852,Entry 4,300.0,0.0,300.0
Karnataka_Tumakuru_Turuvekere_Tandaga_Thandaga,fmlo7j60,No,Approved,Karnataka,Tumakuru,Turuvekere,Tandaga,Thandaga,2024-12-27,300,200,50,Between 8 to 40 years,60,Riverbank,13.1270844,76.5967923,Entry 4,900.0,0.0,900.0
Karnataka_Tumakuru_Turuvekere_Tandaga_Vittaladevarahalli,fmb1yp6i,No,Approved,Karnataka,Tumakuru,Turuvekere,Tandaga,Vittaladevarahalli,2024-12-29,100,20,50,Between 8 to 40 years,50, Field Bund,13.1521822,76.6333239,Entry 4,300.0,0.0,300.0
Karnataka_Tumakuru_Turuvekere_Thalakere_Puttamadihalli,fmset6l,No,Approved,Karnataka,Tumakuru,Turuvekere,Thalakere,Puttamadihalli,2024-12-28,80,20,90,Between 8 to 40 years,40, Field Bund,13.1560367,76.7301387,Entry 4,240.0,0.0,240.0
